Shop Name,Product ID,Item Name,Price,Shipping Cost,Delivery Time,Return Policy,Stock Status,Avg. Rating,Promotions,Loyalty Program,Customer Support,Countries Served
Shop_1,Shop_1_P0001,Item_1,7266,153,5 days,14 days,Out of Stock,3.4,None,No,4.8/5,India
Shop_1,Shop_1_P0002,Item_2,24013,259,3 days,7 days,In Stock,4.8,10% off,No,3.3/5,India
Shop_1,Shop_1_P0003,Item_3,17378,261,4 days,7 days,In Stock,3.6,Free shipping,No,4.3/5,India
Shop_1,Shop_1_P0004,Item_4,34415,148,5 days,30 days,In Stock,4.6,Free shipping,Yes,4.8/5,India
Shop_1,Shop_1_P0005,Item_5,43636,388,2 days,14 days,In Stock,4.7,Free shipping,Yes,3.6/5,India
Shop_1,Shop_1_P0006,Item_6,13282,316,2 days,30 days,Out of Stock,3.2,10% off,No,4.8/5,India
Shop_1,Shop_1_P0007,Item_7,36745,346,7 days,30 days,In Stock,3.3,Free shipping,Yes,4.9/5,India
Shop_1,Shop_1_P0008,Item_8,26265,184,7 days,30 days,Out of Stock,4.4,10% off,Yes,4.9/5,India
Shop_1,Shop_1_P0009,Item_9,2661,453,7 days,30 days,In Stock,3.9,None,No,4.1/5,India
Shop_1,Shop_1_P0010,Item_10,40108,377,5 days,30 days,In Stock,4.5,Free shipping,No,4.1/5,India
Shop_1,Shop_1_P0011,Item_11,20817,220,6 days,30 days,Out of Stock,4.5,Free shipping,No,4.7/5,India
Shop_1,Shop_1_P0012,Item_12,36848,471,7 days,7 days,Out of Stock,4.1,Free shipping,Yes,3.6/5,India
Shop_1,Shop_1_P0013,Item_13,47748,643,5 days,30 days,Out of Stock,4.5,Free shipping,Yes,4.0/5,India
Shop_1,Shop_1_P0014,Item_14,48499,233,7 days,14 days,Out of Stock,4.2,Free shipping,No,3.0/5,India
Shop_1,Shop_1_P0015,Item_15,41489,131,6 days,30 days,Out of Stock,4.7,10% off,No,3.1/5,India
Shop_1,Shop_1_P0016,Item_16,14254,486,4 days,7 days,Out of Stock,4.1,None,No,3.9/5,India
Shop_1,Shop_1_P0017,Item_17,41667,438,3 days,7 days,In Stock,4.6,None,No,3.5/5,India
Shop_1,Shop_1_P0018,Item_18,43150,538,6 days,14 days,Out of Stock,4.1,Free shipping,No,3.1/5,India
Shop_1,Shop_1_P0019,Item_19,25978,308,4 days,30 days,Out of Stock,4.6,10% off,Yes,4.2/5,India
Shop_1,Shop_1_P0020,Item_20,39631,337,7 days,7 days,Out of Stock,4.2,None,No,4.1/5,India
Shop_1,Shop_1_P0021,Item_21,17900,310,3 days,30 days,In Stock,3.6,Free shipping,No,4.9/5,India
Shop_1,Shop_1_P0022,Item_22,16909,94,3 days,14 days,Out of Stock,4.4,10% off,No,4.2/5,India
Shop_1,Shop_1_P0023,Item_23,7343,692,2 days,14 days,In Stock,3.2,None,Yes,4.1/5,India
Shop_1,Shop_1_P0024,Item_24,788,213,3 days,7 days,In Stock,3.6,10% off,Yes,4.2/5,India
Shop_1,Shop_1_P0025,Item_25,39301,649,6 days,14 days,In Stock,4.5,None,Yes,3.9/5,India
Shop_1,Shop_1_P0026,Item_26,45271,577,7 days,14 days,Out of Stock,4.7,10% off,Yes,4.5/5,India
Shop_1,Shop_1_P0027,Item_27,12065,684,6 days,7 days,In Stock,4.1,None,No,3.1/5,India
Shop_1,Shop_1_P0028,Item_28,14298,518,7 days,14 days,Out of Stock,3.6,10% off,Yes,3.5/5,India
Shop_1,Shop_1_P0029,Item_29,24667,224,7 days,14 days,In Stock,4.1,10% off,Yes,3.3/5,India
Shop_1,Shop_1_P0030,Item_30,1404,370,5 days,30 days,In Stock,3.4,10% off,Yes,4.0/5,India
Shop_1,Shop_1_P0031,Item_31,46273,23,7 days,14 days,In Stock,4.5,Free shipping,No,4.9/5,India
Shop_1,Shop_1_P0032,Item_32,48299,243,5 days,14 days,Out of Stock,4.1,10% off,Yes,3.5/5,India
Shop_1,Shop_1_P0033,Item_33,42503,90,5 days,7 days,Out of Stock,4.5,None,No,3.6/5,India
Shop_1,Shop_1_P0034,Item_34,18769,495,4 days,14 days,In Stock,3.6,10% off,No,3.7/5,India
Shop_1,Shop_1_P0035,Item_35,22184,462,4 days,7 days,In Stock,3.3,10% off,No,3.9/5,India
Shop_1,Shop_1_P0036,Item_36,12112,165,1 days,14 days,In Stock,4.2,Free shipping,No,3.9/5,India
Shop_1,Shop_1_P0037,Item_37,30971,303,1 days,14 days,In Stock,4.7,None,Yes,3.5/5,India
Shop_1,Shop_1_P0038,Item_38,46383,308,5 days,30 days,In Stock,3.6,None,No,4.6/5,India
Shop_1,Shop_1_P0039,Item_39,33520,390,3 days,14 days,In Stock,4.5,10% off,No,4.3/5,India
Shop_1,Shop_1_P0040,Item_40,30105,100,7 days,14 days,Out of Stock,3.3,Free shipping,Yes,4.3/5,India
Shop_1,Shop_1_P0041,Item_41,23520,692,1 days,14 days,Out of Stock,3.9,10% off,Yes,4.0/5,India
Shop_1,Shop_1_P0042,Item_42,28525,206,2 days,7 days,Out of Stock,4.6,None,Yes,4.7/5,India
Shop_1,Shop_1_P0043,Item_43,20085,578,3 days,14 days,Out of Stock,4.8,Free shipping,Yes,4.2/5,India
Shop_1,Shop_1_P0044,Item_44,11753,280,2 days,7 days,Out of Stock,4.8,Free shipping,No,3.1/5,India
Shop_1,Shop_1_P0045,Item_45,15635,606,2 days,7 days,In Stock,4.2,None,Yes,3.6/5,India
Shop_1,Shop_1_P0046,Item_46,15484,536,5 days,7 days,Out of Stock,3.6,Free shipping,No,4.5/5,India
Shop_1,Shop_1_P0047,Item_47,39777,109,7 days,7 days,In Stock,3.4,None,No,4.0/5,India
Shop_1,Shop_1_P0048,Item_48,25331,343,3 days,30 days,In Stock,3.9,Free shipping,Yes,3.3/5,India
Shop_1,Shop_1_P0049,Item_49,49476,226,1 days,7 days,In Stock,3.3,Free shipping,No,4.4/5,India
Shop_1,Shop_1_P0050,Item_50,20415,186,2 days,14 days,In Stock,4.0,Free shipping,Yes,4.8/5,India
Shop_1,Shop_1_P0051,Item_51,9276,425,4 days,7 days,Out of Stock,4.2,Free shipping,Yes,3.5/5,India
Shop_1,Shop_1_P0052,Item_52,34400,176,6 days,30 days,Out of Stock,3.3,10% off,No,4.4/5,India
Shop_1,Shop_1_P0053,Item_53,20651,266,6 days,7 days,Out of Stock,4.9,Free shipping,No,4.6/5,India
Shop_1,Shop_1_P0054,Item_54,27219,315,4 days,30 days,Out of Stock,3.9,Free shipping,No,3.7/5,India
Shop_1,Shop_1_P0055,Item_55,7039,166,5 days,14 days,Out of Stock,4.2,None,Yes,4.0/5,India
Shop_1,Shop_1_P0056,Item_56,10813,666,4 days,30 days,Out of Stock,4.6,10% off,No,3.1/5,India
Shop_1,Shop_1_P0057,Item_57,18191,326,3 days,14 days,Out of Stock,3.4,10% off,No,4.8/5,India
Shop_1,Shop_1_P0058,Item_58,37912,617,6 days,14 days,Out of Stock,4.3,10% off,Yes,3.7/5,India
Shop_1,Shop_1_P0059,Item_59,10793,560,6 days,7 days,Out of Stock,4.0,Free shipping,Yes,4.7/5,India
Shop_1,Shop_1_P0060,Item_60,45227,477,5 days,30 days,Out of Stock,4.8,None,No,4.3/5,India
Shop_1,Shop_1_P0061,Item_61,28432,454,3 days,14 days,In Stock,3.5,10% off,No,3.7/5,India
Shop_1,Shop_1_P0062,Item_62,42856,209,7 days,7 days,In Stock,4.8,Free shipping,No,4.4/5,India
Shop_1,Shop_1_P0063,Item_63,29895,648,1 days,7 days,Out of Stock,3.1,10% off,Yes,4.9/5,India
Shop_1,Shop_1_P0064,Item_64,14797,288,7 days,14 days,Out of Stock,3.7,None,Yes,3.5/5,India
Shop_1,Shop_1_P0065,Item_65,10846,412,5 days,14 days,Out of Stock,4.3,Free shipping,Yes,3.2/5,India
Shop_1,Shop_1_P0066,Item_66,36948,534,7 days,7 days,In Stock,4.8,None,No,4.4/5,India
Shop_1,Shop_1_P0067,Item_67,31964,682,1 days,30 days,In Stock,4.5,None,Yes,3.3/5,India
Shop_1,Shop_1_P0068,Item_68,38655,40,2 days,14 days,In Stock,3.4,10% off,Yes,4.0/5,India
Shop_1,Shop_1_P0069,Item_69,644,491,2 days,7 days,Out of Stock,3.4,10% off,No,3.4/5,India
Shop_1,Shop_1_P0070,Item_70,31777,685,3 days,30 days,Out of Stock,3.2,Free shipping,No,3.4/5,India
Shop_1,Shop_1_P0071,Item_71,5190,638,5 days,30 days,Out of Stock,4.4,Free shipping,Yes,3.0/5,India
Shop_1,Shop_1_P0072,Item_72,23026,42,6 days,7 days,Out of Stock,4.5,10% off,No,3.1/5,India
Shop_1,Shop_1_P0073,Item_73,47931,30,6 days,7 days,Out of Stock,4.5,Free shipping,No,4.1/5,India
Shop_1,Shop_1_P0074,Item_74,8099,525,5 days,14 days,Out of Stock,3.2,None,Yes,4.2/5,India
Shop_1,Shop_1_P0075,Item_75,42156,246,4 days,30 days,In Stock,4.8,Free shipping,Yes,4.3/5,India
Shop_1,Shop_1_P0076,Item_76,39201,24,5 days,7 days,Out of Stock,3.7,10% off,No,3.6/5,India
Shop_1,Shop_1_P0077,Item_77,48735,107,7 days,30 days,Out of Stock,4.4,10% off,Yes,3.8/5,India
Shop_1,Shop_1_P0078,Item_78,10095,266,5 days,7 days,Out of Stock,4.9,Free shipping,Yes,4.0/5,India
Shop_1,Shop_1_P0079,Item_79,24167,626,4 days,14 days,In Stock,3.7,10% off,Yes,4.0/5,India
Shop_1,Shop_1_P0080,Item_80,17564,402,1 days,30 days,In Stock,4.4,Free shipping,No,3.5/5,India
Shop_1,Shop_1_P0081,Item_81,39680,218,3 days,14 days,In Stock,3.9,Free shipping,Yes,4.2/5,India
Shop_1,Shop_1_P0082,Item_82,21262,531,5 days,7 days,Out of Stock,3.6,None,Yes,5.0/5,India
Shop_1,Shop_1_P0083,Item_83,24008,504,5 days,14 days,In Stock,3.3,Free shipping,No,3.0/5,India
Shop_1,Shop_1_P0084,Item_84,13084,262,2 days,14 days,In Stock,4.1,None,No,3.0/5,India
Shop_1,Shop_1_P0085,Item_85,48914,62,7 days,7 days,Out of Stock,4.4,10% off,Yes,4.3/5,India
Shop_1,Shop_1_P0086,Item_86,26405,134,5 days,7 days,Out of Stock,4.9,None,No,4.2/5,India
Shop_1,Shop_1_P0087,Item_87,2479,505,6 days,7 days,Out of Stock,3.5,Free shipping,No,4.5/5,India
Shop_1,Shop_1_P0088,Item_88,28743,368,3 days,14 days,Out of Stock,4.6,None,Yes,3.9/5,India
Shop_1,Shop_1_P0089,Item_89,26326,559,5 days,14 days,Out of Stock,4.4,Free shipping,No,4.1/5,India
Shop_1,Shop_1_P0090,Item_90,24669,58,4 days,30 days,In Stock,3.2,Free shipping,No,3.7/5,India
Shop_1,Shop_1_P0091,Item_91,24456,139,5 days,14 days,In Stock,3.5,10% off,No,4.5/5,India
Shop_1,Shop_1_P0092,Item_92,4587,480,2 days,30 days,In Stock,3.3,10% off,No,4.9/5,India
Shop_1,Shop_1_P0093,Item_93,13051,256,5 days,30 days,In Stock,3.9,10% off,Yes,3.6/5,India
Shop_1,Shop_1_P0094,Item_94,25940,415,2 days,30 days,In Stock,3.3,Free shipping,No,3.8/5,India
Shop_1,Shop_1_P0095,Item_95,33060,418,6 days,7 days,Out of Stock,3.0,None,No,4.9/5,India
Shop_1,Shop_1_P0096,Item_96,35789,124,5 days,14 days,In Stock,3.7,10% off,Yes,4.2/5,India
Shop_1,Shop_1_P0097,Item_97,18063,94,6 days,7 days,In Stock,4.2,Free shipping,Yes,4.1/5,India
Shop_1,Shop_1_P0098,Item_98,18665,82,1 days,30 days,Out of Stock,3.1,None,No,3.2/5,India
Shop_1,Shop_1_P0099,Item_99,25258,229,1 days,30 days,In Stock,4.0,None,Yes,3.6/5,India
Shop_1,Shop_1_P0100,Item_100,28776,372,3 days,30 days,In Stock,3.1,Free shipping,No,3.1/5,India
Shop_2,Shop_2_P0001,Item_1,25811,553,7 days,7 days,Out of Stock,4.0,10% off,No,4.8/5,India
Shop_2,Shop_2_P0002,Item_2,44526,145,5 days,30 days,In Stock,3.8,None,No,4.6/5,India
Shop_2,Shop_2_P0003,Item_3,49721,107,1 days,30 days,In Stock,4.1,10% off,Yes,4.1/5,India
Shop_2,Shop_2_P0004,Item_4,15957,271,2 days,30 days,In Stock,3.1,10% off,No,3.5/5,India
Shop_2,Shop_2_P0005,Item_5,10687,469,1 days,7 days,In Stock,4.3,None,Yes,3.2/5,India
Shop_2,Shop_2_P0006,Item_6,27565,454,3 days,7 days,In Stock,4.6,Free shipping,Yes,4.6/5,India
Shop_2,Shop_2_P0007,Item_7,31103,535,1 days,14 days,Out of Stock,3.6,None,No,3.3/5,India
Shop_2,Shop_2_P0008,Item_8,21751,465,5 days,30 days,In Stock,3.2,10% off,Yes,4.5/5,India
Shop_2,Shop_2_P0009,Item_9,31859,149,5 days,14 days,Out of Stock,3.6,10% off,No,3.1/5,India
Shop_2,Shop_2_P0010,Item_10,23982,537,7 days,14 days,In Stock,3.7,None,Yes,3.8/5,India
Shop_2,Shop_2_P0011,Item_11,25011,682,3 days,14 days,Out of Stock,3.6,None,Yes,4.5/5,India
Shop_2,Shop_2_P0012,Item_12,10242,207,1 days,14 days,In Stock,4.4,Free shipping,No,3.3/5,India
Shop_2,Shop_2_P0013,Item_13,22028,67,3 days,7 days,Out of Stock,3.3,10% off,No,4.3/5,India
Shop_2,Shop_2_P0014,Item_14,29981,176,2 days,7 days,In Stock,4.8,10% off,Yes,4.6/5,India
Shop_2,Shop_2_P0015,Item_15,42653,259,1 days,7 days,Out of Stock,3.5,10% off,No,4.7/5,India
Shop_2,Shop_2_P0016,Item_16,10897,59,3 days,7 days,Out of Stock,3.1,None,No,4.3/5,India
Shop_2,Shop_2_P0017,Item_17,610,232,7 days,30 days,In Stock,3.4,Free shipping,Yes,4.1/5,India
Shop_2,Shop_2_P0018,Item_18,35023,431,4 days,30 days,In Stock,3.3,10% off,Yes,4.1/5,India
Shop_2,Shop_2_P0019,Item_19,47230,493,7 days,30 days,Out of Stock,3.8,Free shipping,Yes,3.9/5,India
Shop_2,Shop_2_P0020,Item_20,30648,579,6 days,30 days,In Stock,4.7,10% off,Yes,4.5/5,India
Shop_2,Shop_2_P0021,Item_21,13216,40,3 days,7 days,Out of Stock,4.7,Free shipping,Yes,4.7/5,India
Shop_2,Shop_2_P0022,Item_22,3966,123,6 days,7 days,Out of Stock,3.0,Free shipping,Yes,4.1/5,India
Shop_2,Shop_2_P0023,Item_23,28106,616,6 days,30 days,Out of Stock,4.6,Free shipping,Yes,3.7/5,India
Shop_2,Shop_2_P0024,Item_24,39705,294,1 days,7 days,In Stock,5.0,10% off,Yes,3.6/5,India
Shop_2,Shop_2_P0025,Item_25,14647,685,5 days,30 days,Out of Stock,3.2,Free shipping,No,3.2/5,India
Shop_2,Shop_2_P0026,Item_26,48856,374,5 days,7 days,Out of Stock,3.7,None,Yes,3.5/5,India
Shop_2,Shop_2_P0027,Item_27,37659,591,7 days,30 days,Out of Stock,4.6,None,Yes,4.6/5,India
Shop_2,Shop_2_P0028,Item_28,46206,50,4 days,30 days,Out of Stock,3.9,10% off,No,3.2/5,India
Shop_2,Shop_2_P0029,Item_29,18500,463,4 days,7 days,Out of Stock,3.4,Free shipping,No,4.7/5,India
Shop_2,Shop_2_P0030,Item_30,27554,298,3 days,30 days,In Stock,3.9,10% off,No,4.9/5,India
Shop_2,Shop_2_P0031,Item_31,10361,121,7 days,14 days,Out of Stock,5.0,10% off,Yes,4.3/5,India
Shop_2,Shop_2_P0032,Item_32,5344,278,1 days,7 days,Out of Stock,4.5,Free shipping,Yes,4.2/5,India
Shop_2,Shop_2_P0033,Item_33,40483,400,4 days,7 days,In Stock,4.4,None,No,4.3/5,India
Shop_2,Shop_2_P0034,Item_34,39355,249,2 days,30 days,In Stock,3.2,None,No,4.0/5,India
Shop_2,Shop_2_P0035,Item_35,25210,431,2 days,7 days,Out of Stock,4.7,Free shipping,Yes,4.5/5,India
Shop_2,Shop_2_P0036,Item_36,21195,160,6 days,14 days,In Stock,4.6,Free shipping,Yes,3.2/5,India
Shop_2,Shop_2_P0037,Item_37,18173,363,3 days,7 days,Out of Stock,3.4,None,No,5.0/5,India
Shop_2,Shop_2_P0038,Item_38,40524,558,6 days,14 days,In Stock,4.4,Free shipping,No,4.3/5,India
Shop_2,Shop_2_P0039,Item_39,22148,117,6 days,14 days,Out of Stock,3.4,Free shipping,No,3.9/5,India
Shop_2,Shop_2_P0040,Item_40,13975,249,3 days,30 days,Out of Stock,3.6,Free shipping,Yes,4.9/5,India
Shop_2,Shop_2_P0041,Item_41,42116,183,2 days,7 days,In Stock,3.9,10% off,No,3.6/5,India
Shop_2,Shop_2_P0042,Item_42,41957,560,3 days,14 days,In Stock,4.2,10% off,No,3.7/5,India
Shop_2,Shop_2_P0043,Item_43,14532,584,7 days,7 days,Out of Stock,4.9,10% off,No,3.1/5,India
Shop_2,Shop_2_P0044,Item_44,13867,262,3 days,30 days,Out of Stock,4.4,Free shipping,Yes,3.4/5,India
Shop_2,Shop_2_P0045,Item_45,21125,402,5 days,14 days,Out of Stock,3.8,Free shipping,Yes,4.4/5,India
Shop_2,Shop_2_P0046,Item_46,30454,318,5 days,7 days,Out of Stock,4.2,None,Yes,4.5/5,India
Shop_2,Shop_2_P0047,Item_47,32726,335,1 days,7 days,In Stock,4.4,10% off,No,4.5/5,India
Shop_2,Shop_2_P0048,Item_48,47153,124,1 days,14 days,Out of Stock,4.3,Free shipping,Yes,4.1/5,India
Shop_2,Shop_2_P0049,Item_49,25208,154,3 days,7 days,Out of Stock,4.3,Free shipping,No,3.1/5,India
Shop_2,Shop_2_P0050,Item_50,24062,165,5 days,14 days,Out of Stock,4.6,Free shipping,No,4.5/5,India
Shop_2,Shop_2_P0051,Item_51,19883,381,2 days,30 days,Out of Stock,3.2,None,No,4.8/5,India
Shop_2,Shop_2_P0052,Item_52,34206,222,1 days,30 days,Out of Stock,3.9,Free shipping,No,3.8/5,India
Shop_2,Shop_2_P0053,Item_53,31375,539,4 days,30 days,In Stock,3.2,10% off,Yes,4.7/5,India
Shop_2,Shop_2_P0054,Item_54,38905,673,6 days,30 days,In Stock,3.7,None,Yes,3.2/5,India
Shop_2,Shop_2_P0055,Item_55,6692,508,5 days,7 days,In Stock,3.9,Free shipping,No,4.7/5,India
Shop_2,Shop_2_P0056,Item_56,30694,410,2 days,14 days,Out of Stock,3.7,10% off,No,4.0/5,India
Shop_2,Shop_2_P0057,Item_57,17975,342,2 days,14 days,In Stock,3.3,None,No,4.0/5,India
Shop_2,Shop_2_P0058,Item_58,37777,306,7 days,14 days,In Stock,3.8,None,Yes,4.8/5,India
Shop_2,Shop_2_P0059,Item_59,22137,54,5 days,7 days,In Stock,4.1,Free shipping,No,4.1/5,India
Shop_2,Shop_2_P0060,Item_60,26124,517,6 days,14 days,Out of Stock,4.3,None,No,4.9/5,India
Shop_2,Shop_2_P0061,Item_61,1083,79,6 days,14 days,Out of Stock,4.2,10% off,Yes,4.5/5,India
Shop_2,Shop_2_P0062,Item_62,49914,481,4 days,14 days,Out of Stock,4.8,None,Yes,4.5/5,India
Shop_2,Shop_2_P0063,Item_63,3126,402,2 days,14 days,In Stock,4.1,Free shipping,Yes,3.0/5,India
Shop_2,Shop_2_P0064,Item_64,44126,234,1 days,7 days,Out of Stock,3.9,10% off,No,4.3/5,India
Shop_2,Shop_2_P0065,Item_65,9423,547,5 days,30 days,In Stock,4.4,None,Yes,4.8/5,India
Shop_2,Shop_2_P0066,Item_66,12590,658,2 days,30 days,In Stock,3.1,Free shipping,No,3.2/5,India
Shop_2,Shop_2_P0067,Item_67,33444,536,1 days,7 days,In Stock,4.4,None,No,3.8/5,India
Shop_2,Shop_2_P0068,Item_68,26375,336,5 days,7 days,In Stock,3.3,None,Yes,3.5/5,India
Shop_2,Shop_2_P0069,Item_69,10835,470,2 days,14 days,Out of Stock,4.0,Free shipping,Yes,4.5/5,India
Shop_2,Shop_2_P0070,Item_70,44127,358,5 days,7 days,In Stock,4.0,None,No,3.5/5,India
Shop_2,Shop_2_P0071,Item_71,31475,287,7 days,7 days,Out of Stock,3.2,10% off,Yes,4.1/5,India
Shop_2,Shop_2_P0072,Item_72,27759,292,1 days,7 days,Out of Stock,4.7,None,Yes,4.4/5,India
Shop_2,Shop_2_P0073,Item_73,26508,390,7 days,30 days,Out of Stock,4.1,None,Yes,3.5/5,India
Shop_2,Shop_2_P0074,Item_74,844,30,6 days,14 days,Out of Stock,3.4,10% off,Yes,4.1/5,India
Shop_2,Shop_2_P0075,Item_75,28332,567,5 days,7 days,Out of Stock,4.6,10% off,No,3.2/5,India
Shop_2,Shop_2_P0076,Item_76,31615,468,4 days,14 days,Out of Stock,3.9,Free shipping,Yes,4.3/5,India
Shop_2,Shop_2_P0077,Item_77,7404,293,7 days,14 days,In Stock,3.1,10% off,No,4.4/5,India
Shop_2,Shop_2_P0078,Item_78,48863,607,5 days,30 days,Out of Stock,3.8,Free shipping,Yes,4.5/5,India
Shop_2,Shop_2_P0079,Item_79,44837,594,1 days,14 days,In Stock,4.0,None,Yes,3.9/5,India
Shop_2,Shop_2_P0080,Item_80,13224,640,6 days,14 days,Out of Stock,3.9,None,Yes,4.6/5,India
Shop_2,Shop_2_P0081,Item_81,49860,249,6 days,14 days,Out of Stock,3.7,Free shipping,Yes,4.2/5,India
Shop_2,Shop_2_P0082,Item_82,5104,89,1 days,30 days,Out of Stock,3.5,Free shipping,No,4.2/5,India
Shop_2,Shop_2_P0083,Item_83,5190,127,4 days,14 days,In Stock,4.3,Free shipping,Yes,3.3/5,India
Shop_2,Shop_2_P0084,Item_84,47254,413,1 days,14 days,In Stock,3.2,10% off,Yes,4.0/5,India
Shop_2,Shop_2_P0085,Item_85,12258,255,4 days,14 days,In Stock,4.2,Free shipping,Yes,3.4/5,India
Shop_2,Shop_2_P0086,Item_86,46422,304,3 days,7 days,In Stock,4.6,10% off,No,4.4/5,India
Shop_2,Shop_2_P0087,Item_87,32994,263,3 days,14 days,In Stock,4.9,None,No,4.8/5,India
Shop_2,Shop_2_P0088,Item_88,21267,427,6 days,14 days,In Stock,4.3,10% off,Yes,3.0/5,India
Shop_2,Shop_2_P0089,Item_89,17994,668,1 days,7 days,Out of Stock,4.3,Free shipping,Yes,5.0/5,India
Shop_2,Shop_2_P0090,Item_90,40302,401,2 days,14 days,Out of Stock,4.8,10% off,Yes,3.2/5,India
Shop_2,Shop_2_P0091,Item_91,24255,564,6 days,7 days,Out of Stock,4.5,10% off,Yes,3.3/5,India
Shop_2,Shop_2_P0092,Item_92,21691,35,7 days,14 days,In Stock,3.7,Free shipping,No,3.3/5,India
Shop_2,Shop_2_P0093,Item_93,11779,42,1 days,7 days,In Stock,3.5,None,Yes,3.5/5,India
Shop_2,Shop_2_P0094,Item_94,31699,318,3 days,7 days,In Stock,4.2,10% off,No,4.5/5,India
Shop_2,Shop_2_P0095,Item_95,28997,284,4 days,30 days,In Stock,4.8,10% off,Yes,3.5/5,India
Shop_2,Shop_2_P0096,Item_96,23454,88,5 days,14 days,In Stock,4.9,Free shipping,No,3.1/5,India
Shop_2,Shop_2_P0097,Item_97,19615,313,3 days,7 days,In Stock,4.2,Free shipping,Yes,3.5/5,India
Shop_2,Shop_2_P0098,Item_98,23001,241,7 days,30 days,In Stock,4.6,Free shipping,Yes,4.9/5,India
Shop_2,Shop_2_P0099,Item_99,24423,492,4 days,7 days,Out of Stock,4.5,10% off,No,3.9/5,India
Shop_2,Shop_2_P0100,Item_100,23786,431,4 days,14 days,Out of Stock,3.6,None,Yes,4.4/5,India
Shop_3,Shop_3_P0001,Item_1,30959,497,6 days,30 days,In Stock,3.5,10% off,Yes,4.9/5,India
Shop_3,Shop_3_P0002,Item_2,9018,35,1 days,30 days,In Stock,3.1,None,Yes,4.3/5,India
Shop_3,Shop_3_P0003,Item_3,3038,394,6 days,30 days,In Stock,4.4,None,No,3.9/5,India
Shop_3,Shop_3_P0004,Item_4,10813,565,7 days,7 days,Out of Stock,4.5,None,Yes,4.3/5,India
Shop_3,Shop_3_P0005,Item_5,5511,119,4 days,14 days,Out of Stock,5.0,Free shipping,No,3.2/5,India
Shop_3,Shop_3_P0006,Item_6,24511,435,2 days,14 days,Out of Stock,3.7,10% off,No,4.1/5,India
Shop_3,Shop_3_P0007,Item_7,13521,441,1 days,7 days,In Stock,4.1,Free shipping,No,4.1/5,India
Shop_3,Shop_3_P0008,Item_8,14475,311,6 days,30 days,Out of Stock,4.0,Free shipping,No,3.9/5,India
Shop_3,Shop_3_P0009,Item_9,33467,558,5 days,14 days,In Stock,3.1,10% off,No,4.1/5,India
Shop_3,Shop_3_P0010,Item_10,20835,255,3 days,30 days,In Stock,3.1,10% off,Yes,4.3/5,India
Shop_3,Shop_3_P0011,Item_11,42617,86,7 days,14 days,Out of Stock,4.7,None,Yes,4.0/5,India
Shop_3,Shop_3_P0012,Item_12,3067,434,2 days,14 days,In Stock,3.4,10% off,No,3.9/5,India
Shop_3,Shop_3_P0013,Item_13,16002,94,2 days,7 days,Out of Stock,3.5,Free shipping,No,3.2/5,India
Shop_3,Shop_3_P0014,Item_14,9080,108,1 days,7 days,In Stock,4.1,None,No,3.1/5,India
Shop_3,Shop_3_P0015,Item_15,4897,392,5 days,14 days,Out of Stock,3.5,10% off,Yes,3.7/5,India
Shop_3,Shop_3_P0016,Item_16,18427,202,7 days,14 days,In Stock,3.7,None,Yes,5.0/5,India
Shop_3,Shop_3_P0017,Item_17,24757,380,1 days,14 days,In Stock,3.2,Free shipping,Yes,3.8/5,India
Shop_3,Shop_3_P0018,Item_18,19571,352,2 days,30 days,Out of Stock,4.0,Free shipping,No,4.2/5,India
Shop_3,Shop_3_P0019,Item_19,21728,83,2 days,30 days,In Stock,3.0,Free shipping,No,4.7/5,India
Shop_3,Shop_3_P0020,Item_20,10371,586,2 days,7 days,In Stock,3.4,Free shipping,Yes,3.1/5,India
Shop_3,Shop_3_P0021,Item_21,31785,372,3 days,14 days,In Stock,4.8,None,No,4.1/5,India
Shop_3,Shop_3_P0022,Item_22,16733,211,2 days,30 days,Out of Stock,3.9,Free shipping,Yes,4.6/5,India
Shop_3,Shop_3_P0023,Item_23,2298,492,7 days,7 days,In Stock,3.2,10% off,No,3.7/5,India
Shop_3,Shop_3_P0024,Item_24,27447,238,1 days,14 days,In Stock,3.8,10% off,Yes,4.4/5,India
Shop_3,Shop_3_P0025,Item_25,8671,383,2 days,30 days,Out of Stock,4.0,Free shipping,No,3.3/5,India
Shop_3,Shop_3_P0026,Item_26,42084,580,5 days,7 days,In Stock,3.2,Free shipping,No,3.8/5,India
Shop_3,Shop_3_P0027,Item_27,20132,114,3 days,7 days,Out of Stock,3.6,Free shipping,No,4.3/5,India
Shop_3,Shop_3_P0028,Item_28,34733,385,1 days,30 days,Out of Stock,3.1,None,No,4.4/5,India
Shop_3,Shop_3_P0029,Item_29,28668,258,1 days,7 days,Out of Stock,4.1,None,Yes,3.2/5,India
Shop_3,Shop_3_P0030,Item_30,34417,375,2 days,14 days,Out of Stock,3.6,10% off,Yes,3.4/5,India
Shop_3,Shop_3_P0031,Item_31,11848,319,4 days,14 days,Out of Stock,4.7,10% off,Yes,4.5/5,India
Shop_3,Shop_3_P0032,Item_32,15151,435,5 days,30 days,In Stock,3.4,None,No,3.7/5,India
Shop_3,Shop_3_P0033,Item_33,4464,424,3 days,7 days,Out of Stock,3.4,Free shipping,Yes,3.3/5,India
Shop_3,Shop_3_P0034,Item_34,42796,163,2 days,30 days,In Stock,3.9,Free shipping,Yes,3.1/5,India
Shop_3,Shop_3_P0035,Item_35,41458,99,1 days,30 days,Out of Stock,3.7,Free shipping,Yes,3.8/5,India
Shop_3,Shop_3_P0036,Item_36,15121,599,2 days,30 days,In Stock,4.8,None,Yes,3.2/5,India
Shop_3,Shop_3_P0037,Item_37,9645,476,7 days,30 days,In Stock,3.9,10% off,Yes,4.7/5,India
Shop_3,Shop_3_P0038,Item_38,12115,538,6 days,7 days,Out of Stock,3.4,None,No,3.8/5,India
Shop_3,Shop_3_P0039,Item_39,1494,184,3 days,30 days,Out of Stock,4.6,Free shipping,Yes,3.6/5,India
Shop_3,Shop_3_P0040,Item_40,4610,299,2 days,7 days,Out of Stock,4.0,Free shipping,Yes,3.6/5,India
Shop_3,Shop_3_P0041,Item_41,23957,169,6 days,14 days,Out of Stock,3.5,None,Yes,4.9/5,India
Shop_3,Shop_3_P0042,Item_42,44573,525,7 days,7 days,Out of Stock,4.4,10% off,No,3.5/5,India
Shop_3,Shop_3_P0043,Item_43,9677,42,1 days,30 days,In Stock,3.6,Free shipping,No,3.2/5,India
Shop_3,Shop_3_P0044,Item_44,14787,383,5 days,30 days,In Stock,3.3,None,Yes,3.1/5,India
Shop_3,Shop_3_P0045,Item_45,45373,277,1 days,14 days,Out of Stock,4.1,Free shipping,Yes,3.5/5,India
Shop_3,Shop_3_P0046,Item_46,46236,195,7 days,14 days,In Stock,4.3,None,No,4.3/5,India
Shop_3,Shop_3_P0047,Item_47,24670,509,6 days,14 days,In Stock,4.1,Free shipping,No,4.6/5,India
Shop_3,Shop_3_P0048,Item_48,32637,579,2 days,30 days,In Stock,4.4,None,Yes,3.0/5,India
Shop_3,Shop_3_P0049,Item_49,43936,329,6 days,7 days,In Stock,3.9,None,Yes,3.6/5,India
Shop_3,Shop_3_P0050,Item_50,19358,138,1 days,7 days,In Stock,3.7,None,No,4.1/5,India
Shop_3,Shop_3_P0051,Item_51,10316,612,6 days,7 days,In Stock,4.1,Free shipping,No,4.7/5,India
Shop_3,Shop_3_P0052,Item_52,39296,24,1 days,14 days,In Stock,3.9,Free shipping,Yes,4.2/5,India
Shop_3,Shop_3_P0053,Item_53,6599,540,7 days,7 days,In Stock,3.5,Free shipping,Yes,4.9/5,India
Shop_3,Shop_3_P0054,Item_54,41292,683,2 days,30 days,In Stock,4.7,10% off,Yes,4.7/5,India
Shop_3,Shop_3_P0055,Item_55,44294,501,6 days,14 days,In Stock,4.1,Free shipping,No,3.4/5,India
Shop_3,Shop_3_P0056,Item_56,15663,153,1 days,14 days,Out of Stock,3.8,Free shipping,Yes,4.0/5,India
Shop_3,Shop_3_P0057,Item_57,9632,216,6 days,7 days,Out of Stock,4.6,None,Yes,4.5/5,India
Shop_3,Shop_3_P0058,Item_58,17612,162,3 days,14 days,Out of Stock,4.5,None,No,4.2/5,India
Shop_3,Shop_3_P0059,Item_59,6933,170,2 days,14 days,Out of Stock,3.9,None,No,3.1/5,India
Shop_3,Shop_3_P0060,Item_60,31255,329,7 days,14 days,Out of Stock,3.1,Free shipping,No,3.1/5,India
Shop_3,Shop_3_P0061,Item_61,44799,207,3 days,14 days,In Stock,3.9,10% off,Yes,3.2/5,India
Shop_3,Shop_3_P0062,Item_62,36196,226,6 days,7 days,In Stock,4.1,Free shipping,Yes,5.0/5,India
Shop_3,Shop_3_P0063,Item_63,47168,142,3 days,7 days,In Stock,3.0,10% off,Yes,3.5/5,India
Shop_3,Shop_3_P0064,Item_64,2795,71,3 days,30 days,In Stock,3.9,10% off,Yes,3.0/5,India
Shop_3,Shop_3_P0065,Item_65,9668,575,2 days,7 days,In Stock,3.6,10% off,Yes,4.1/5,India
Shop_3,Shop_3_P0066,Item_66,34114,139,4 days,7 days,Out of Stock,5.0,Free shipping,No,3.0/5,India
Shop_3,Shop_3_P0067,Item_67,3832,214,7 days,14 days,In Stock,4.2,None,No,4.3/5,India
Shop_3,Shop_3_P0068,Item_68,29656,449,7 days,14 days,Out of Stock,3.4,None,No,3.7/5,India
Shop_3,Shop_3_P0069,Item_69,44827,211,1 days,14 days,Out of Stock,3.2,Free shipping,No,4.2/5,India
Shop_3,Shop_3_P0070,Item_70,45101,339,2 days,14 days,In Stock,3.5,10% off,No,3.4/5,India
Shop_3,Shop_3_P0071,Item_71,27233,622,6 days,30 days,In Stock,3.9,None,No,4.8/5,India
Shop_3,Shop_3_P0072,Item_72,22643,524,4 days,30 days,Out of Stock,4.6,None,Yes,4.8/5,India
Shop_3,Shop_3_P0073,Item_73,3738,285,7 days,14 days,Out of Stock,3.4,10% off,No,4.4/5,India
Shop_3,Shop_3_P0074,Item_74,21820,136,2 days,7 days,Out of Stock,4.0,10% off,No,3.7/5,India
Shop_3,Shop_3_P0075,Item_75,21688,419,3 days,7 days,Out of Stock,4.1,10% off,Yes,4.9/5,India
Shop_3,Shop_3_P0076,Item_76,26642,29,2 days,7 days,Out of Stock,3.8,Free shipping,No,4.2/5,India
Shop_3,Shop_3_P0077,Item_77,18356,446,4 days,7 days,Out of Stock,3.7,Free shipping,Yes,3.2/5,India
Shop_3,Shop_3_P0078,Item_78,4971,70,4 days,30 days,In Stock,4.8,10% off,No,4.0/5,India
Shop_3,Shop_3_P0079,Item_79,7152,664,5 days,30 days,Out of Stock,3.1,Free shipping,No,4.5/5,India
Shop_3,Shop_3_P0080,Item_80,14019,697,1 days,7 days,Out of Stock,4.2,None,No,3.6/5,India
Shop_3,Shop_3_P0081,Item_81,49445,439,7 days,30 days,In Stock,4.0,Free shipping,Yes,4.1/5,India
Shop_3,Shop_3_P0082,Item_82,3026,486,2 days,30 days,In Stock,4.4,10% off,Yes,3.2/5,India
Shop_3,Shop_3_P0083,Item_83,23653,567,2 days,14 days,Out of Stock,4.4,10% off,Yes,4.7/5,India
Shop_3,Shop_3_P0084,Item_84,37076,47,6 days,30 days,Out of Stock,4.5,10% off,Yes,5.0/5,India
Shop_3,Shop_3_P0085,Item_85,48663,399,6 days,30 days,Out of Stock,4.2,10% off,No,3.3/5,India
Shop_3,Shop_3_P0086,Item_86,24465,664,2 days,7 days,Out of Stock,4.3,None,No,3.7/5,India
Shop_3,Shop_3_P0087,Item_87,30319,370,4 days,30 days,Out of Stock,3.7,10% off,No,3.6/5,India
Shop_3,Shop_3_P0088,Item_88,24296,536,7 days,7 days,Out of Stock,3.1,10% off,Yes,3.8/5,India
Shop_3,Shop_3_P0089,Item_89,28544,337,5 days,14 days,In Stock,4.9,Free shipping,No,3.4/5,India
Shop_3,Shop_3_P0090,Item_90,41217,391,3 days,7 days,In Stock,4.2,10% off,Yes,4.7/5,India
Shop_3,Shop_3_P0091,Item_91,14163,368,3 days,30 days,In Stock,3.1,Free shipping,Yes,3.2/5,India
Shop_3,Shop_3_P0092,Item_92,28536,86,5 days,14 days,Out of Stock,4.7,None,Yes,3.8/5,India
Shop_3,Shop_3_P0093,Item_93,8286,611,4 days,14 days,In Stock,3.7,10% off,Yes,4.0/5,India
Shop_3,Shop_3_P0094,Item_94,27544,690,4 days,14 days,Out of Stock,4.0,Free shipping,Yes,4.9/5,India
Shop_3,Shop_3_P0095,Item_95,14392,367,6 days,14 days,In Stock,4.9,10% off,No,4.1/5,India
Shop_3,Shop_3_P0096,Item_96,39549,237,4 days,7 days,Out of Stock,3.9,Free shipping,Yes,4.6/5,India
Shop_3,Shop_3_P0097,Item_97,24746,97,1 days,7 days,In Stock,4.8,Free shipping,No,3.1/5,India
Shop_3,Shop_3_P0098,Item_98,43020,292,5 days,7 days,Out of Stock,3.8,Free shipping,No,4.2/5,India
Shop_3,Shop_3_P0099,Item_99,30527,139,4 days,7 days,In Stock,5.0,10% off,Yes,4.2/5,India
Shop_3,Shop_3_P0100,Item_100,25479,663,6 days,14 days,Out of Stock,3.7,Free shipping,Yes,4.9/5,India
Shop_4,Shop_4_P0001,Item_1,46230,232,5 days,30 days,In Stock,3.7,Free shipping,Yes,3.9/5,India
Shop_4,Shop_4_P0002,Item_2,45683,510,1 days,7 days,Out of Stock,3.4,10% off,No,3.9/5,India
Shop_4,Shop_4_P0003,Item_3,33627,571,6 days,30 days,In Stock,4.7,None,No,3.2/5,India
Shop_4,Shop_4_P0004,Item_4,14639,445,7 days,30 days,Out of Stock,5.0,10% off,Yes,4.9/5,India
Shop_4,Shop_4_P0005,Item_5,39289,473,4 days,14 days,Out of Stock,3.6,10% off,Yes,4.7/5,India
Shop_4,Shop_4_P0006,Item_6,5589,355,6 days,14 days,Out of Stock,3.3,None,Yes,3.5/5,India
Shop_4,Shop_4_P0007,Item_7,36277,190,4 days,7 days,In Stock,3.6,Free shipping,No,4.1/5,India
Shop_4,Shop_4_P0008,Item_8,37357,193,2 days,7 days,Out of Stock,4.1,10% off,Yes,3.5/5,India
Shop_4,Shop_4_P0009,Item_9,6946,642,3 days,7 days,Out of Stock,4.1,None,No,4.8/5,India
Shop_4,Shop_4_P0010,Item_10,33930,368,5 days,14 days,In Stock,3.2,Free shipping,No,3.4/5,India
Shop_4,Shop_4_P0011,Item_11,46213,639,4 days,30 days,Out of Stock,4.9,10% off,Yes,4.1/5,India
Shop_4,Shop_4_P0012,Item_12,8018,559,4 days,7 days,Out of Stock,3.3,10% off,Yes,3.8/5,India
Shop_4,Shop_4_P0013,Item_13,34492,111,1 days,30 days,Out of Stock,4.7,Free shipping,No,4.1/5,India
Shop_4,Shop_4_P0014,Item_14,20246,266,1 days,30 days,Out of Stock,3.6,Free shipping,No,3.6/5,India
Shop_4,Shop_4_P0015,Item_15,48422,325,4 days,14 days,In Stock,4.3,10% off,Yes,3.5/5,India
Shop_4,Shop_4_P0016,Item_16,26330,540,4 days,7 days,In Stock,4.5,10% off,No,4.2/5,India
Shop_4,Shop_4_P0017,Item_17,8956,341,1 days,7 days,In Stock,5.0,None,Yes,4.7/5,India
Shop_4,Shop_4_P0018,Item_18,47456,638,3 days,14 days,In Stock,4.6,10% off,No,3.9/5,India
Shop_4,Shop_4_P0019,Item_19,37095,465,7 days,30 days,In Stock,4.0,Free shipping,No,3.9/5,India
Shop_4,Shop_4_P0020,Item_20,47829,86,4 days,7 days,In Stock,4.4,None,Yes,4.3/5,India
Shop_4,Shop_4_P0021,Item_21,43998,661,7 days,30 days,In Stock,4.1,10% off,No,3.3/5,India
Shop_4,Shop_4_P0022,Item_22,1016,306,2 days,7 days,Out of Stock,3.4,10% off,Yes,3.6/5,India
Shop_4,Shop_4_P0023,Item_23,10830,652,1 days,14 days,Out of Stock,3.4,Free shipping,No,3.2/5,India
Shop_4,Shop_4_P0024,Item_24,14113,95,1 days,7 days,Out of Stock,3.8,Free shipping,Yes,4.6/5,India
Shop_4,Shop_4_P0025,Item_25,24897,498,5 days,30 days,In Stock,3.1,10% off,Yes,4.6/5,India
Shop_4,Shop_4_P0026,Item_26,10403,670,2 days,30 days,Out of Stock,3.7,10% off,No,4.3/5,India
Shop_4,Shop_4_P0027,Item_27,38970,359,1 days,30 days,Out of Stock,3.5,Free shipping,No,4.1/5,India
Shop_4,Shop_4_P0028,Item_28,9457,26,2 days,7 days,In Stock,4.6,None,No,4.7/5,India
Shop_4,Shop_4_P0029,Item_29,49147,423,7 days,14 days,In Stock,4.7,Free shipping,Yes,5.0/5,India
Shop_4,Shop_4_P0030,Item_30,31570,661,2 days,30 days,In Stock,4.3,None,Yes,3.2/5,India
Shop_4,Shop_4_P0031,Item_31,48297,213,5 days,30 days,In Stock,3.5,10% off,No,3.6/5,India
Shop_4,Shop_4_P0032,Item_32,8406,277,3 days,7 days,Out of Stock,3.2,10% off,No,4.4/5,India
Shop_4,Shop_4_P0033,Item_33,6984,71,4 days,7 days,In Stock,4.7,None,Yes,3.1/5,India
Shop_4,Shop_4_P0034,Item_34,26506,118,6 days,14 days,In Stock,4.5,None,Yes,3.4/5,India
Shop_4,Shop_4_P0035,Item_35,40904,183,7 days,7 days,Out of Stock,4.0,Free shipping,Yes,3.9/5,India
Shop_4,Shop_4_P0036,Item_36,30414,252,3 days,30 days,Out of Stock,3.1,10% off,Yes,4.7/5,India
Shop_4,Shop_4_P0037,Item_37,7522,328,2 days,14 days,Out of Stock,3.9,Free shipping,No,4.9/5,India
Shop_4,Shop_4_P0038,Item_38,25522,250,2 days,30 days,Out of Stock,3.7,Free shipping,Yes,4.1/5,India
Shop_4,Shop_4_P0039,Item_39,16094,192,5 days,7 days,In Stock,3.9,Free shipping,No,4.2/5,India
Shop_4,Shop_4_P0040,Item_40,11057,150,2 days,7 days,Out of Stock,3.4,Free shipping,No,3.8/5,India
Shop_4,Shop_4_P0041,Item_41,40670,245,7 days,30 days,Out of Stock,4.9,None,No,4.8/5,India
Shop_4,Shop_4_P0042,Item_42,28063,678,5 days,14 days,In Stock,3.4,Free shipping,Yes,3.8/5,India
Shop_4,Shop_4_P0043,Item_43,23570,90,7 days,7 days,In Stock,3.3,Free shipping,No,4.2/5,India
Shop_4,Shop_4_P0044,Item_44,7494,628,3 days,30 days,In Stock,3.4,None,No,4.7/5,India
Shop_4,Shop_4_P0045,Item_45,46021,293,3 days,7 days,In Stock,4.2,Free shipping,No,3.9/5,India
Shop_4,Shop_4_P0046,Item_46,34734,683,6 days,30 days,Out of Stock,4.7,10% off,Yes,4.0/5,India
Shop_4,Shop_4_P0047,Item_47,42608,156,6 days,7 days,Out of Stock,3.4,Free shipping,No,4.1/5,India
Shop_4,Shop_4_P0048,Item_48,38235,681,3 days,7 days,In Stock,3.2,Free shipping,No,4.3/5,India
Shop_4,Shop_4_P0049,Item_49,28355,43,3 days,30 days,In Stock,4.5,Free shipping,Yes,3.2/5,India
Shop_4,Shop_4_P0050,Item_50,33908,138,4 days,30 days,Out of Stock,3.0,10% off,Yes,4.4/5,India
Shop_4,Shop_4_P0051,Item_51,46661,510,1 days,30 days,In Stock,4.6,10% off,Yes,4.5/5,India
Shop_4,Shop_4_P0052,Item_52,13611,309,1 days,7 days,Out of Stock,4.4,Free shipping,No,5.0/5,India
Shop_4,Shop_4_P0053,Item_53,1007,395,1 days,14 days,Out of Stock,3.3,None,No,4.8/5,India
Shop_4,Shop_4_P0054,Item_54,13316,573,6 days,7 days,In Stock,3.8,Free shipping,Yes,3.7/5,India
Shop_4,Shop_4_P0055,Item_55,11272,604,4 days,7 days,In Stock,3.9,Free shipping,Yes,4.0/5,India
Shop_4,Shop_4_P0056,Item_56,15181,590,5 days,14 days,In Stock,3.1,Free shipping,Yes,4.0/5,India
Shop_4,Shop_4_P0057,Item_57,12379,549,3 days,7 days,In Stock,3.3,Free shipping,No,3.1/5,India
Shop_4,Shop_4_P0058,Item_58,39398,617,1 days,30 days,In Stock,4.1,None,Yes,3.6/5,India
Shop_4,Shop_4_P0059,Item_59,3657,666,2 days,14 days,In Stock,4.4,Free shipping,Yes,4.2/5,India
Shop_4,Shop_4_P0060,Item_60,34465,472,3 days,7 days,Out of Stock,4.8,None,No,3.8/5,India
Shop_4,Shop_4_P0061,Item_61,25840,243,2 days,14 days,Out of Stock,5.0,10% off,No,3.3/5,India
Shop_4,Shop_4_P0062,Item_62,25612,309,4 days,30 days,Out of Stock,4.4,None,Yes,4.4/5,India
Shop_4,Shop_4_P0063,Item_63,827,592,6 days,14 days,Out of Stock,3.1,Free shipping,No,4.7/5,India
Shop_4,Shop_4_P0064,Item_64,15131,198,1 days,14 days,In Stock,3.4,Free shipping,Yes,3.5/5,India
Shop_4,Shop_4_P0065,Item_65,13596,77,3 days,7 days,Out of Stock,3.4,None,No,4.2/5,India
Shop_4,Shop_4_P0066,Item_66,47949,231,6 days,30 days,In Stock,4.1,None,No,3.7/5,India
Shop_4,Shop_4_P0067,Item_67,41686,648,1 days,7 days,Out of Stock,4.3,10% off,No,4.8/5,India
Shop_4,Shop_4_P0068,Item_68,42890,158,2 days,7 days,In Stock,4.1,Free shipping,No,4.5/5,India
Shop_4,Shop_4_P0069,Item_69,34724,406,4 days,7 days,In Stock,3.9,None,No,5.0/5,India
Shop_4,Shop_4_P0070,Item_70,19609,516,1 days,30 days,In Stock,4.8,None,Yes,4.9/5,India
Shop_4,Shop_4_P0071,Item_71,30267,61,7 days,14 days,Out of Stock,4.2,Free shipping,Yes,4.9/5,India
Shop_4,Shop_4_P0072,Item_72,31403,308,5 days,7 days,In Stock,4.6,None,No,4.7/5,India
Shop_4,Shop_4_P0073,Item_73,15820,236,4 days,7 days,Out of Stock,3.8,Free shipping,Yes,4.0/5,India
Shop_4,Shop_4_P0074,Item_74,21667,292,7 days,30 days,Out of Stock,4.1,10% off,Yes,3.8/5,India
Shop_4,Shop_4_P0075,Item_75,17175,260,7 days,14 days,In Stock,4.0,Free shipping,No,3.8/5,India
Shop_4,Shop_4_P0076,Item_76,19562,194,1 days,7 days,Out of Stock,3.2,10% off,Yes,4.1/5,India
Shop_4,Shop_4_P0077,Item_77,1969,311,4 days,7 days,In Stock,3.1,Free shipping,Yes,3.1/5,India
Shop_4,Shop_4_P0078,Item_78,29884,30,4 days,30 days,In Stock,4.6,10% off,No,3.7/5,India
Shop_4,Shop_4_P0079,Item_79,3346,503,1 days,30 days,In Stock,4.3,Free shipping,No,4.8/5,India
Shop_4,Shop_4_P0080,Item_80,43137,520,4 days,30 days,In Stock,3.4,Free shipping,Yes,3.8/5,India
Shop_4,Shop_4_P0081,Item_81,8660,367,1 days,7 days,Out of Stock,3.1,10% off,Yes,4.7/5,India
Shop_4,Shop_4_P0082,Item_82,8889,286,2 days,30 days,In Stock,4.7,None,No,4.5/5,India
Shop_4,Shop_4_P0083,Item_83,18802,327,1 days,14 days,In Stock,3.9,10% off,No,4.0/5,India
Shop_4,Shop_4_P0084,Item_84,2182,195,3 days,14 days,Out of Stock,3.8,None,Yes,4.5/5,India
Shop_4,Shop_4_P0085,Item_85,32929,461,5 days,7 days,In Stock,4.0,Free shipping,No,3.9/5,India
Shop_4,Shop_4_P0086,Item_86,41098,455,7 days,14 days,Out of Stock,3.6,None,Yes,3.8/5,India
Shop_4,Shop_4_P0087,Item_87,14255,416,6 days,7 days,In Stock,4.1,10% off,Yes,3.5/5,India
Shop_4,Shop_4_P0088,Item_88,11464,235,1 days,14 days,Out of Stock,3.7,Free shipping,Yes,5.0/5,India
Shop_4,Shop_4_P0089,Item_89,30854,129,5 days,14 days,Out of Stock,4.7,10% off,Yes,4.0/5,India
Shop_4,Shop_4_P0090,Item_90,8182,143,2 days,14 days,In Stock,3.6,Free shipping,No,3.2/5,India
Shop_4,Shop_4_P0091,Item_91,18800,312,5 days,7 days,In Stock,3.9,10% off,Yes,3.7/5,India
Shop_4,Shop_4_P0092,Item_92,42132,668,2 days,7 days,Out of Stock,3.3,10% off,Yes,3.9/5,India
Shop_4,Shop_4_P0093,Item_93,36499,99,7 days,7 days,In Stock,4.3,None,Yes,4.0/5,India
Shop_4,Shop_4_P0094,Item_94,15967,394,7 days,30 days,Out of Stock,4.3,10% off,Yes,3.5/5,India
Shop_4,Shop_4_P0095,Item_95,24015,334,5 days,7 days,In Stock,4.5,None,Yes,5.0/5,India
Shop_4,Shop_4_P0096,Item_96,27615,263,1 days,30 days,In Stock,4.1,None,Yes,3.8/5,India
Shop_4,Shop_4_P0097,Item_97,37032,635,3 days,7 days,In Stock,3.4,None,No,4.6/5,India
Shop_4,Shop_4_P0098,Item_98,34292,585,4 days,30 days,Out of Stock,4.8,None,Yes,4.2/5,India
Shop_4,Shop_4_P0099,Item_99,3808,264,3 days,30 days,Out of Stock,3.3,Free shipping,Yes,3.2/5,India
Shop_4,Shop_4_P0100,Item_100,38707,557,5 days,30 days,Out of Stock,5.0,10% off,Yes,3.5/5,India
Shop_5,Shop_5_P0001,Item_1,26849,414,5 days,30 days,Out of Stock,4.3,10% off,No,3.2/5,India
Shop_5,Shop_5_P0002,Item_2,27505,115,1 days,14 days,Out of Stock,4.1,None,Yes,4.7/5,India
Shop_5,Shop_5_P0003,Item_3,4345,671,3 days,14 days,In Stock,4.5,10% off,Yes,3.6/5,India
Shop_5,Shop_5_P0004,Item_4,25409,31,3 days,14 days,Out of Stock,4.1,10% off,No,4.3/5,India
Shop_5,Shop_5_P0005,Item_5,12639,336,5 days,30 days,Out of Stock,4.3,10% off,No,4.0/5,India
Shop_5,Shop_5_P0006,Item_6,48978,169,3 days,30 days,Out of Stock,3.8,10% off,No,4.2/5,India
Shop_5,Shop_5_P0007,Item_7,38877,546,6 days,30 days,Out of Stock,3.5,10% off,Yes,3.4/5,India
Shop_5,Shop_5_P0008,Item_8,44257,536,2 days,7 days,Out of Stock,4.1,Free shipping,Yes,3.2/5,India
Shop_5,Shop_5_P0009,Item_9,24430,147,5 days,14 days,In Stock,4.4,10% off,Yes,3.9/5,India
Shop_5,Shop_5_P0010,Item_10,16481,493,3 days,30 days,Out of Stock,3.4,Free shipping,Yes,4.6/5,India
Shop_5,Shop_5_P0011,Item_11,1834,534,6 days,7 days,In Stock,3.6,10% off,Yes,4.4/5,India
Shop_5,Shop_5_P0012,Item_12,17176,265,2 days,14 days,In Stock,4.5,None,No,4.8/5,India
Shop_5,Shop_5_P0013,Item_13,12084,576,6 days,14 days,Out of Stock,3.7,10% off,Yes,3.6/5,India
Shop_5,Shop_5_P0014,Item_14,10080,568,3 days,30 days,In Stock,3.7,Free shipping,Yes,4.0/5,India
Shop_5,Shop_5_P0015,Item_15,35263,214,3 days,14 days,In Stock,4.5,Free shipping,Yes,3.2/5,India
Shop_5,Shop_5_P0016,Item_16,20147,412,5 days,30 days,Out of Stock,3.8,10% off,Yes,3.2/5,India
Shop_5,Shop_5_P0017,Item_17,25070,269,7 days,30 days,In Stock,3.1,Free shipping,No,4.4/5,India
Shop_5,Shop_5_P0018,Item_18,41020,473,7 days,30 days,In Stock,4.8,None,No,4.3/5,India
Shop_5,Shop_5_P0019,Item_19,10459,172,6 days,14 days,Out of Stock,4.2,None,Yes,3.6/5,India
Shop_5,Shop_5_P0020,Item_20,15305,57,4 days,7 days,In Stock,3.2,10% off,No,4.5/5,India
Shop_5,Shop_5_P0021,Item_21,5496,477,5 days,14 days,In Stock,4.5,None,Yes,3.7/5,India
Shop_5,Shop_5_P0022,Item_22,7901,622,5 days,7 days,Out of Stock,4.3,None,Yes,5.0/5,India
Shop_5,Shop_5_P0023,Item_23,25587,283,2 days,14 days,In Stock,4.8,10% off,No,4.8/5,India
Shop_5,Shop_5_P0024,Item_24,42876,626,7 days,7 days,In Stock,4.9,10% off,No,4.6/5,India
Shop_5,Shop_5_P0025,Item_25,24290,346,4 days,7 days,In Stock,4.5,None,Yes,4.1/5,India
Shop_5,Shop_5_P0026,Item_26,6124,392,1 days,7 days,In Stock,3.3,Free shipping,Yes,4.2/5,India
Shop_5,Shop_5_P0027,Item_27,4619,147,3 days,14 days,Out of Stock,3.2,10% off,Yes,4.2/5,India
Shop_5,Shop_5_P0028,Item_28,38055,506,3 days,30 days,Out of Stock,4.3,None,Yes,4.6/5,India
Shop_5,Shop_5_P0029,Item_29,15779,86,3 days,14 days,In Stock,3.9,10% off,Yes,4.3/5,India
Shop_5,Shop_5_P0030,Item_30,42377,57,7 days,7 days,Out of Stock,3.2,None,No,4.8/5,India
Shop_5,Shop_5_P0031,Item_31,38444,137,7 days,14 days,Out of Stock,4.0,None,Yes,4.3/5,India
Shop_5,Shop_5_P0032,Item_32,43243,460,2 days,7 days,In Stock,3.8,Free shipping,No,4.3/5,India
Shop_5,Shop_5_P0033,Item_33,21586,495,2 days,30 days,In Stock,3.9,None,Yes,3.9/5,India
Shop_5,Shop_5_P0034,Item_34,17453,492,7 days,7 days,Out of Stock,4.1,None,No,4.0/5,India
Shop_5,Shop_5_P0035,Item_35,16861,93,2 days,30 days,In Stock,3.7,Free shipping,No,5.0/5,India
Shop_5,Shop_5_P0036,Item_36,41378,299,4 days,30 days,Out of Stock,3.8,None,Yes,4.1/5,India
Shop_5,Shop_5_P0037,Item_37,11287,249,4 days,14 days,In Stock,4.9,None,Yes,3.6/5,India
Shop_5,Shop_5_P0038,Item_38,13905,419,7 days,14 days,In Stock,3.4,Free shipping,Yes,3.4/5,India
Shop_5,Shop_5_P0039,Item_39,11756,483,3 days,7 days,In Stock,3.6,Free shipping,Yes,3.5/5,India
Shop_5,Shop_5_P0040,Item_40,42268,587,1 days,7 days,Out of Stock,4.5,10% off,No,4.2/5,India
Shop_5,Shop_5_P0041,Item_41,26475,227,2 days,7 days,In Stock,4.7,Free shipping,No,3.7/5,India
Shop_5,Shop_5_P0042,Item_42,5649,235,3 days,30 days,In Stock,3.9,None,Yes,4.9/5,India
Shop_5,Shop_5_P0043,Item_43,8911,679,5 days,7 days,Out of Stock,3.3,10% off,No,3.5/5,India
Shop_5,Shop_5_P0044,Item_44,45319,422,7 days,30 days,Out of Stock,3.2,10% off,No,4.4/5,India
Shop_5,Shop_5_P0045,Item_45,29810,449,3 days,7 days,Out of Stock,4.7,Free shipping,Yes,4.2/5,India
Shop_5,Shop_5_P0046,Item_46,10251,611,3 days,30 days,In Stock,3.1,Free shipping,No,4.0/5,India
Shop_5,Shop_5_P0047,Item_47,29651,609,5 days,14 days,In Stock,4.2,None,Yes,3.5/5,India
Shop_5,Shop_5_P0048,Item_48,44907,476,6 days,14 days,Out of Stock,3.4,None,Yes,4.7/5,India
Shop_5,Shop_5_P0049,Item_49,39372,620,7 days,7 days,In Stock,4.7,Free shipping,Yes,3.4/5,India
Shop_5,Shop_5_P0050,Item_50,43288,572,4 days,30 days,Out of Stock,3.8,10% off,Yes,3.6/5,India
Shop_5,Shop_5_P0051,Item_51,44392,649,4 days,30 days,In Stock,4.5,10% off,No,3.9/5,India
Shop_5,Shop_5_P0052,Item_52,36403,149,3 days,7 days,In Stock,3.3,10% off,Yes,3.2/5,India
Shop_5,Shop_5_P0053,Item_53,38103,403,4 days,30 days,In Stock,4.9,10% off,No,3.6/5,India
Shop_5,Shop_5_P0054,Item_54,46941,184,6 days,30 days,Out of Stock,3.0,Free shipping,Yes,3.1/5,India
Shop_5,Shop_5_P0055,Item_55,32938,262,3 days,14 days,Out of Stock,4.6,None,Yes,3.3/5,India
Shop_5,Shop_5_P0056,Item_56,13688,26,7 days,7 days,Out of Stock,4.2,None,Yes,3.3/5,India
Shop_5,Shop_5_P0057,Item_57,25173,584,7 days,14 days,In Stock,3.3,Free shipping,Yes,3.5/5,India
Shop_5,Shop_5_P0058,Item_58,11377,296,7 days,14 days,Out of Stock,4.4,Free shipping,No,3.3/5,India
Shop_5,Shop_5_P0059,Item_59,26873,438,5 days,30 days,Out of Stock,4.6,None,No,3.5/5,India
Shop_5,Shop_5_P0060,Item_60,39916,633,6 days,30 days,Out of Stock,3.4,None,No,3.2/5,India
Shop_5,Shop_5_P0061,Item_61,32404,114,5 days,7 days,In Stock,4.2,None,Yes,4.6/5,India
Shop_5,Shop_5_P0062,Item_62,34638,548,2 days,14 days,In Stock,3.5,Free shipping,No,4.0/5,India
Shop_5,Shop_5_P0063,Item_63,1686,459,2 days,7 days,In Stock,4.8,Free shipping,No,4.4/5,India
Shop_5,Shop_5_P0064,Item_64,14638,308,3 days,14 days,Out of Stock,3.9,None,No,4.3/5,India
Shop_5,Shop_5_P0065,Item_65,40217,603,7 days,14 days,In Stock,4.4,Free shipping,No,4.7/5,India
Shop_5,Shop_5_P0066,Item_66,19009,472,7 days,14 days,Out of Stock,3.6,10% off,Yes,3.7/5,India
Shop_5,Shop_5_P0067,Item_67,34270,162,4 days,14 days,In Stock,4.0,Free shipping,Yes,3.7/5,India
Shop_5,Shop_5_P0068,Item_68,18623,120,6 days,14 days,Out of Stock,3.8,Free shipping,Yes,3.3/5,India
Shop_5,Shop_5_P0069,Item_69,45902,546,5 days,30 days,Out of Stock,3.2,None,Yes,4.4/5,India
Shop_5,Shop_5_P0070,Item_70,5486,258,7 days,14 days,Out of Stock,4.4,10% off,Yes,3.1/5,India
Shop_5,Shop_5_P0071,Item_71,12890,624,7 days,14 days,In Stock,3.1,Free shipping,Yes,3.8/5,India
Shop_5,Shop_5_P0072,Item_72,11066,572,2 days,30 days,Out of Stock,3.4,10% off,Yes,3.9/5,India
Shop_5,Shop_5_P0073,Item_73,48872,230,3 days,7 days,In Stock,3.0,10% off,No,4.4/5,India
Shop_5,Shop_5_P0074,Item_74,15020,172,4 days,30 days,In Stock,4.5,10% off,No,3.0/5,India
Shop_5,Shop_5_P0075,Item_75,29734,487,6 days,14 days,Out of Stock,3.6,10% off,Yes,3.3/5,India
Shop_5,Shop_5_P0076,Item_76,12257,401,2 days,7 days,Out of Stock,4.9,Free shipping,Yes,3.2/5,India
Shop_5,Shop_5_P0077,Item_77,10971,115,6 days,7 days,Out of Stock,3.1,Free shipping,Yes,3.2/5,India
Shop_5,Shop_5_P0078,Item_78,45963,134,3 days,30 days,Out of Stock,3.7,None,Yes,4.2/5,India
Shop_5,Shop_5_P0079,Item_79,5090,436,2 days,30 days,In Stock,4.6,None,Yes,3.3/5,India
Shop_5,Shop_5_P0080,Item_80,9146,663,6 days,14 days,Out of Stock,4.7,Free shipping,No,4.2/5,India
Shop_5,Shop_5_P0081,Item_81,34190,192,3 days,14 days,Out of Stock,4.4,Free shipping,Yes,4.9/5,India
Shop_5,Shop_5_P0082,Item_82,38367,300,2 days,7 days,In Stock,4.6,None,No,3.8/5,India
Shop_5,Shop_5_P0083,Item_83,22065,247,3 days,30 days,In Stock,3.9,Free shipping,Yes,4.0/5,India
Shop_5,Shop_5_P0084,Item_84,8135,494,2 days,14 days,Out of Stock,4.9,Free shipping,No,3.7/5,India
Shop_5,Shop_5_P0085,Item_85,22833,85,2 days,14 days,In Stock,4.3,Free shipping,Yes,4.3/5,India
Shop_5,Shop_5_P0086,Item_86,5479,499,5 days,14 days,Out of Stock,3.2,Free shipping,Yes,4.8/5,India
Shop_5,Shop_5_P0087,Item_87,17512,151,3 days,30 days,Out of Stock,4.1,None,Yes,4.9/5,India
Shop_5,Shop_5_P0088,Item_88,8041,419,4 days,7 days,In Stock,3.9,10% off,Yes,4.1/5,India
Shop_5,Shop_5_P0089,Item_89,13352,296,7 days,7 days,In Stock,4.5,10% off,No,3.8/5,India
Shop_5,Shop_5_P0090,Item_90,19009,613,2 days,30 days,Out of Stock,4.7,None,No,3.8/5,India
Shop_5,Shop_5_P0091,Item_91,36106,208,1 days,30 days,Out of Stock,4.1,10% off,No,4.3/5,India
Shop_5,Shop_5_P0092,Item_92,45260,670,3 days,7 days,In Stock,4.7,10% off,No,4.3/5,India
Shop_5,Shop_5_P0093,Item_93,37657,556,5 days,14 days,In Stock,4.9,Free shipping,Yes,5.0/5,India
Shop_5,Shop_5_P0094,Item_94,36775,285,1 days,7 days,Out of Stock,3.7,Free shipping,Yes,4.7/5,India
Shop_5,Shop_5_P0095,Item_95,43989,523,5 days,7 days,In Stock,3.4,Free shipping,Yes,3.9/5,India
Shop_5,Shop_5_P0096,Item_96,34628,638,5 days,14 days,In Stock,4.4,Free shipping,Yes,4.2/5,India
Shop_5,Shop_5_P0097,Item_97,30950,220,6 days,7 days,In Stock,3.7,None,Yes,3.4/5,India
Shop_5,Shop_5_P0098,Item_98,28420,402,1 days,30 days,Out of Stock,3.6,None,Yes,4.1/5,India
Shop_5,Shop_5_P0099,Item_99,33543,330,6 days,30 days,Out of Stock,4.9,10% off,No,4.7/5,India
Shop_5,Shop_5_P0100,Item_100,38869,479,2 days,7 days,In Stock,3.4,None,Yes,4.2/5,India
Shop_6,Shop_6_P0001,Item_1,46189,637,3 days,30 days,In Stock,4.2,Free shipping,Yes,4.6/5,India
Shop_6,Shop_6_P0002,Item_2,34329,506,6 days,14 days,Out of Stock,3.4,Free shipping,No,3.4/5,India
Shop_6,Shop_6_P0003,Item_3,43147,56,4 days,14 days,Out of Stock,3.4,None,Yes,4.3/5,India
Shop_6,Shop_6_P0004,Item_4,35297,421,1 days,7 days,In Stock,4.1,Free shipping,No,4.4/5,India
Shop_6,Shop_6_P0005,Item_5,11182,72,1 days,7 days,In Stock,3.1,Free shipping,Yes,4.8/5,India
Shop_6,Shop_6_P0006,Item_6,11060,174,6 days,30 days,Out of Stock,4.8,Free shipping,Yes,3.6/5,India
Shop_6,Shop_6_P0007,Item_7,38731,279,2 days,30 days,Out of Stock,3.1,Free shipping,No,3.8/5,India
Shop_6,Shop_6_P0008,Item_8,32745,473,7 days,14 days,Out of Stock,4.5,Free shipping,Yes,3.8/5,India
Shop_6,Shop_6_P0009,Item_9,35705,177,7 days,7 days,In Stock,3.1,10% off,No,4.1/5,India
Shop_6,Shop_6_P0010,Item_10,45028,539,7 days,14 days,In Stock,3.9,Free shipping,No,3.1/5,India
Shop_6,Shop_6_P0011,Item_11,17603,164,3 days,7 days,In Stock,4.3,10% off,Yes,4.6/5,India
Shop_6,Shop_6_P0012,Item_12,608,208,7 days,14 days,In Stock,3.2,Free shipping,No,4.6/5,India
Shop_6,Shop_6_P0013,Item_13,17479,129,6 days,14 days,In Stock,4.3,Free shipping,No,3.7/5,India
Shop_6,Shop_6_P0014,Item_14,9893,567,1 days,14 days,Out of Stock,5.0,Free shipping,Yes,3.0/5,India
Shop_6,Shop_6_P0015,Item_15,35202,20,5 days,14 days,Out of Stock,4.0,10% off,No,4.7/5,India
Shop_6,Shop_6_P0016,Item_16,6986,285,6 days,30 days,In Stock,4.4,10% off,No,4.2/5,India
Shop_6,Shop_6_P0017,Item_17,8608,199,2 days,30 days,In Stock,3.6,10% off,No,3.4/5,India
Shop_6,Shop_6_P0018,Item_18,33451,634,5 days,14 days,In Stock,3.3,10% off,No,4.7/5,India
Shop_6,Shop_6_P0019,Item_19,13691,538,1 days,14 days,Out of Stock,4.7,10% off,Yes,3.6/5,India
Shop_6,Shop_6_P0020,Item_20,33990,358,7 days,30 days,Out of Stock,3.9,Free shipping,No,3.0/5,India
Shop_6,Shop_6_P0021,Item_21,30687,533,3 days,30 days,In Stock,4.7,10% off,No,5.0/5,India
Shop_6,Shop_6_P0022,Item_22,4009,299,6 days,30 days,In Stock,3.1,None,No,3.3/5,India
Shop_6,Shop_6_P0023,Item_23,48732,59,4 days,14 days,In Stock,3.7,None,No,4.9/5,India
Shop_6,Shop_6_P0024,Item_24,8994,381,7 days,7 days,Out of Stock,4.7,Free shipping,Yes,5.0/5,India
Shop_6,Shop_6_P0025,Item_25,43360,675,4 days,14 days,Out of Stock,3.2,None,Yes,4.3/5,India
Shop_6,Shop_6_P0026,Item_26,42075,644,1 days,14 days,In Stock,3.7,10% off,No,4.4/5,India
Shop_6,Shop_6_P0027,Item_27,27770,216,5 days,14 days,In Stock,3.5,10% off,Yes,3.6/5,India
Shop_6,Shop_6_P0028,Item_28,21933,433,3 days,30 days,Out of Stock,4.6,10% off,No,3.2/5,India
Shop_6,Shop_6_P0029,Item_29,45723,459,5 days,7 days,Out of Stock,4.0,10% off,No,4.0/5,India
Shop_6,Shop_6_P0030,Item_30,41734,74,1 days,30 days,In Stock,4.2,10% off,No,4.7/5,India
Shop_6,Shop_6_P0031,Item_31,34350,683,3 days,30 days,Out of Stock,3.8,Free shipping,Yes,3.2/5,India
Shop_6,Shop_6_P0032,Item_32,25615,490,1 days,7 days,Out of Stock,4.9,Free shipping,Yes,4.1/5,India
Shop_6,Shop_6_P0033,Item_33,49003,418,3 days,7 days,In Stock,4.2,None,No,4.8/5,India
Shop_6,Shop_6_P0034,Item_34,5167,196,7 days,30 days,In Stock,4.6,10% off,No,4.9/5,India
Shop_6,Shop_6_P0035,Item_35,33962,420,2 days,14 days,In Stock,4.3,Free shipping,Yes,3.3/5,India
Shop_6,Shop_6_P0036,Item_36,15463,687,5 days,14 days,In Stock,4.2,10% off,Yes,4.3/5,India
Shop_6,Shop_6_P0037,Item_37,27230,481,4 days,30 days,Out of Stock,4.7,None,No,3.3/5,India
Shop_6,Shop_6_P0038,Item_38,2901,697,6 days,7 days,In Stock,3.5,None,Yes,4.3/5,India
Shop_6,Shop_6_P0039,Item_39,16275,292,2 days,30 days,In Stock,3.9,None,No,3.5/5,India
Shop_6,Shop_6_P0040,Item_40,28404,260,3 days,30 days,Out of Stock,4.1,Free shipping,No,4.6/5,India
Shop_6,Shop_6_P0041,Item_41,19381,434,7 days,30 days,In Stock,4.2,10% off,Yes,4.0/5,India
Shop_6,Shop_6_P0042,Item_42,37929,233,3 days,14 days,Out of Stock,4.7,Free shipping,Yes,3.7/5,India
Shop_6,Shop_6_P0043,Item_43,27764,392,5 days,14 days,Out of Stock,3.8,Free shipping,No,4.0/5,India
Shop_6,Shop_6_P0044,Item_44,10279,599,5 days,14 days,In Stock,3.7,None,No,3.2/5,India
Shop_6,Shop_6_P0045,Item_45,34230,215,5 days,7 days,In Stock,4.7,None,Yes,4.4/5,India
Shop_6,Shop_6_P0046,Item_46,3386,613,5 days,7 days,In Stock,3.6,None,Yes,3.9/5,India
Shop_6,Shop_6_P0047,Item_47,14936,602,6 days,7 days,In Stock,4.4,None,No,4.0/5,India
Shop_6,Shop_6_P0048,Item_48,26951,471,2 days,7 days,Out of Stock,4.1,Free shipping,No,3.9/5,India
Shop_6,Shop_6_P0049,Item_49,2142,549,4 days,30 days,In Stock,4.5,10% off,Yes,4.2/5,India
Shop_6,Shop_6_P0050,Item_50,44250,308,5 days,30 days,Out of Stock,3.3,10% off,Yes,4.8/5,India
Shop_6,Shop_6_P0051,Item_51,36304,577,1 days,7 days,In Stock,4.0,None,No,3.4/5,India
Shop_6,Shop_6_P0052,Item_52,6471,481,1 days,7 days,Out of Stock,3.5,None,Yes,4.4/5,India
Shop_6,Shop_6_P0053,Item_53,30684,442,5 days,7 days,Out of Stock,4.4,None,No,4.6/5,India
Shop_6,Shop_6_P0054,Item_54,39988,546,5 days,30 days,Out of Stock,4.7,10% off,Yes,3.7/5,India
Shop_6,Shop_6_P0055,Item_55,46464,25,7 days,7 days,In Stock,4.1,None,No,4.5/5,India
Shop_6,Shop_6_P0056,Item_56,11032,167,5 days,7 days,Out of Stock,3.3,10% off,Yes,5.0/5,India
Shop_6,Shop_6_P0057,Item_57,4676,158,1 days,14 days,In Stock,3.6,None,Yes,4.3/5,India
Shop_6,Shop_6_P0058,Item_58,49688,62,3 days,7 days,Out of Stock,4.0,10% off,No,4.9/5,India
Shop_6,Shop_6_P0059,Item_59,8773,274,2 days,7 days,In Stock,4.8,10% off,No,3.0/5,India
Shop_6,Shop_6_P0060,Item_60,26372,452,4 days,30 days,In Stock,3.7,10% off,No,3.9/5,India
Shop_6,Shop_6_P0061,Item_61,1394,230,3 days,30 days,Out of Stock,3.8,10% off,No,3.5/5,India
Shop_6,Shop_6_P0062,Item_62,31205,138,3 days,30 days,Out of Stock,3.4,None,Yes,4.6/5,India
Shop_6,Shop_6_P0063,Item_63,13221,606,4 days,7 days,In Stock,4.4,Free shipping,No,3.0/5,India
Shop_6,Shop_6_P0064,Item_64,11576,481,2 days,7 days,Out of Stock,3.3,None,Yes,3.4/5,India
Shop_6,Shop_6_P0065,Item_65,23173,553,7 days,7 days,Out of Stock,3.8,10% off,No,4.5/5,India
Shop_6,Shop_6_P0066,Item_66,8482,506,2 days,14 days,Out of Stock,4.0,10% off,No,3.6/5,India
Shop_6,Shop_6_P0067,Item_67,14750,301,3 days,7 days,Out of Stock,4.2,Free shipping,Yes,3.8/5,India
Shop_6,Shop_6_P0068,Item_68,3737,82,1 days,7 days,In Stock,4.9,None,Yes,3.5/5,India
Shop_6,Shop_6_P0069,Item_69,3859,395,5 days,14 days,In Stock,4.6,None,No,4.4/5,India
Shop_6,Shop_6_P0070,Item_70,25966,124,7 days,7 days,In Stock,3.5,None,Yes,3.0/5,India
Shop_6,Shop_6_P0071,Item_71,46036,156,7 days,14 days,Out of Stock,3.5,Free shipping,Yes,3.2/5,India
Shop_6,Shop_6_P0072,Item_72,25260,523,1 days,30 days,In Stock,3.5,10% off,Yes,4.7/5,India
Shop_6,Shop_6_P0073,Item_73,31904,625,2 days,14 days,Out of Stock,4.3,None,Yes,4.5/5,India
Shop_6,Shop_6_P0074,Item_74,7570,653,4 days,14 days,In Stock,4.4,None,Yes,3.5/5,India
Shop_6,Shop_6_P0075,Item_75,27950,574,5 days,7 days,Out of Stock,4.8,Free shipping,Yes,4.8/5,India
Shop_6,Shop_6_P0076,Item_76,38112,288,1 days,30 days,Out of Stock,3.9,None,No,4.0/5,India
Shop_6,Shop_6_P0077,Item_77,12013,29,1 days,30 days,Out of Stock,4.2,Free shipping,Yes,3.2/5,India
Shop_6,Shop_6_P0078,Item_78,1208,265,5 days,30 days,Out of Stock,3.4,10% off,No,4.9/5,India
Shop_6,Shop_6_P0079,Item_79,28978,302,7 days,14 days,Out of Stock,3.7,Free shipping,No,4.7/5,India
Shop_6,Shop_6_P0080,Item_80,28797,294,7 days,7 days,In Stock,4.2,None,Yes,3.7/5,India
Shop_6,Shop_6_P0081,Item_81,42959,67,3 days,7 days,Out of Stock,4.6,None,No,3.4/5,India
Shop_6,Shop_6_P0082,Item_82,15783,511,4 days,30 days,Out of Stock,3.4,10% off,No,4.6/5,India
Shop_6,Shop_6_P0083,Item_83,44841,151,5 days,7 days,Out of Stock,4.9,Free shipping,Yes,4.8/5,India
Shop_6,Shop_6_P0084,Item_84,49979,45,6 days,14 days,In Stock,4.1,None,No,3.5/5,India
Shop_6,Shop_6_P0085,Item_85,44704,590,3 days,30 days,In Stock,3.0,Free shipping,No,3.4/5,India
Shop_6,Shop_6_P0086,Item_86,42951,578,5 days,14 days,In Stock,3.6,Free shipping,No,3.6/5,India
Shop_6,Shop_6_P0087,Item_87,9669,219,1 days,30 days,In Stock,4.7,10% off,Yes,3.9/5,India
Shop_6,Shop_6_P0088,Item_88,15539,221,5 days,7 days,Out of Stock,4.2,None,No,3.5/5,India
Shop_6,Shop_6_P0089,Item_89,19500,551,3 days,14 days,In Stock,3.3,Free shipping,Yes,3.2/5,India
Shop_6,Shop_6_P0090,Item_90,10480,103,1 days,30 days,In Stock,3.5,None,No,3.6/5,India
Shop_6,Shop_6_P0091,Item_91,2351,648,2 days,7 days,Out of Stock,4.0,Free shipping,No,4.7/5,India
Shop_6,Shop_6_P0092,Item_92,23069,107,6 days,14 days,In Stock,4.7,Free shipping,Yes,4.2/5,India
Shop_6,Shop_6_P0093,Item_93,44183,374,3 days,7 days,In Stock,3.2,None,No,4.4/5,India
Shop_6,Shop_6_P0094,Item_94,47727,75,5 days,30 days,Out of Stock,3.4,Free shipping,No,3.8/5,India
Shop_6,Shop_6_P0095,Item_95,35890,374,3 days,14 days,In Stock,4.4,Free shipping,Yes,3.3/5,India
Shop_6,Shop_6_P0096,Item_96,3051,475,6 days,30 days,Out of Stock,4.1,10% off,Yes,4.0/5,India
Shop_6,Shop_6_P0097,Item_97,8219,436,7 days,7 days,In Stock,4.8,Free shipping,No,4.5/5,India
Shop_6,Shop_6_P0098,Item_98,45281,579,7 days,7 days,In Stock,4.0,Free shipping,Yes,4.1/5,India
Shop_6,Shop_6_P0099,Item_99,45980,445,2 days,7 days,Out of Stock,3.5,Free shipping,No,3.8/5,India
Shop_6,Shop_6_P0100,Item_100,19168,479,6 days,7 days,In Stock,4.1,Free shipping,Yes,4.6/5,India
Shop_7,Shop_7_P0001,Item_1,9841,173,5 days,7 days,In Stock,3.3,Free shipping,Yes,3.7/5,India
Shop_7,Shop_7_P0002,Item_2,27895,645,7 days,7 days,Out of Stock,4.1,None,No,4.5/5,India
Shop_7,Shop_7_P0003,Item_3,38486,145,5 days,7 days,In Stock,4.8,None,Yes,4.9/5,India
Shop_7,Shop_7_P0004,Item_4,20460,445,4 days,14 days,In Stock,4.2,Free shipping,Yes,3.3/5,India
Shop_7,Shop_7_P0005,Item_5,24805,31,5 days,7 days,Out of Stock,3.8,None,Yes,4.5/5,India
Shop_7,Shop_7_P0006,Item_6,15243,28,1 days,14 days,In Stock,3.0,10% off,No,3.4/5,India
Shop_7,Shop_7_P0007,Item_7,21585,439,4 days,30 days,In Stock,4.4,None,No,3.5/5,India
Shop_7,Shop_7_P0008,Item_8,5763,683,5 days,14 days,In Stock,4.7,10% off,No,4.2/5,India
Shop_7,Shop_7_P0009,Item_9,47280,313,1 days,30 days,In Stock,4.5,Free shipping,No,3.7/5,India
Shop_7,Shop_7_P0010,Item_10,22884,129,7 days,7 days,Out of Stock,3.8,Free shipping,Yes,4.9/5,India
Shop_7,Shop_7_P0011,Item_11,29557,650,2 days,7 days,Out of Stock,4.4,10% off,No,4.5/5,India
Shop_7,Shop_7_P0012,Item_12,35786,697,3 days,14 days,In Stock,4.6,10% off,No,4.0/5,India
Shop_7,Shop_7_P0013,Item_13,19969,156,2 days,30 days,Out of Stock,4.6,None,Yes,4.9/5,India
Shop_7,Shop_7_P0014,Item_14,5985,467,3 days,7 days,In Stock,3.3,None,No,4.6/5,India
Shop_7,Shop_7_P0015,Item_15,42259,568,6 days,14 days,In Stock,4.6,Free shipping,Yes,3.9/5,India
Shop_7,Shop_7_P0016,Item_16,8255,510,6 days,7 days,In Stock,4.9,None,No,5.0/5,India
Shop_7,Shop_7_P0017,Item_17,6999,39,3 days,14 days,Out of Stock,4.8,None,Yes,4.6/5,India
Shop_7,Shop_7_P0018,Item_18,49550,282,5 days,14 days,Out of Stock,4.6,None,Yes,4.1/5,India
Shop_7,Shop_7_P0019,Item_19,11408,101,1 days,30 days,In Stock,4.2,None,No,3.5/5,India
Shop_7,Shop_7_P0020,Item_20,1304,263,1 days,14 days,In Stock,3.8,Free shipping,Yes,4.4/5,India
Shop_7,Shop_7_P0021,Item_21,2762,617,1 days,30 days,In Stock,3.1,Free shipping,No,3.6/5,India
Shop_7,Shop_7_P0022,Item_22,29850,404,5 days,7 days,In Stock,3.1,Free shipping,Yes,3.7/5,India
Shop_7,Shop_7_P0023,Item_23,17201,44,2 days,14 days,In Stock,4.1,None,No,5.0/5,India
Shop_7,Shop_7_P0024,Item_24,12760,149,5 days,14 days,Out of Stock,3.0,10% off,No,4.2/5,India
Shop_7,Shop_7_P0025,Item_25,5175,353,3 days,14 days,Out of Stock,3.9,Free shipping,No,4.3/5,India
Shop_7,Shop_7_P0026,Item_26,3518,230,4 days,7 days,In Stock,5.0,None,Yes,3.9/5,India
Shop_7,Shop_7_P0027,Item_27,44083,309,5 days,14 days,Out of Stock,3.8,None,Yes,4.0/5,India
Shop_7,Shop_7_P0028,Item_28,5135,568,6 days,7 days,Out of Stock,4.2,Free shipping,Yes,4.2/5,India
Shop_7,Shop_7_P0029,Item_29,12431,213,3 days,14 days,Out of Stock,4.9,Free shipping,No,3.3/5,India
Shop_7,Shop_7_P0030,Item_30,20666,192,7 days,7 days,Out of Stock,3.8,10% off,Yes,3.6/5,India
Shop_7,Shop_7_P0031,Item_31,45125,476,2 days,7 days,Out of Stock,3.9,10% off,No,3.9/5,India
Shop_7,Shop_7_P0032,Item_32,48419,87,3 days,7 days,Out of Stock,3.1,None,No,4.9/5,India
Shop_7,Shop_7_P0033,Item_33,21353,78,4 days,14 days,In Stock,3.7,10% off,No,3.5/5,India
Shop_7,Shop_7_P0034,Item_34,17363,471,7 days,14 days,In Stock,4.5,10% off,No,4.8/5,India
Shop_7,Shop_7_P0035,Item_35,7301,442,4 days,30 days,In Stock,4.3,Free shipping,No,4.6/5,India
Shop_7,Shop_7_P0036,Item_36,22896,278,4 days,14 days,In Stock,4.9,Free shipping,Yes,3.4/5,India
Shop_7,Shop_7_P0037,Item_37,9976,99,5 days,30 days,In Stock,4.2,None,Yes,3.9/5,India
Shop_7,Shop_7_P0038,Item_38,26381,192,2 days,7 days,Out of Stock,4.8,Free shipping,No,3.8/5,India
Shop_7,Shop_7_P0039,Item_39,43777,565,2 days,30 days,In Stock,4.1,10% off,Yes,4.7/5,India
Shop_7,Shop_7_P0040,Item_40,6243,673,2 days,7 days,In Stock,3.2,10% off,Yes,4.3/5,India
Shop_7,Shop_7_P0041,Item_41,30545,176,7 days,14 days,In Stock,3.5,10% off,No,4.6/5,India
Shop_7,Shop_7_P0042,Item_42,47060,435,5 days,30 days,Out of Stock,3.3,Free shipping,No,3.9/5,India
Shop_7,Shop_7_P0043,Item_43,30206,530,7 days,14 days,In Stock,4.3,10% off,No,4.0/5,India
Shop_7,Shop_7_P0044,Item_44,21364,316,5 days,30 days,In Stock,4.3,10% off,Yes,4.1/5,India
Shop_7,Shop_7_P0045,Item_45,2547,240,7 days,30 days,Out of Stock,3.5,Free shipping,Yes,4.6/5,India
Shop_7,Shop_7_P0046,Item_46,25598,131,6 days,30 days,Out of Stock,4.5,Free shipping,Yes,4.9/5,India
Shop_7,Shop_7_P0047,Item_47,23963,384,5 days,30 days,Out of Stock,3.1,10% off,Yes,4.4/5,India
Shop_7,Shop_7_P0048,Item_48,34559,586,3 days,14 days,In Stock,4.2,None,Yes,4.9/5,India
Shop_7,Shop_7_P0049,Item_49,22300,661,3 days,14 days,Out of Stock,3.4,None,No,4.0/5,India
Shop_7,Shop_7_P0050,Item_50,760,660,2 days,7 days,Out of Stock,4.0,Free shipping,No,4.3/5,India
Shop_7,Shop_7_P0051,Item_51,3301,282,4 days,7 days,Out of Stock,4.4,None,Yes,4.4/5,India
Shop_7,Shop_7_P0052,Item_52,49720,691,1 days,7 days,In Stock,3.3,Free shipping,Yes,4.2/5,India
Shop_7,Shop_7_P0053,Item_53,12259,345,2 days,14 days,In Stock,4.0,10% off,Yes,4.5/5,India
Shop_7,Shop_7_P0054,Item_54,11472,303,5 days,7 days,Out of Stock,3.1,10% off,No,4.4/5,India
Shop_7,Shop_7_P0055,Item_55,35186,231,4 days,14 days,In Stock,3.4,Free shipping,Yes,4.9/5,India
Shop_7,Shop_7_P0056,Item_56,22278,112,3 days,30 days,Out of Stock,3.6,10% off,No,4.4/5,India
Shop_7,Shop_7_P0057,Item_57,6263,131,2 days,14 days,Out of Stock,5.0,None,No,4.1/5,India
Shop_7,Shop_7_P0058,Item_58,40103,568,3 days,30 days,Out of Stock,3.8,10% off,Yes,4.8/5,India
Shop_7,Shop_7_P0059,Item_59,11399,654,2 days,7 days,Out of Stock,3.4,None,Yes,3.5/5,India
Shop_7,Shop_7_P0060,Item_60,7342,239,7 days,7 days,In Stock,4.4,Free shipping,No,3.1/5,India
Shop_7,Shop_7_P0061,Item_61,14722,162,1 days,14 days,In Stock,4.8,None,Yes,4.2/5,India
Shop_7,Shop_7_P0062,Item_62,16521,692,7 days,14 days,In Stock,3.3,10% off,Yes,3.7/5,India
Shop_7,Shop_7_P0063,Item_63,40973,62,5 days,30 days,Out of Stock,3.6,10% off,Yes,3.5/5,India
Shop_7,Shop_7_P0064,Item_64,14228,315,1 days,30 days,Out of Stock,3.9,None,No,4.2/5,India
Shop_7,Shop_7_P0065,Item_65,28911,173,4 days,14 days,Out of Stock,4.7,None,No,4.4/5,India
Shop_7,Shop_7_P0066,Item_66,46758,683,1 days,14 days,Out of Stock,3.3,10% off,No,4.3/5,India
Shop_7,Shop_7_P0067,Item_67,34136,340,3 days,14 days,In Stock,4.4,Free shipping,Yes,4.4/5,India
Shop_7,Shop_7_P0068,Item_68,16718,531,1 days,14 days,In Stock,3.2,None,No,4.8/5,India
Shop_7,Shop_7_P0069,Item_69,15641,376,7 days,14 days,In Stock,3.6,10% off,Yes,4.2/5,India
Shop_7,Shop_7_P0070,Item_70,41906,355,1 days,7 days,In Stock,3.8,10% off,Yes,4.9/5,India
Shop_7,Shop_7_P0071,Item_71,45647,613,3 days,14 days,In Stock,4.2,10% off,No,3.4/5,India
Shop_7,Shop_7_P0072,Item_72,17395,231,7 days,14 days,Out of Stock,4.9,Free shipping,No,4.7/5,India
Shop_7,Shop_7_P0073,Item_73,11879,58,5 days,14 days,Out of Stock,3.7,Free shipping,Yes,3.6/5,India
Shop_7,Shop_7_P0074,Item_74,37813,89,4 days,30 days,Out of Stock,4.2,Free shipping,Yes,4.6/5,India
Shop_7,Shop_7_P0075,Item_75,29714,135,4 days,7 days,In Stock,3.8,10% off,Yes,3.3/5,India
Shop_7,Shop_7_P0076,Item_76,2850,422,3 days,14 days,Out of Stock,3.2,Free shipping,Yes,4.5/5,India
Shop_7,Shop_7_P0077,Item_77,44969,417,7 days,30 days,In Stock,4.6,10% off,No,3.8/5,India
Shop_7,Shop_7_P0078,Item_78,31678,560,1 days,14 days,In Stock,3.7,10% off,Yes,4.9/5,India
Shop_7,Shop_7_P0079,Item_79,13930,293,7 days,14 days,In Stock,3.4,Free shipping,Yes,3.8/5,India
Shop_7,Shop_7_P0080,Item_80,46249,612,3 days,14 days,In Stock,4.3,None,No,3.2/5,India
Shop_7,Shop_7_P0081,Item_81,31272,693,1 days,30 days,In Stock,3.4,None,Yes,4.4/5,India
Shop_7,Shop_7_P0082,Item_82,34407,401,1 days,7 days,Out of Stock,3.5,10% off,Yes,3.3/5,India
Shop_7,Shop_7_P0083,Item_83,18590,296,2 days,30 days,Out of Stock,3.1,Free shipping,Yes,3.3/5,India
Shop_7,Shop_7_P0084,Item_84,22197,69,3 days,30 days,In Stock,4.4,Free shipping,No,3.8/5,India
Shop_7,Shop_7_P0085,Item_85,28437,446,7 days,7 days,Out of Stock,4.4,Free shipping,Yes,4.2/5,India
Shop_7,Shop_7_P0086,Item_86,6686,44,3 days,30 days,In Stock,4.6,None,No,4.7/5,India
Shop_7,Shop_7_P0087,Item_87,15108,206,4 days,30 days,Out of Stock,3.6,None,No,3.9/5,India
Shop_7,Shop_7_P0088,Item_88,2591,216,4 days,7 days,Out of Stock,3.9,None,Yes,4.7/5,India
Shop_7,Shop_7_P0089,Item_89,11154,564,4 days,7 days,Out of Stock,4.3,10% off,Yes,4.4/5,India
Shop_7,Shop_7_P0090,Item_90,37026,61,7 days,30 days,In Stock,3.7,None,No,3.9/5,India
Shop_7,Shop_7_P0091,Item_91,41595,591,4 days,7 days,In Stock,4.0,Free shipping,No,3.8/5,India
Shop_7,Shop_7_P0092,Item_92,49260,589,6 days,7 days,In Stock,4.2,10% off,No,4.3/5,India
Shop_7,Shop_7_P0093,Item_93,17769,546,5 days,7 days,Out of Stock,4.1,None,No,3.3/5,India
Shop_7,Shop_7_P0094,Item_94,21302,596,6 days,14 days,Out of Stock,4.4,10% off,No,3.1/5,India
Shop_7,Shop_7_P0095,Item_95,29391,546,1 days,14 days,In Stock,3.1,Free shipping,No,3.1/5,India
Shop_7,Shop_7_P0096,Item_96,34195,182,3 days,7 days,Out of Stock,4.6,10% off,Yes,3.7/5,India
Shop_7,Shop_7_P0097,Item_97,21351,267,7 days,7 days,In Stock,3.8,Free shipping,Yes,4.5/5,India
Shop_7,Shop_7_P0098,Item_98,26964,65,7 days,30 days,In Stock,4.4,Free shipping,No,4.9/5,India
Shop_7,Shop_7_P0099,Item_99,47088,572,7 days,30 days,In Stock,4.3,10% off,No,4.0/5,India
Shop_7,Shop_7_P0100,Item_100,32789,82,1 days,14 days,Out of Stock,3.5,Free shipping,Yes,4.0/5,India
Shop_8,Shop_8_P0001,Item_1,13160,245,3 days,30 days,In Stock,3.5,10% off,No,4.0/5,India
Shop_8,Shop_8_P0002,Item_2,38518,391,6 days,30 days,Out of Stock,5.0,Free shipping,Yes,4.6/5,India
Shop_8,Shop_8_P0003,Item_3,12967,233,1 days,30 days,Out of Stock,4.5,Free shipping,No,4.1/5,India
Shop_8,Shop_8_P0004,Item_4,36740,483,7 days,30 days,In Stock,3.8,None,No,4.3/5,India
Shop_8,Shop_8_P0005,Item_5,28559,359,6 days,30 days,Out of Stock,4.7,Free shipping,No,3.5/5,India
Shop_8,Shop_8_P0006,Item_6,36712,460,2 days,30 days,Out of Stock,4.7,None,No,4.8/5,India
Shop_8,Shop_8_P0007,Item_7,5975,299,5 days,7 days,In Stock,4.4,None,No,4.8/5,India
Shop_8,Shop_8_P0008,Item_8,2841,685,7 days,7 days,Out of Stock,3.3,None,Yes,3.2/5,India
Shop_8,Shop_8_P0009,Item_9,5392,533,5 days,14 days,In Stock,3.3,None,Yes,3.2/5,India
Shop_8,Shop_8_P0010,Item_10,10676,83,4 days,14 days,Out of Stock,3.7,None,No,3.8/5,India
Shop_8,Shop_8_P0011,Item_11,38745,266,5 days,30 days,In Stock,3.8,10% off,No,4.5/5,India
Shop_8,Shop_8_P0012,Item_12,29476,596,3 days,30 days,In Stock,3.3,Free shipping,No,3.1/5,India
Shop_8,Shop_8_P0013,Item_13,39488,72,1 days,30 days,Out of Stock,4.8,None,Yes,3.0/5,India
Shop_8,Shop_8_P0014,Item_14,25077,155,5 days,30 days,Out of Stock,3.1,Free shipping,Yes,5.0/5,India
Shop_8,Shop_8_P0015,Item_15,27862,184,2 days,7 days,In Stock,4.9,Free shipping,No,4.4/5,India
Shop_8,Shop_8_P0016,Item_16,42179,605,5 days,7 days,In Stock,3.5,Free shipping,Yes,3.1/5,India
Shop_8,Shop_8_P0017,Item_17,6192,312,6 days,7 days,In Stock,3.7,None,Yes,3.4/5,India
Shop_8,Shop_8_P0018,Item_18,40002,464,6 days,14 days,In Stock,3.3,None,Yes,4.7/5,India
Shop_8,Shop_8_P0019,Item_19,44067,506,1 days,7 days,Out of Stock,3.1,10% off,Yes,3.2/5,India
Shop_8,Shop_8_P0020,Item_20,25329,508,4 days,14 days,In Stock,4.4,Free shipping,No,4.2/5,India
Shop_8,Shop_8_P0021,Item_21,33648,90,3 days,7 days,In Stock,3.3,Free shipping,Yes,3.6/5,India
Shop_8,Shop_8_P0022,Item_22,43816,638,6 days,7 days,Out of Stock,4.5,Free shipping,No,3.5/5,India
Shop_8,Shop_8_P0023,Item_23,37827,222,4 days,14 days,In Stock,4.0,None,No,4.5/5,India
Shop_8,Shop_8_P0024,Item_24,41984,670,6 days,30 days,In Stock,4.4,10% off,No,4.6/5,India
Shop_8,Shop_8_P0025,Item_25,3068,603,4 days,30 days,Out of Stock,4.6,Free shipping,No,4.9/5,India
Shop_8,Shop_8_P0026,Item_26,34353,523,4 days,7 days,Out of Stock,4.3,10% off,Yes,4.2/5,India
Shop_8,Shop_8_P0027,Item_27,23720,265,5 days,30 days,In Stock,4.1,None,No,3.3/5,India
Shop_8,Shop_8_P0028,Item_28,37760,79,7 days,30 days,Out of Stock,3.5,Free shipping,No,4.2/5,India
Shop_8,Shop_8_P0029,Item_29,19332,647,6 days,14 days,Out of Stock,4.5,None,Yes,3.3/5,India
Shop_8,Shop_8_P0030,Item_30,34119,529,7 days,30 days,In Stock,4.3,Free shipping,Yes,4.9/5,India
Shop_8,Shop_8_P0031,Item_31,28830,609,5 days,30 days,In Stock,3.8,None,Yes,4.3/5,India
Shop_8,Shop_8_P0032,Item_32,48641,649,4 days,30 days,Out of Stock,4.3,Free shipping,Yes,3.2/5,India
Shop_8,Shop_8_P0033,Item_33,19582,42,4 days,30 days,Out of Stock,3.5,Free shipping,No,4.7/5,India
Shop_8,Shop_8_P0034,Item_34,25054,699,2 days,7 days,In Stock,3.8,10% off,Yes,3.3/5,India
Shop_8,Shop_8_P0035,Item_35,36660,360,4 days,7 days,Out of Stock,4.5,10% off,No,3.7/5,India
Shop_8,Shop_8_P0036,Item_36,18291,400,1 days,7 days,Out of Stock,3.4,Free shipping,No,4.5/5,India
Shop_8,Shop_8_P0037,Item_37,16839,425,1 days,30 days,In Stock,3.3,10% off,No,4.4/5,India
Shop_8,Shop_8_P0038,Item_38,44158,69,1 days,14 days,Out of Stock,3.3,10% off,No,3.3/5,India
Shop_8,Shop_8_P0039,Item_39,49376,394,3 days,14 days,In Stock,4.0,10% off,Yes,4.1/5,India
Shop_8,Shop_8_P0040,Item_40,24814,110,1 days,7 days,Out of Stock,4.1,None,Yes,4.2/5,India
Shop_8,Shop_8_P0041,Item_41,38869,439,7 days,14 days,In Stock,4.0,None,No,4.5/5,India
Shop_8,Shop_8_P0042,Item_42,30500,476,3 days,14 days,In Stock,3.9,Free shipping,Yes,5.0/5,India
Shop_8,Shop_8_P0043,Item_43,36206,403,5 days,30 days,In Stock,3.1,Free shipping,Yes,4.2/5,India
Shop_8,Shop_8_P0044,Item_44,14580,637,3 days,30 days,Out of Stock,3.8,None,Yes,3.1/5,India
Shop_8,Shop_8_P0045,Item_45,3823,485,7 days,30 days,In Stock,3.8,10% off,No,4.2/5,India
Shop_8,Shop_8_P0046,Item_46,32057,42,4 days,14 days,Out of Stock,4.1,None,No,4.1/5,India
Shop_8,Shop_8_P0047,Item_47,17770,516,7 days,14 days,In Stock,4.0,Free shipping,Yes,4.2/5,India
Shop_8,Shop_8_P0048,Item_48,9777,132,1 days,30 days,Out of Stock,3.3,None,Yes,5.0/5,India
Shop_8,Shop_8_P0049,Item_49,21103,587,3 days,30 days,In Stock,4.6,None,No,4.6/5,India
Shop_8,Shop_8_P0050,Item_50,20734,574,1 days,7 days,Out of Stock,4.6,Free shipping,Yes,4.7/5,India
Shop_8,Shop_8_P0051,Item_51,27314,169,2 days,7 days,In Stock,5.0,Free shipping,No,4.6/5,India
Shop_8,Shop_8_P0052,Item_52,41780,63,4 days,14 days,In Stock,3.5,Free shipping,Yes,4.4/5,India
Shop_8,Shop_8_P0053,Item_53,32251,638,6 days,30 days,In Stock,3.0,Free shipping,No,3.9/5,India
Shop_8,Shop_8_P0054,Item_54,27772,698,2 days,7 days,Out of Stock,4.3,10% off,Yes,3.9/5,India
Shop_8,Shop_8_P0055,Item_55,3922,588,2 days,14 days,In Stock,3.3,Free shipping,Yes,3.8/5,India
Shop_8,Shop_8_P0056,Item_56,13138,404,5 days,14 days,In Stock,3.4,Free shipping,Yes,3.2/5,India
Shop_8,Shop_8_P0057,Item_57,35751,426,4 days,14 days,Out of Stock,4.9,None,No,3.9/5,India
Shop_8,Shop_8_P0058,Item_58,9536,390,5 days,30 days,In Stock,3.2,None,Yes,4.4/5,India
Shop_8,Shop_8_P0059,Item_59,14102,377,5 days,7 days,In Stock,3.5,10% off,No,3.1/5,India
Shop_8,Shop_8_P0060,Item_60,15191,250,4 days,14 days,Out of Stock,3.4,Free shipping,No,3.7/5,India
Shop_8,Shop_8_P0061,Item_61,7628,244,4 days,14 days,In Stock,4.4,None,No,4.6/5,India
Shop_8,Shop_8_P0062,Item_62,1112,192,6 days,14 days,Out of Stock,4.0,None,No,3.0/5,India
Shop_8,Shop_8_P0063,Item_63,3563,592,2 days,30 days,In Stock,4.5,Free shipping,Yes,3.1/5,India
Shop_8,Shop_8_P0064,Item_64,43513,251,2 days,14 days,Out of Stock,4.9,10% off,No,5.0/5,India
Shop_8,Shop_8_P0065,Item_65,20477,155,6 days,30 days,In Stock,4.8,Free shipping,No,4.9/5,India
Shop_8,Shop_8_P0066,Item_66,24781,52,6 days,7 days,In Stock,4.0,10% off,No,3.0/5,India
Shop_8,Shop_8_P0067,Item_67,14122,474,1 days,7 days,In Stock,4.5,None,No,4.1/5,India
Shop_8,Shop_8_P0068,Item_68,19619,557,4 days,30 days,Out of Stock,4.6,None,No,3.3/5,India
Shop_8,Shop_8_P0069,Item_69,46456,698,6 days,7 days,Out of Stock,4.8,10% off,No,3.2/5,India
Shop_8,Shop_8_P0070,Item_70,40798,331,4 days,14 days,Out of Stock,3.7,None,No,5.0/5,India
Shop_8,Shop_8_P0071,Item_71,26646,386,1 days,14 days,In Stock,4.2,Free shipping,No,3.4/5,India
Shop_8,Shop_8_P0072,Item_72,35411,42,7 days,30 days,Out of Stock,5.0,10% off,No,3.3/5,India
Shop_8,Shop_8_P0073,Item_73,16248,24,5 days,30 days,Out of Stock,3.5,None,Yes,3.4/5,India
Shop_8,Shop_8_P0074,Item_74,19257,67,7 days,7 days,Out of Stock,4.4,10% off,No,3.5/5,India
Shop_8,Shop_8_P0075,Item_75,11295,140,6 days,14 days,Out of Stock,4.8,None,Yes,4.7/5,India
Shop_8,Shop_8_P0076,Item_76,11170,536,1 days,7 days,In Stock,4.1,10% off,Yes,3.4/5,India
Shop_8,Shop_8_P0077,Item_77,26199,367,7 days,14 days,In Stock,4.0,None,Yes,3.3/5,India
Shop_8,Shop_8_P0078,Item_78,42652,257,5 days,14 days,Out of Stock,4.7,10% off,No,4.7/5,India
Shop_8,Shop_8_P0079,Item_79,32715,679,4 days,7 days,In Stock,5.0,Free shipping,Yes,3.5/5,India
Shop_8,Shop_8_P0080,Item_80,28040,98,2 days,7 days,Out of Stock,3.0,Free shipping,No,3.7/5,India
Shop_8,Shop_8_P0081,Item_81,26742,82,6 days,7 days,Out of Stock,4.7,None,Yes,3.7/5,India
Shop_8,Shop_8_P0082,Item_82,2469,657,7 days,14 days,In Stock,4.3,None,Yes,4.8/5,India
Shop_8,Shop_8_P0083,Item_83,48031,549,4 days,14 days,Out of Stock,4.3,None,No,3.0/5,India
Shop_8,Shop_8_P0084,Item_84,18805,474,6 days,14 days,In Stock,4.1,None,Yes,4.4/5,India
Shop_8,Shop_8_P0085,Item_85,43353,529,1 days,7 days,Out of Stock,4.0,Free shipping,Yes,4.5/5,India
Shop_8,Shop_8_P0086,Item_86,14212,361,2 days,7 days,In Stock,3.7,None,Yes,4.2/5,India
Shop_8,Shop_8_P0087,Item_87,3380,212,1 days,7 days,In Stock,4.4,Free shipping,Yes,4.9/5,India
Shop_8,Shop_8_P0088,Item_88,16753,636,7 days,7 days,In Stock,4.3,Free shipping,No,3.6/5,India
Shop_8,Shop_8_P0089,Item_89,3640,384,3 days,7 days,Out of Stock,4.0,10% off,Yes,3.7/5,India
Shop_8,Shop_8_P0090,Item_90,31196,181,6 days,7 days,Out of Stock,3.3,10% off,No,4.0/5,India
Shop_8,Shop_8_P0091,Item_91,25066,627,4 days,30 days,In Stock,3.1,Free shipping,Yes,3.2/5,India
Shop_8,Shop_8_P0092,Item_92,28653,561,4 days,14 days,In Stock,4.1,10% off,No,4.1/5,India
Shop_8,Shop_8_P0093,Item_93,12646,77,5 days,7 days,Out of Stock,4.8,None,No,3.4/5,India
Shop_8,Shop_8_P0094,Item_94,28996,349,3 days,7 days,In Stock,4.7,None,No,3.7/5,India
Shop_8,Shop_8_P0095,Item_95,6688,453,6 days,7 days,In Stock,4.1,Free shipping,No,4.7/5,India
Shop_8,Shop_8_P0096,Item_96,14800,397,3 days,7 days,In Stock,4.2,None,No,3.8/5,India
Shop_8,Shop_8_P0097,Item_97,14718,74,3 days,14 days,In Stock,4.5,Free shipping,Yes,5.0/5,India
Shop_8,Shop_8_P0098,Item_98,3805,84,3 days,30 days,In Stock,3.2,None,Yes,4.8/5,India
Shop_8,Shop_8_P0099,Item_99,20659,260,7 days,7 days,Out of Stock,4.7,Free shipping,No,4.7/5,India
Shop_8,Shop_8_P0100,Item_100,26697,563,5 days,14 days,Out of Stock,3.5,Free shipping,No,3.4/5,India
Shop_9,Shop_9_P0001,Item_1,3894,64,3 days,14 days,Out of Stock,3.6,10% off,Yes,4.3/5,India
Shop_9,Shop_9_P0002,Item_2,30975,511,6 days,14 days,In Stock,5.0,None,Yes,3.6/5,India
Shop_9,Shop_9_P0003,Item_3,7168,369,6 days,30 days,Out of Stock,4.2,None,Yes,5.0/5,India
Shop_9,Shop_9_P0004,Item_4,25848,475,4 days,7 days,Out of Stock,3.8,None,No,5.0/5,India
Shop_9,Shop_9_P0005,Item_5,8221,553,2 days,7 days,In Stock,4.8,10% off,No,3.2/5,India
Shop_9,Shop_9_P0006,Item_6,41351,342,4 days,14 days,Out of Stock,4.0,10% off,No,4.1/5,India
Shop_9,Shop_9_P0007,Item_7,40384,644,5 days,30 days,In Stock,4.2,Free shipping,No,4.2/5,India
Shop_9,Shop_9_P0008,Item_8,28469,263,7 days,30 days,In Stock,4.9,10% off,No,4.7/5,India
Shop_9,Shop_9_P0009,Item_9,40245,506,6 days,30 days,In Stock,4.9,10% off,No,3.0/5,India
Shop_9,Shop_9_P0010,Item_10,39470,46,4 days,14 days,Out of Stock,3.5,Free shipping,Yes,4.6/5,India
Shop_9,Shop_9_P0011,Item_11,28426,247,4 days,30 days,In Stock,4.1,10% off,No,4.6/5,India
Shop_9,Shop_9_P0012,Item_12,15104,635,6 days,7 days,Out of Stock,3.5,None,No,3.7/5,India
Shop_9,Shop_9_P0013,Item_13,26951,573,7 days,14 days,In Stock,3.7,10% off,Yes,3.1/5,India
Shop_9,Shop_9_P0014,Item_14,3461,402,2 days,14 days,Out of Stock,4.8,None,Yes,4.0/5,India
Shop_9,Shop_9_P0015,Item_15,19791,448,1 days,30 days,In Stock,3.9,Free shipping,Yes,4.8/5,India
Shop_9,Shop_9_P0016,Item_16,45158,35,3 days,30 days,Out of Stock,3.2,Free shipping,No,4.6/5,India
Shop_9,Shop_9_P0017,Item_17,16261,178,4 days,14 days,Out of Stock,4.0,10% off,No,3.4/5,India
Shop_9,Shop_9_P0018,Item_18,7305,428,1 days,30 days,In Stock,3.5,None,No,4.4/5,India
Shop_9,Shop_9_P0019,Item_19,24492,320,3 days,30 days,Out of Stock,3.6,10% off,No,4.1/5,India
Shop_9,Shop_9_P0020,Item_20,32900,504,3 days,14 days,Out of Stock,4.7,Free shipping,Yes,4.2/5,India
Shop_9,Shop_9_P0021,Item_21,37327,168,1 days,30 days,Out of Stock,4.0,Free shipping,Yes,3.1/5,India
Shop_9,Shop_9_P0022,Item_22,42584,388,3 days,14 days,In Stock,3.4,None,Yes,4.0/5,India
Shop_9,Shop_9_P0023,Item_23,34773,202,2 days,30 days,In Stock,3.3,10% off,No,4.9/5,India
Shop_9,Shop_9_P0024,Item_24,12902,178,7 days,30 days,In Stock,3.9,10% off,No,4.2/5,India
Shop_9,Shop_9_P0025,Item_25,34702,47,3 days,7 days,In Stock,5.0,Free shipping,Yes,3.1/5,India
Shop_9,Shop_9_P0026,Item_26,16153,144,5 days,30 days,Out of Stock,3.2,None,No,3.5/5,India
Shop_9,Shop_9_P0027,Item_27,49935,448,2 days,7 days,In Stock,4.3,10% off,No,3.5/5,India
Shop_9,Shop_9_P0028,Item_28,4817,273,4 days,7 days,Out of Stock,4.4,None,No,3.7/5,India
Shop_9,Shop_9_P0029,Item_29,8489,667,6 days,30 days,In Stock,4.4,Free shipping,No,4.1/5,India
Shop_9,Shop_9_P0030,Item_30,38308,501,2 days,7 days,Out of Stock,4.8,Free shipping,No,4.5/5,India
Shop_9,Shop_9_P0031,Item_31,22358,412,3 days,30 days,In Stock,4.4,None,No,3.5/5,India
Shop_9,Shop_9_P0032,Item_32,2607,50,5 days,14 days,Out of Stock,4.2,None,Yes,4.0/5,India
Shop_9,Shop_9_P0033,Item_33,20024,376,5 days,7 days,Out of Stock,3.3,None,Yes,5.0/5,India
Shop_9,Shop_9_P0034,Item_34,36531,464,3 days,7 days,Out of Stock,4.6,10% off,No,3.0/5,India
Shop_9,Shop_9_P0035,Item_35,44538,673,5 days,30 days,Out of Stock,3.6,Free shipping,No,3.2/5,India
Shop_9,Shop_9_P0036,Item_36,39436,379,3 days,14 days,Out of Stock,4.7,10% off,No,4.8/5,India
Shop_9,Shop_9_P0037,Item_37,11736,102,1 days,7 days,In Stock,4.0,Free shipping,No,4.7/5,India
Shop_9,Shop_9_P0038,Item_38,34735,454,5 days,30 days,In Stock,3.4,Free shipping,No,3.2/5,India
Shop_9,Shop_9_P0039,Item_39,22043,507,3 days,30 days,Out of Stock,4.0,None,Yes,4.6/5,India
Shop_9,Shop_9_P0040,Item_40,23374,646,5 days,30 days,In Stock,4.8,None,Yes,3.1/5,India
Shop_9,Shop_9_P0041,Item_41,6584,174,5 days,7 days,In Stock,3.9,10% off,Yes,3.0/5,India
Shop_9,Shop_9_P0042,Item_42,14254,54,5 days,30 days,Out of Stock,4.6,Free shipping,Yes,4.7/5,India
Shop_9,Shop_9_P0043,Item_43,2960,444,5 days,7 days,In Stock,4.4,None,Yes,4.2/5,India
Shop_9,Shop_9_P0044,Item_44,938,262,1 days,7 days,In Stock,4.4,None,No,3.9/5,India
Shop_9,Shop_9_P0045,Item_45,18889,671,7 days,30 days,In Stock,3.3,Free shipping,No,3.5/5,India
Shop_9,Shop_9_P0046,Item_46,41242,173,4 days,14 days,Out of Stock,3.1,Free shipping,Yes,4.0/5,India
Shop_9,Shop_9_P0047,Item_47,23780,166,6 days,30 days,In Stock,4.7,10% off,Yes,4.8/5,India
Shop_9,Shop_9_P0048,Item_48,23414,118,5 days,30 days,Out of Stock,4.6,None,Yes,3.4/5,India
Shop_9,Shop_9_P0049,Item_49,42391,608,3 days,7 days,Out of Stock,3.5,None,Yes,4.1/5,India
Shop_9,Shop_9_P0050,Item_50,35735,135,6 days,7 days,Out of Stock,3.6,Free shipping,Yes,3.2/5,India
Shop_9,Shop_9_P0051,Item_51,15452,222,3 days,30 days,In Stock,4.7,10% off,Yes,5.0/5,India
Shop_9,Shop_9_P0052,Item_52,9104,523,7 days,7 days,In Stock,4.0,10% off,No,5.0/5,India
Shop_9,Shop_9_P0053,Item_53,37556,98,1 days,7 days,Out of Stock,4.1,Free shipping,Yes,3.4/5,India
Shop_9,Shop_9_P0054,Item_54,34422,632,3 days,30 days,In Stock,3.1,Free shipping,Yes,4.8/5,India
Shop_9,Shop_9_P0055,Item_55,36734,217,6 days,30 days,Out of Stock,3.5,Free shipping,No,4.4/5,India
Shop_9,Shop_9_P0056,Item_56,15166,246,6 days,14 days,Out of Stock,4.4,None,No,3.9/5,India
Shop_9,Shop_9_P0057,Item_57,46707,431,4 days,30 days,In Stock,3.7,10% off,Yes,3.9/5,India
Shop_9,Shop_9_P0058,Item_58,3968,250,3 days,7 days,Out of Stock,3.8,10% off,No,3.0/5,India
Shop_9,Shop_9_P0059,Item_59,18420,607,4 days,14 days,In Stock,3.7,Free shipping,No,4.8/5,India
Shop_9,Shop_9_P0060,Item_60,12317,683,4 days,14 days,Out of Stock,3.6,10% off,Yes,3.7/5,India
Shop_9,Shop_9_P0061,Item_61,11373,434,1 days,30 days,In Stock,4.6,Free shipping,No,4.3/5,India
Shop_9,Shop_9_P0062,Item_62,9874,75,3 days,7 days,In Stock,4.4,None,No,3.3/5,India
Shop_9,Shop_9_P0063,Item_63,934,259,6 days,7 days,In Stock,3.4,Free shipping,Yes,4.8/5,India
Shop_9,Shop_9_P0064,Item_64,46208,147,3 days,30 days,In Stock,3.4,Free shipping,No,3.7/5,India
Shop_9,Shop_9_P0065,Item_65,11639,375,1 days,30 days,Out of Stock,3.4,None,No,4.9/5,India
Shop_9,Shop_9_P0066,Item_66,7291,424,3 days,7 days,Out of Stock,4.4,Free shipping,No,3.8/5,India
Shop_9,Shop_9_P0067,Item_67,8688,618,7 days,7 days,Out of Stock,4.5,None,No,3.2/5,India
Shop_9,Shop_9_P0068,Item_68,43023,675,2 days,7 days,In Stock,4.7,Free shipping,Yes,3.8/5,India
Shop_9,Shop_9_P0069,Item_69,18041,498,7 days,7 days,Out of Stock,4.8,10% off,Yes,4.4/5,India
Shop_9,Shop_9_P0070,Item_70,46362,296,2 days,14 days,Out of Stock,3.5,Free shipping,Yes,4.2/5,India
Shop_9,Shop_9_P0071,Item_71,27225,441,4 days,30 days,Out of Stock,3.6,10% off,Yes,3.7/5,India
Shop_9,Shop_9_P0072,Item_72,2181,44,7 days,30 days,Out of Stock,4.5,None,No,4.2/5,India
Shop_9,Shop_9_P0073,Item_73,28499,263,1 days,7 days,In Stock,4.5,None,Yes,4.6/5,India
Shop_9,Shop_9_P0074,Item_74,38716,328,3 days,14 days,In Stock,4.3,None,No,3.3/5,India
Shop_9,Shop_9_P0075,Item_75,27131,192,4 days,7 days,In Stock,3.1,Free shipping,Yes,3.6/5,India
Shop_9,Shop_9_P0076,Item_76,3095,509,4 days,7 days,In Stock,4.0,10% off,Yes,3.8/5,India
Shop_9,Shop_9_P0077,Item_77,10567,295,1 days,14 days,In Stock,4.6,Free shipping,No,4.4/5,India
Shop_9,Shop_9_P0078,Item_78,22911,336,3 days,30 days,In Stock,3.2,Free shipping,No,4.1/5,India
Shop_9,Shop_9_P0079,Item_79,11603,44,7 days,30 days,Out of Stock,3.1,Free shipping,No,5.0/5,India
Shop_9,Shop_9_P0080,Item_80,41780,147,1 days,7 days,In Stock,3.7,None,Yes,4.9/5,India
Shop_9,Shop_9_P0081,Item_81,43614,422,5 days,7 days,Out of Stock,4.2,10% off,No,4.1/5,India
Shop_9,Shop_9_P0082,Item_82,39895,409,2 days,7 days,In Stock,3.1,None,Yes,4.9/5,India
Shop_9,Shop_9_P0083,Item_83,17120,152,5 days,14 days,Out of Stock,3.0,None,No,3.6/5,India
Shop_9,Shop_9_P0084,Item_84,24950,305,2 days,7 days,In Stock,4.8,10% off,Yes,3.8/5,India
Shop_9,Shop_9_P0085,Item_85,34087,446,6 days,14 days,Out of Stock,4.4,10% off,Yes,4.4/5,India
Shop_9,Shop_9_P0086,Item_86,3700,639,6 days,7 days,Out of Stock,3.2,Free shipping,No,4.7/5,India
Shop_9,Shop_9_P0087,Item_87,25474,180,7 days,30 days,In Stock,3.1,Free shipping,Yes,4.1/5,India
Shop_9,Shop_9_P0088,Item_88,30788,218,7 days,14 days,Out of Stock,3.8,None,Yes,3.5/5,India
Shop_9,Shop_9_P0089,Item_89,2272,218,7 days,7 days,In Stock,3.3,None,No,4.8/5,India
Shop_9,Shop_9_P0090,Item_90,13623,178,4 days,14 days,Out of Stock,4.4,None,No,4.5/5,India
Shop_9,Shop_9_P0091,Item_91,3336,348,3 days,14 days,In Stock,4.4,None,Yes,4.4/5,India
Shop_9,Shop_9_P0092,Item_92,42169,532,7 days,30 days,Out of Stock,4.6,None,No,4.0/5,India
Shop_9,Shop_9_P0093,Item_93,7669,303,6 days,14 days,Out of Stock,3.7,None,No,3.4/5,India
Shop_9,Shop_9_P0094,Item_94,17341,683,2 days,14 days,Out of Stock,3.5,Free shipping,Yes,4.3/5,India
Shop_9,Shop_9_P0095,Item_95,11033,487,4 days,30 days,Out of Stock,4.8,None,No,3.4/5,India
Shop_9,Shop_9_P0096,Item_96,28363,129,2 days,30 days,In Stock,3.2,Free shipping,Yes,4.3/5,India
Shop_9,Shop_9_P0097,Item_97,43937,680,1 days,14 days,Out of Stock,4.6,None,Yes,4.2/5,India
Shop_9,Shop_9_P0098,Item_98,4985,26,1 days,30 days,In Stock,4.0,10% off,Yes,3.6/5,India
Shop_9,Shop_9_P0099,Item_99,21115,615,1 days,7 days,In Stock,3.5,None,Yes,4.0/5,India
Shop_9,Shop_9_P0100,Item_100,25264,65,2 days,14 days,Out of Stock,4.4,10% off,No,3.4/5,India
Shop_10,Shop_10_P0001,Item_1,17855,655,4 days,14 days,In Stock,4.1,Free shipping,No,3.6/5,India
Shop_10,Shop_10_P0002,Item_2,37654,627,5 days,7 days,In Stock,3.2,None,Yes,4.9/5,India
Shop_10,Shop_10_P0003,Item_3,40009,621,4 days,30 days,Out of Stock,4.8,10% off,Yes,3.5/5,India
Shop_10,Shop_10_P0004,Item_4,9226,574,5 days,30 days,In Stock,3.8,Free shipping,Yes,4.6/5,India
Shop_10,Shop_10_P0005,Item_5,21228,74,5 days,30 days,Out of Stock,3.0,None,No,3.5/5,India
Shop_10,Shop_10_P0006,Item_6,24304,352,6 days,30 days,Out of Stock,3.3,10% off,Yes,4.2/5,India
Shop_10,Shop_10_P0007,Item_7,25602,215,3 days,7 days,Out of Stock,3.8,None,No,3.9/5,India
Shop_10,Shop_10_P0008,Item_8,43706,491,7 days,30 days,In Stock,4.6,Free shipping,Yes,4.6/5,India
Shop_10,Shop_10_P0009,Item_9,48940,170,4 days,14 days,Out of Stock,4.7,Free shipping,No,3.5/5,India
Shop_10,Shop_10_P0010,Item_10,8872,185,3 days,14 days,In Stock,3.2,Free shipping,No,4.3/5,India
Shop_10,Shop_10_P0011,Item_11,29994,178,7 days,7 days,Out of Stock,3.6,None,No,3.5/5,India
Shop_10,Shop_10_P0012,Item_12,27294,531,7 days,14 days,In Stock,4.0,Free shipping,Yes,3.7/5,India
Shop_10,Shop_10_P0013,Item_13,14335,79,2 days,7 days,In Stock,3.9,10% off,Yes,4.2/5,India
Shop_10,Shop_10_P0014,Item_14,14801,34,6 days,7 days,Out of Stock,3.2,Free shipping,No,3.5/5,India
Shop_10,Shop_10_P0015,Item_15,47055,55,6 days,7 days,Out of Stock,3.7,None,No,3.5/5,India
Shop_10,Shop_10_P0016,Item_16,18533,641,2 days,14 days,Out of Stock,3.9,10% off,Yes,3.1/5,India
Shop_10,Shop_10_P0017,Item_17,2922,101,4 days,14 days,Out of Stock,3.5,Free shipping,No,4.7/5,India
Shop_10,Shop_10_P0018,Item_18,31035,340,4 days,7 days,Out of Stock,4.9,10% off,No,4.6/5,India
Shop_10,Shop_10_P0019,Item_19,43132,47,5 days,7 days,Out of Stock,4.0,None,No,3.3/5,India
Shop_10,Shop_10_P0020,Item_20,24236,509,1 days,14 days,In Stock,3.3,Free shipping,No,3.1/5,India
Shop_10,Shop_10_P0021,Item_21,1584,565,5 days,30 days,In Stock,3.3,Free shipping,No,3.1/5,India
Shop_10,Shop_10_P0022,Item_22,31802,199,7 days,14 days,Out of Stock,4.7,10% off,No,3.5/5,India
Shop_10,Shop_10_P0023,Item_23,16459,29,5 days,14 days,Out of Stock,4.6,Free shipping,No,4.8/5,India
Shop_10,Shop_10_P0024,Item_24,44799,21,2 days,30 days,In Stock,3.1,None,No,3.8/5,India
Shop_10,Shop_10_P0025,Item_25,14766,92,2 days,7 days,Out of Stock,3.7,Free shipping,Yes,3.8/5,India
Shop_10,Shop_10_P0026,Item_26,29420,467,1 days,14 days,In Stock,3.7,10% off,Yes,4.2/5,India
Shop_10,Shop_10_P0027,Item_27,44367,597,6 days,14 days,Out of Stock,3.6,Free shipping,Yes,4.8/5,India
Shop_10,Shop_10_P0028,Item_28,34829,565,3 days,7 days,In Stock,3.4,Free shipping,No,3.6/5,India
Shop_10,Shop_10_P0029,Item_29,35700,683,1 days,7 days,In Stock,4.5,None,No,4.4/5,India
Shop_10,Shop_10_P0030,Item_30,11579,416,6 days,7 days,In Stock,3.9,Free shipping,No,4.5/5,India
Shop_10,Shop_10_P0031,Item_31,22254,238,7 days,14 days,Out of Stock,3.4,Free shipping,Yes,3.9/5,India
Shop_10,Shop_10_P0032,Item_32,13392,249,5 days,14 days,In Stock,4.6,None,Yes,3.1/5,India
Shop_10,Shop_10_P0033,Item_33,10886,496,5 days,14 days,Out of Stock,4.6,10% off,Yes,4.1/5,India
Shop_10,Shop_10_P0034,Item_34,42187,371,6 days,7 days,Out of Stock,4.8,Free shipping,Yes,3.6/5,India
Shop_10,Shop_10_P0035,Item_35,32921,551,4 days,30 days,In Stock,4.7,10% off,Yes,4.1/5,India
Shop_10,Shop_10_P0036,Item_36,15712,66,3 days,7 days,Out of Stock,3.1,10% off,Yes,4.9/5,India
Shop_10,Shop_10_P0037,Item_37,12713,484,1 days,7 days,Out of Stock,5.0,None,No,4.2/5,India
Shop_10,Shop_10_P0038,Item_38,27209,170,6 days,30 days,Out of Stock,4.2,Free shipping,Yes,4.8/5,India
Shop_10,Shop_10_P0039,Item_39,43286,426,4 days,7 days,Out of Stock,4.2,10% off,No,4.3/5,India
Shop_10,Shop_10_P0040,Item_40,20927,69,6 days,7 days,Out of Stock,4.1,None,Yes,4.5/5,India
Shop_10,Shop_10_P0041,Item_41,24764,218,7 days,30 days,In Stock,3.6,None,No,4.4/5,India
Shop_10,Shop_10_P0042,Item_42,40729,251,1 days,30 days,In Stock,3.8,Free shipping,No,4.3/5,India
Shop_10,Shop_10_P0043,Item_43,19701,166,4 days,7 days,Out of Stock,5.0,Free shipping,Yes,3.4/5,India
Shop_10,Shop_10_P0044,Item_44,29253,571,7 days,30 days,Out of Stock,3.8,None,No,3.7/5,India
Shop_10,Shop_10_P0045,Item_45,26065,490,3 days,7 days,Out of Stock,4.0,Free shipping,Yes,4.1/5,India
Shop_10,Shop_10_P0046,Item_46,19796,321,5 days,7 days,In Stock,4.1,Free shipping,Yes,4.1/5,India
Shop_10,Shop_10_P0047,Item_47,15735,204,1 days,30 days,Out of Stock,3.2,10% off,Yes,4.3/5,India
Shop_10,Shop_10_P0048,Item_48,13461,339,4 days,30 days,Out of Stock,4.7,10% off,No,4.7/5,India
Shop_10,Shop_10_P0049,Item_49,22814,461,7 days,14 days,Out of Stock,4.6,None,No,4.0/5,India
Shop_10,Shop_10_P0050,Item_50,9477,367,2 days,30 days,Out of Stock,4.1,10% off,No,4.2/5,India
Shop_10,Shop_10_P0051,Item_51,24799,75,1 days,30 days,In Stock,3.6,10% off,No,3.5/5,India
Shop_10,Shop_10_P0052,Item_52,23081,475,2 days,30 days,Out of Stock,3.5,Free shipping,No,3.8/5,India
Shop_10,Shop_10_P0053,Item_53,32846,231,4 days,14 days,Out of Stock,4.4,None,No,5.0/5,India
Shop_10,Shop_10_P0054,Item_54,8209,686,7 days,7 days,Out of Stock,4.5,10% off,No,3.2/5,India
Shop_10,Shop_10_P0055,Item_55,33435,154,3 days,14 days,In Stock,3.7,Free shipping,No,4.5/5,India
Shop_10,Shop_10_P0056,Item_56,35858,396,1 days,30 days,Out of Stock,3.7,10% off,Yes,4.6/5,India
Shop_10,Shop_10_P0057,Item_57,37583,561,7 days,30 days,In Stock,3.8,Free shipping,No,4.3/5,India
Shop_10,Shop_10_P0058,Item_58,38603,697,6 days,7 days,Out of Stock,4.0,10% off,Yes,4.7/5,India
Shop_10,Shop_10_P0059,Item_59,32447,674,5 days,7 days,Out of Stock,3.8,10% off,No,4.3/5,India
Shop_10,Shop_10_P0060,Item_60,4763,646,6 days,14 days,In Stock,3.7,Free shipping,Yes,3.7/5,India
Shop_10,Shop_10_P0061,Item_61,13311,383,1 days,7 days,Out of Stock,4.6,10% off,No,4.2/5,India
Shop_10,Shop_10_P0062,Item_62,15639,436,6 days,7 days,In Stock,4.5,None,No,3.2/5,India
Shop_10,Shop_10_P0063,Item_63,48860,103,5 days,30 days,Out of Stock,4.3,None,No,3.7/5,India
Shop_10,Shop_10_P0064,Item_64,44903,267,6 days,7 days,Out of Stock,3.4,Free shipping,Yes,5.0/5,India
Shop_10,Shop_10_P0065,Item_65,34369,255,7 days,30 days,Out of Stock,4.7,None,Yes,3.2/5,India
Shop_10,Shop_10_P0066,Item_66,19137,284,4 days,14 days,Out of Stock,3.4,None,No,4.5/5,India
Shop_10,Shop_10_P0067,Item_67,42514,654,7 days,14 days,In Stock,4.9,Free shipping,No,4.2/5,India
Shop_10,Shop_10_P0068,Item_68,19892,475,3 days,14 days,Out of Stock,3.2,10% off,Yes,3.8/5,India
Shop_10,Shop_10_P0069,Item_69,46354,436,1 days,14 days,Out of Stock,3.4,Free shipping,No,4.8/5,India
Shop_10,Shop_10_P0070,Item_70,33545,559,1 days,14 days,In Stock,3.6,Free shipping,Yes,4.4/5,India
Shop_10,Shop_10_P0071,Item_71,30428,222,1 days,14 days,In Stock,4.1,None,Yes,4.9/5,India
Shop_10,Shop_10_P0072,Item_72,31088,382,4 days,14 days,Out of Stock,4.9,10% off,Yes,4.7/5,India
Shop_10,Shop_10_P0073,Item_73,38600,274,2 days,14 days,In Stock,3.6,None,Yes,4.9/5,India
Shop_10,Shop_10_P0074,Item_74,18195,384,3 days,7 days,In Stock,4.5,None,Yes,4.1/5,India
Shop_10,Shop_10_P0075,Item_75,18342,436,3 days,30 days,Out of Stock,4.2,None,Yes,4.8/5,India
Shop_10,Shop_10_P0076,Item_76,21679,327,2 days,7 days,Out of Stock,3.5,Free shipping,Yes,3.7/5,India
Shop_10,Shop_10_P0077,Item_77,39003,568,3 days,14 days,Out of Stock,4.8,Free shipping,No,3.7/5,India
Shop_10,Shop_10_P0078,Item_78,16323,124,3 days,14 days,Out of Stock,4.9,None,No,4.5/5,India
Shop_10,Shop_10_P0079,Item_79,26714,408,3 days,7 days,Out of Stock,3.4,None,No,3.7/5,India
Shop_10,Shop_10_P0080,Item_80,30116,495,1 days,7 days,Out of Stock,4.1,10% off,No,3.4/5,India
Shop_10,Shop_10_P0081,Item_81,41697,416,3 days,14 days,Out of Stock,3.8,Free shipping,Yes,3.8/5,India
Shop_10,Shop_10_P0082,Item_82,48730,261,1 days,14 days,In Stock,4.6,Free shipping,No,3.3/5,India
Shop_10,Shop_10_P0083,Item_83,8905,266,1 days,14 days,In Stock,4.9,Free shipping,No,4.4/5,India
Shop_10,Shop_10_P0084,Item_84,15476,298,2 days,7 days,In Stock,4.1,10% off,No,4.1/5,India
Shop_10,Shop_10_P0085,Item_85,7398,139,7 days,30 days,In Stock,4.9,10% off,Yes,3.4/5,India
Shop_10,Shop_10_P0086,Item_86,33606,451,3 days,7 days,Out of Stock,4.3,Free shipping,Yes,3.5/5,India
Shop_10,Shop_10_P0087,Item_87,33374,200,5 days,14 days,Out of Stock,3.4,None,Yes,5.0/5,India
Shop_10,Shop_10_P0088,Item_88,28621,367,3 days,14 days,Out of Stock,3.8,None,Yes,4.4/5,India
Shop_10,Shop_10_P0089,Item_89,7381,471,2 days,7 days,In Stock,4.4,10% off,Yes,3.5/5,India
Shop_10,Shop_10_P0090,Item_90,36196,664,7 days,14 days,Out of Stock,3.1,None,Yes,3.1/5,India
Shop_10,Shop_10_P0091,Item_91,8210,586,3 days,14 days,Out of Stock,3.9,10% off,No,3.5/5,India
Shop_10,Shop_10_P0092,Item_92,8902,302,4 days,7 days,Out of Stock,3.9,None,No,4.6/5,India
Shop_10,Shop_10_P0093,Item_93,12973,212,7 days,14 days,In Stock,4.4,Free shipping,Yes,3.1/5,India
Shop_10,Shop_10_P0094,Item_94,16032,679,6 days,14 days,In Stock,4.2,10% off,No,4.1/5,India
Shop_10,Shop_10_P0095,Item_95,17586,556,2 days,30 days,In Stock,3.7,None,No,4.9/5,India
Shop_10,Shop_10_P0096,Item_96,41973,241,7 days,7 days,In Stock,4.6,None,No,3.3/5,India
Shop_10,Shop_10_P0097,Item_97,16198,321,5 days,30 days,In Stock,4.9,Free shipping,No,3.2/5,India
Shop_10,Shop_10_P0098,Item_98,9180,35,2 days,30 days,Out of Stock,3.9,None,Yes,4.5/5,India
Shop_10,Shop_10_P0099,Item_99,31977,54,7 days,14 days,In Stock,4.2,Free shipping,No,4.6/5,India
Shop_10,Shop_10_P0100,Item_100,39116,665,2 days,14 days,In Stock,3.3,Free shipping,Yes,3.2/5,India
Shop_11,Shop_11_P0001,Item_1,5657,244,7 days,30 days,In Stock,3.8,10% off,No,4.6/5,India
Shop_11,Shop_11_P0002,Item_2,10076,249,4 days,14 days,In Stock,5.0,Free shipping,Yes,5.0/5,India
Shop_11,Shop_11_P0003,Item_3,19897,40,6 days,7 days,Out of Stock,3.2,Free shipping,No,3.4/5,India
Shop_11,Shop_11_P0004,Item_4,46967,211,7 days,7 days,Out of Stock,3.9,Free shipping,Yes,4.7/5,India
Shop_11,Shop_11_P0005,Item_5,40365,193,5 days,30 days,In Stock,3.9,None,No,3.5/5,India
Shop_11,Shop_11_P0006,Item_6,27150,414,1 days,30 days,In Stock,4.3,None,No,3.2/5,India
Shop_11,Shop_11_P0007,Item_7,8462,132,4 days,30 days,Out of Stock,4.0,None,No,3.9/5,India
Shop_11,Shop_11_P0008,Item_8,49589,376,7 days,14 days,In Stock,3.7,Free shipping,No,4.1/5,India
Shop_11,Shop_11_P0009,Item_9,9604,650,2 days,30 days,Out of Stock,4.6,10% off,Yes,3.4/5,India
Shop_11,Shop_11_P0010,Item_10,36694,596,4 days,7 days,In Stock,4.6,None,No,3.9/5,India
Shop_11,Shop_11_P0011,Item_11,43497,176,3 days,14 days,In Stock,4.7,10% off,No,3.4/5,India
Shop_11,Shop_11_P0012,Item_12,32570,405,7 days,30 days,Out of Stock,3.5,Free shipping,Yes,4.9/5,India
Shop_11,Shop_11_P0013,Item_13,1778,399,6 days,7 days,Out of Stock,4.0,10% off,Yes,3.2/5,India
Shop_11,Shop_11_P0014,Item_14,42235,420,3 days,30 days,In Stock,4.2,None,No,3.0/5,India
Shop_11,Shop_11_P0015,Item_15,39634,397,7 days,7 days,Out of Stock,4.0,Free shipping,No,3.2/5,India
Shop_11,Shop_11_P0016,Item_16,4698,34,2 days,14 days,In Stock,3.8,Free shipping,No,3.8/5,India
Shop_11,Shop_11_P0017,Item_17,20286,349,5 days,7 days,Out of Stock,4.7,None,No,3.4/5,India
Shop_11,Shop_11_P0018,Item_18,23931,370,2 days,30 days,In Stock,3.2,10% off,No,3.4/5,India
Shop_11,Shop_11_P0019,Item_19,3691,455,1 days,30 days,In Stock,4.4,10% off,No,4.5/5,India
Shop_11,Shop_11_P0020,Item_20,15939,71,5 days,7 days,Out of Stock,3.1,None,Yes,3.5/5,India
Shop_11,Shop_11_P0021,Item_21,42403,73,1 days,30 days,Out of Stock,3.2,10% off,No,4.3/5,India
Shop_11,Shop_11_P0022,Item_22,46605,80,1 days,7 days,In Stock,3.3,10% off,No,3.7/5,India
Shop_11,Shop_11_P0023,Item_23,21572,375,7 days,7 days,Out of Stock,3.4,None,No,4.4/5,India
Shop_11,Shop_11_P0024,Item_24,7058,691,4 days,30 days,Out of Stock,4.6,None,No,3.7/5,India
Shop_11,Shop_11_P0025,Item_25,48824,418,1 days,30 days,In Stock,4.2,None,Yes,3.1/5,India
Shop_11,Shop_11_P0026,Item_26,42180,133,3 days,14 days,Out of Stock,3.8,None,Yes,3.3/5,India
Shop_11,Shop_11_P0027,Item_27,16216,123,6 days,7 days,In Stock,3.2,10% off,Yes,3.3/5,India
Shop_11,Shop_11_P0028,Item_28,9802,422,5 days,7 days,Out of Stock,4.2,Free shipping,Yes,4.7/5,India
Shop_11,Shop_11_P0029,Item_29,43201,30,5 days,7 days,Out of Stock,3.3,None,Yes,3.2/5,India
Shop_11,Shop_11_P0030,Item_30,36223,324,1 days,7 days,Out of Stock,5.0,Free shipping,Yes,4.9/5,India
Shop_11,Shop_11_P0031,Item_31,30301,123,4 days,14 days,Out of Stock,4.1,10% off,Yes,3.4/5,India
Shop_11,Shop_11_P0032,Item_32,19196,302,4 days,14 days,Out of Stock,4.5,None,Yes,4.1/5,India
Shop_11,Shop_11_P0033,Item_33,23674,435,1 days,7 days,Out of Stock,4.4,None,No,3.6/5,India
Shop_11,Shop_11_P0034,Item_34,32103,157,3 days,14 days,Out of Stock,3.7,None,Yes,4.5/5,India
Shop_11,Shop_11_P0035,Item_35,34344,428,5 days,14 days,In Stock,4.0,None,No,4.5/5,India
Shop_11,Shop_11_P0036,Item_36,12780,516,3 days,30 days,In Stock,3.3,None,Yes,4.6/5,India
Shop_11,Shop_11_P0037,Item_37,11677,356,6 days,14 days,Out of Stock,4.5,Free shipping,Yes,3.6/5,India
Shop_11,Shop_11_P0038,Item_38,31798,393,4 days,7 days,In Stock,3.1,None,Yes,3.3/5,India
Shop_11,Shop_11_P0039,Item_39,5352,34,1 days,30 days,Out of Stock,4.0,10% off,Yes,4.3/5,India
Shop_11,Shop_11_P0040,Item_40,14451,586,2 days,30 days,In Stock,4.1,10% off,No,3.4/5,India
Shop_11,Shop_11_P0041,Item_41,27059,37,4 days,7 days,In Stock,3.5,10% off,Yes,3.5/5,India
Shop_11,Shop_11_P0042,Item_42,9166,601,2 days,14 days,Out of Stock,3.5,10% off,No,4.4/5,India
Shop_11,Shop_11_P0043,Item_43,34979,130,1 days,7 days,Out of Stock,4.3,10% off,No,4.8/5,India
Shop_11,Shop_11_P0044,Item_44,13007,487,5 days,14 days,Out of Stock,3.2,None,Yes,4.3/5,India
Shop_11,Shop_11_P0045,Item_45,49310,656,4 days,14 days,Out of Stock,4.3,Free shipping,No,3.4/5,India
Shop_11,Shop_11_P0046,Item_46,23481,259,7 days,14 days,Out of Stock,4.5,None,No,4.0/5,India
Shop_11,Shop_11_P0047,Item_47,3722,426,5 days,7 days,Out of Stock,4.8,10% off,Yes,3.0/5,India
Shop_11,Shop_11_P0048,Item_48,10910,671,3 days,14 days,In Stock,4.3,None,Yes,4.9/5,India
Shop_11,Shop_11_P0049,Item_49,6507,46,2 days,7 days,Out of Stock,3.6,10% off,Yes,4.5/5,India
Shop_11,Shop_11_P0050,Item_50,9967,229,1 days,14 days,In Stock,3.8,Free shipping,No,4.0/5,India
Shop_11,Shop_11_P0051,Item_51,5167,605,3 days,14 days,In Stock,3.3,None,No,4.6/5,India
Shop_11,Shop_11_P0052,Item_52,21271,184,1 days,7 days,Out of Stock,3.3,10% off,Yes,4.1/5,India
Shop_11,Shop_11_P0053,Item_53,40785,677,6 days,14 days,In Stock,3.7,10% off,No,3.5/5,India
Shop_11,Shop_11_P0054,Item_54,44371,417,3 days,7 days,Out of Stock,4.9,None,No,3.8/5,India
Shop_11,Shop_11_P0055,Item_55,49883,324,7 days,7 days,Out of Stock,3.0,Free shipping,No,4.5/5,India
Shop_11,Shop_11_P0056,Item_56,12474,393,7 days,7 days,In Stock,4.8,Free shipping,No,3.4/5,India
Shop_11,Shop_11_P0057,Item_57,24772,672,3 days,14 days,In Stock,4.4,None,No,4.4/5,India
Shop_11,Shop_11_P0058,Item_58,15849,39,3 days,7 days,Out of Stock,4.5,None,Yes,3.5/5,India
Shop_11,Shop_11_P0059,Item_59,40559,72,4 days,30 days,In Stock,3.2,10% off,Yes,3.2/5,India
Shop_11,Shop_11_P0060,Item_60,7874,510,2 days,14 days,Out of Stock,3.0,10% off,Yes,4.4/5,India
Shop_11,Shop_11_P0061,Item_61,34290,671,2 days,30 days,In Stock,4.4,Free shipping,No,4.2/5,India
Shop_11,Shop_11_P0062,Item_62,16171,257,4 days,30 days,In Stock,3.4,10% off,No,3.9/5,India
Shop_11,Shop_11_P0063,Item_63,41444,78,3 days,7 days,In Stock,4.4,None,No,3.9/5,India
Shop_11,Shop_11_P0064,Item_64,43195,124,4 days,7 days,Out of Stock,4.8,10% off,Yes,4.2/5,India
Shop_11,Shop_11_P0065,Item_65,31201,523,6 days,30 days,Out of Stock,3.8,None,No,4.6/5,India
Shop_11,Shop_11_P0066,Item_66,12835,200,6 days,14 days,Out of Stock,3.8,Free shipping,No,3.3/5,India
Shop_11,Shop_11_P0067,Item_67,11511,75,2 days,30 days,Out of Stock,5.0,10% off,Yes,3.3/5,India
Shop_11,Shop_11_P0068,Item_68,47047,499,4 days,7 days,In Stock,3.1,None,No,4.8/5,India
Shop_11,Shop_11_P0069,Item_69,25274,254,1 days,30 days,Out of Stock,3.9,None,No,3.6/5,India
Shop_11,Shop_11_P0070,Item_70,18858,617,3 days,14 days,Out of Stock,4.8,10% off,No,3.3/5,India
Shop_11,Shop_11_P0071,Item_71,16050,25,4 days,14 days,Out of Stock,3.2,None,No,3.8/5,India
Shop_11,Shop_11_P0072,Item_72,16670,439,7 days,14 days,Out of Stock,3.8,Free shipping,No,4.3/5,India
Shop_11,Shop_11_P0073,Item_73,16004,630,4 days,7 days,In Stock,4.0,None,Yes,3.8/5,India
Shop_11,Shop_11_P0074,Item_74,1268,335,6 days,30 days,In Stock,4.1,Free shipping,Yes,3.5/5,India
Shop_11,Shop_11_P0075,Item_75,15689,49,2 days,7 days,Out of Stock,4.3,Free shipping,No,3.8/5,India
Shop_11,Shop_11_P0076,Item_76,43230,403,5 days,30 days,In Stock,4.6,Free shipping,Yes,4.3/5,India
Shop_11,Shop_11_P0077,Item_77,19087,57,4 days,7 days,Out of Stock,3.4,None,No,4.6/5,India
Shop_11,Shop_11_P0078,Item_78,38433,74,3 days,30 days,In Stock,3.8,Free shipping,No,3.8/5,India
Shop_11,Shop_11_P0079,Item_79,11936,122,5 days,7 days,In Stock,3.3,Free shipping,No,4.9/5,India
Shop_11,Shop_11_P0080,Item_80,16393,530,6 days,7 days,Out of Stock,3.8,None,No,3.8/5,India
Shop_11,Shop_11_P0081,Item_81,48956,399,4 days,14 days,Out of Stock,3.5,10% off,No,3.3/5,India
Shop_11,Shop_11_P0082,Item_82,10283,416,2 days,14 days,In Stock,3.0,Free shipping,No,3.1/5,India
Shop_11,Shop_11_P0083,Item_83,42474,117,7 days,14 days,Out of Stock,3.2,Free shipping,No,4.7/5,India
Shop_11,Shop_11_P0084,Item_84,39682,94,7 days,30 days,Out of Stock,3.0,Free shipping,No,4.4/5,India
Shop_11,Shop_11_P0085,Item_85,29230,95,7 days,14 days,In Stock,3.5,10% off,Yes,3.5/5,India
Shop_11,Shop_11_P0086,Item_86,16841,187,4 days,30 days,In Stock,4.9,None,No,4.2/5,India
Shop_11,Shop_11_P0087,Item_87,10014,419,6 days,7 days,Out of Stock,3.5,10% off,No,3.4/5,India
Shop_11,Shop_11_P0088,Item_88,40897,545,3 days,14 days,Out of Stock,3.9,None,No,4.3/5,India
Shop_11,Shop_11_P0089,Item_89,23111,118,6 days,14 days,Out of Stock,3.7,Free shipping,Yes,3.6/5,India
Shop_11,Shop_11_P0090,Item_90,4959,224,3 days,14 days,Out of Stock,3.4,10% off,Yes,3.2/5,India
Shop_11,Shop_11_P0091,Item_91,48655,250,5 days,14 days,In Stock,4.9,10% off,Yes,3.0/5,India
Shop_11,Shop_11_P0092,Item_92,28364,45,4 days,14 days,Out of Stock,4.0,Free shipping,No,4.1/5,India
Shop_11,Shop_11_P0093,Item_93,36410,415,4 days,7 days,In Stock,5.0,None,Yes,4.9/5,India
Shop_11,Shop_11_P0094,Item_94,34600,530,6 days,14 days,In Stock,4.4,None,No,4.6/5,India
Shop_11,Shop_11_P0095,Item_95,4830,286,7 days,30 days,Out of Stock,4.2,None,No,4.2/5,India
Shop_11,Shop_11_P0096,Item_96,36249,652,1 days,30 days,Out of Stock,4.3,10% off,Yes,4.2/5,India
Shop_11,Shop_11_P0097,Item_97,43990,194,4 days,14 days,In Stock,3.6,10% off,Yes,3.9/5,India
Shop_11,Shop_11_P0098,Item_98,49600,601,2 days,14 days,Out of Stock,3.3,10% off,No,4.5/5,India
Shop_11,Shop_11_P0099,Item_99,37703,625,5 days,14 days,Out of Stock,3.3,None,Yes,3.7/5,India
Shop_11,Shop_11_P0100,Item_100,8467,470,5 days,7 days,Out of Stock,4.6,Free shipping,Yes,4.6/5,India
Shop_12,Shop_12_P0001,Item_1,47686,143,3 days,14 days,Out of Stock,3.3,None,Yes,3.1/5,India
Shop_12,Shop_12_P0002,Item_2,23785,614,7 days,14 days,Out of Stock,3.3,None,No,3.0/5,India
Shop_12,Shop_12_P0003,Item_3,7774,520,1 days,30 days,In Stock,3.9,Free shipping,Yes,4.7/5,India
Shop_12,Shop_12_P0004,Item_4,46766,197,6 days,30 days,In Stock,3.1,None,No,4.0/5,India
Shop_12,Shop_12_P0005,Item_5,40491,423,4 days,30 days,In Stock,3.3,Free shipping,Yes,3.7/5,India
Shop_12,Shop_12_P0006,Item_6,39167,677,3 days,7 days,In Stock,4.2,Free shipping,No,4.8/5,India
Shop_12,Shop_12_P0007,Item_7,37247,67,2 days,14 days,In Stock,4.3,None,No,3.4/5,India
Shop_12,Shop_12_P0008,Item_8,13299,622,7 days,14 days,Out of Stock,3.6,None,No,4.7/5,India
Shop_12,Shop_12_P0009,Item_9,41327,46,7 days,7 days,In Stock,4.6,None,No,3.4/5,India
Shop_12,Shop_12_P0010,Item_10,17893,285,3 days,14 days,In Stock,4.7,Free shipping,Yes,3.5/5,India
Shop_12,Shop_12_P0011,Item_11,23657,175,5 days,14 days,In Stock,4.2,10% off,Yes,3.1/5,India
Shop_12,Shop_12_P0012,Item_12,9459,98,7 days,30 days,In Stock,3.4,None,Yes,4.8/5,India
Shop_12,Shop_12_P0013,Item_13,622,166,7 days,14 days,In Stock,3.9,10% off,No,3.6/5,India
Shop_12,Shop_12_P0014,Item_14,16641,642,2 days,30 days,In Stock,3.0,None,No,3.8/5,India
Shop_12,Shop_12_P0015,Item_15,29968,188,6 days,30 days,Out of Stock,3.1,10% off,No,4.9/5,India
Shop_12,Shop_12_P0016,Item_16,32473,602,4 days,14 days,Out of Stock,3.6,Free shipping,No,4.8/5,India
Shop_12,Shop_12_P0017,Item_17,2922,213,3 days,30 days,Out of Stock,4.7,None,Yes,5.0/5,India
Shop_12,Shop_12_P0018,Item_18,26563,655,6 days,7 days,Out of Stock,4.2,Free shipping,No,3.7/5,India
Shop_12,Shop_12_P0019,Item_19,11797,382,1 days,14 days,In Stock,3.4,None,Yes,4.3/5,India
Shop_12,Shop_12_P0020,Item_20,17346,241,4 days,14 days,Out of Stock,4.6,None,No,3.8/5,India
Shop_12,Shop_12_P0021,Item_21,34916,205,3 days,14 days,In Stock,4.4,Free shipping,No,4.2/5,India
Shop_12,Shop_12_P0022,Item_22,6074,406,4 days,14 days,In Stock,4.5,Free shipping,Yes,3.9/5,India
Shop_12,Shop_12_P0023,Item_23,40758,102,3 days,14 days,Out of Stock,4.0,Free shipping,No,4.4/5,India
Shop_12,Shop_12_P0024,Item_24,14539,635,7 days,30 days,In Stock,4.8,10% off,Yes,3.3/5,India
Shop_12,Shop_12_P0025,Item_25,39687,417,6 days,14 days,Out of Stock,3.3,10% off,No,4.6/5,India
Shop_12,Shop_12_P0026,Item_26,31583,59,1 days,14 days,In Stock,3.5,None,No,3.8/5,India
Shop_12,Shop_12_P0027,Item_27,27023,453,2 days,30 days,Out of Stock,3.8,Free shipping,Yes,3.8/5,India
Shop_12,Shop_12_P0028,Item_28,27558,692,4 days,7 days,Out of Stock,4.9,Free shipping,Yes,3.7/5,India
Shop_12,Shop_12_P0029,Item_29,15872,555,4 days,7 days,In Stock,4.2,10% off,Yes,3.3/5,India
Shop_12,Shop_12_P0030,Item_30,27267,699,2 days,30 days,In Stock,4.0,None,No,4.7/5,India
Shop_12,Shop_12_P0031,Item_31,26443,248,6 days,30 days,Out of Stock,4.3,Free shipping,Yes,3.8/5,India
Shop_12,Shop_12_P0032,Item_32,10437,608,3 days,14 days,Out of Stock,4.7,10% off,Yes,4.0/5,India
Shop_12,Shop_12_P0033,Item_33,29736,679,5 days,7 days,In Stock,4.1,Free shipping,Yes,3.3/5,India
Shop_12,Shop_12_P0034,Item_34,16682,680,6 days,7 days,In Stock,4.2,Free shipping,No,3.2/5,India
Shop_12,Shop_12_P0035,Item_35,27441,586,4 days,30 days,Out of Stock,4.0,Free shipping,No,3.5/5,India
Shop_12,Shop_12_P0036,Item_36,23252,517,1 days,14 days,In Stock,4.5,Free shipping,No,3.1/5,India
Shop_12,Shop_12_P0037,Item_37,34856,447,3 days,7 days,Out of Stock,4.1,10% off,Yes,4.5/5,India
Shop_12,Shop_12_P0038,Item_38,36325,506,2 days,7 days,In Stock,4.5,10% off,No,3.3/5,India
Shop_12,Shop_12_P0039,Item_39,5312,491,5 days,14 days,In Stock,3.3,Free shipping,Yes,4.3/5,India
Shop_12,Shop_12_P0040,Item_40,10595,461,1 days,30 days,Out of Stock,3.8,None,No,4.9/5,India
Shop_12,Shop_12_P0041,Item_41,20852,575,7 days,14 days,Out of Stock,4.8,10% off,Yes,4.7/5,India
Shop_12,Shop_12_P0042,Item_42,27323,198,5 days,7 days,Out of Stock,3.3,10% off,Yes,3.5/5,India
Shop_12,Shop_12_P0043,Item_43,41992,692,3 days,7 days,Out of Stock,3.6,10% off,No,4.6/5,India
Shop_12,Shop_12_P0044,Item_44,16601,577,7 days,14 days,Out of Stock,4.2,None,Yes,5.0/5,India
Shop_12,Shop_12_P0045,Item_45,48103,165,5 days,30 days,Out of Stock,4.9,10% off,No,4.0/5,India
Shop_12,Shop_12_P0046,Item_46,7697,506,6 days,14 days,In Stock,3.9,None,Yes,4.3/5,India
Shop_12,Shop_12_P0047,Item_47,48308,343,7 days,14 days,Out of Stock,4.8,None,Yes,3.0/5,India
Shop_12,Shop_12_P0048,Item_48,35951,620,1 days,7 days,Out of Stock,3.8,10% off,No,3.8/5,India
Shop_12,Shop_12_P0049,Item_49,36690,445,1 days,30 days,Out of Stock,4.0,10% off,Yes,4.5/5,India
Shop_12,Shop_12_P0050,Item_50,26286,268,6 days,7 days,In Stock,4.5,None,No,4.8/5,India
Shop_12,Shop_12_P0051,Item_51,29184,327,2 days,30 days,In Stock,3.9,Free shipping,Yes,3.9/5,India
Shop_12,Shop_12_P0052,Item_52,4619,41,2 days,7 days,Out of Stock,4.4,None,No,4.3/5,India
Shop_12,Shop_12_P0053,Item_53,28936,104,4 days,30 days,In Stock,4.2,Free shipping,No,4.4/5,India
Shop_12,Shop_12_P0054,Item_54,41926,420,5 days,14 days,In Stock,4.7,None,No,4.0/5,India
Shop_12,Shop_12_P0055,Item_55,48315,397,1 days,14 days,In Stock,4.8,Free shipping,Yes,4.0/5,India
Shop_12,Shop_12_P0056,Item_56,49671,187,1 days,7 days,Out of Stock,4.3,None,Yes,3.2/5,India
Shop_12,Shop_12_P0057,Item_57,8481,411,1 days,7 days,In Stock,3.9,None,No,4.5/5,India
Shop_12,Shop_12_P0058,Item_58,758,272,7 days,30 days,In Stock,4.6,None,Yes,4.9/5,India
Shop_12,Shop_12_P0059,Item_59,1597,529,7 days,7 days,Out of Stock,4.4,Free shipping,Yes,3.5/5,India
Shop_12,Shop_12_P0060,Item_60,36897,210,6 days,14 days,In Stock,3.5,10% off,Yes,4.8/5,India
Shop_12,Shop_12_P0061,Item_61,26753,594,5 days,30 days,In Stock,4.0,Free shipping,Yes,4.0/5,India
Shop_12,Shop_12_P0062,Item_62,24920,304,4 days,14 days,In Stock,3.8,10% off,Yes,3.5/5,India
Shop_12,Shop_12_P0063,Item_63,33755,402,3 days,7 days,Out of Stock,3.1,Free shipping,No,4.9/5,India
Shop_12,Shop_12_P0064,Item_64,46391,559,7 days,14 days,In Stock,3.5,None,No,4.7/5,India
Shop_12,Shop_12_P0065,Item_65,24867,479,2 days,14 days,Out of Stock,3.6,Free shipping,No,3.5/5,India
Shop_12,Shop_12_P0066,Item_66,36594,309,6 days,30 days,In Stock,4.2,Free shipping,Yes,3.2/5,India
Shop_12,Shop_12_P0067,Item_67,35873,360,7 days,7 days,Out of Stock,3.7,Free shipping,No,4.0/5,India
Shop_12,Shop_12_P0068,Item_68,36594,584,4 days,30 days,Out of Stock,4.4,10% off,No,3.6/5,India
Shop_12,Shop_12_P0069,Item_69,27329,114,6 days,14 days,In Stock,5.0,None,No,4.5/5,India
Shop_12,Shop_12_P0070,Item_70,17609,486,6 days,30 days,In Stock,4.2,10% off,Yes,4.7/5,India
Shop_12,Shop_12_P0071,Item_71,21503,158,1 days,30 days,In Stock,3.2,None,Yes,4.3/5,India
Shop_12,Shop_12_P0072,Item_72,49053,409,5 days,7 days,Out of Stock,3.1,None,Yes,4.0/5,India
Shop_12,Shop_12_P0073,Item_73,34163,556,6 days,7 days,Out of Stock,4.9,None,No,3.1/5,India
Shop_12,Shop_12_P0074,Item_74,25949,153,2 days,14 days,Out of Stock,4.6,Free shipping,No,4.1/5,India
Shop_12,Shop_12_P0075,Item_75,2614,257,4 days,30 days,Out of Stock,4.0,10% off,Yes,4.5/5,India
Shop_12,Shop_12_P0076,Item_76,21368,478,7 days,7 days,In Stock,4.9,None,No,4.1/5,India
Shop_12,Shop_12_P0077,Item_77,35507,656,3 days,14 days,In Stock,4.9,10% off,Yes,3.0/5,India
Shop_12,Shop_12_P0078,Item_78,10406,81,6 days,14 days,Out of Stock,3.5,10% off,No,4.8/5,India
Shop_12,Shop_12_P0079,Item_79,6799,187,2 days,30 days,In Stock,3.2,None,No,4.0/5,India
Shop_12,Shop_12_P0080,Item_80,32482,107,6 days,14 days,Out of Stock,3.3,None,Yes,3.2/5,India
Shop_12,Shop_12_P0081,Item_81,7485,602,2 days,7 days,Out of Stock,4.5,None,No,3.2/5,India
Shop_12,Shop_12_P0082,Item_82,46395,603,7 days,30 days,In Stock,3.7,10% off,No,4.0/5,India
Shop_12,Shop_12_P0083,Item_83,22381,161,7 days,30 days,In Stock,4.2,Free shipping,No,4.8/5,India
Shop_12,Shop_12_P0084,Item_84,15567,229,1 days,7 days,In Stock,3.7,Free shipping,Yes,3.1/5,India
Shop_12,Shop_12_P0085,Item_85,44849,671,2 days,14 days,Out of Stock,4.5,None,No,4.6/5,India
Shop_12,Shop_12_P0086,Item_86,24173,201,7 days,7 days,Out of Stock,4.5,10% off,No,5.0/5,India
Shop_12,Shop_12_P0087,Item_87,19644,161,7 days,14 days,Out of Stock,4.4,None,No,3.6/5,India
Shop_12,Shop_12_P0088,Item_88,37166,90,2 days,7 days,In Stock,3.0,None,Yes,3.7/5,India
Shop_12,Shop_12_P0089,Item_89,37279,221,3 days,14 days,In Stock,4.6,None,No,3.3/5,India
Shop_12,Shop_12_P0090,Item_90,9817,115,2 days,14 days,In Stock,3.5,None,Yes,3.1/5,India
Shop_12,Shop_12_P0091,Item_91,33202,295,1 days,14 days,Out of Stock,4.6,None,Yes,4.6/5,India
Shop_12,Shop_12_P0092,Item_92,27739,250,4 days,7 days,Out of Stock,3.5,None,No,4.4/5,India
Shop_12,Shop_12_P0093,Item_93,39908,275,1 days,30 days,Out of Stock,4.4,10% off,No,3.6/5,India
Shop_12,Shop_12_P0094,Item_94,19186,650,7 days,14 days,Out of Stock,5.0,10% off,No,3.3/5,India
Shop_12,Shop_12_P0095,Item_95,10744,474,5 days,7 days,In Stock,4.9,None,Yes,4.8/5,India
Shop_12,Shop_12_P0096,Item_96,18900,281,3 days,30 days,In Stock,3.6,Free shipping,Yes,3.8/5,India
Shop_12,Shop_12_P0097,Item_97,21682,65,4 days,7 days,Out of Stock,4.5,10% off,Yes,4.3/5,India
Shop_12,Shop_12_P0098,Item_98,24392,487,1 days,7 days,In Stock,3.7,Free shipping,No,3.8/5,India
Shop_12,Shop_12_P0099,Item_99,32480,318,6 days,7 days,Out of Stock,4.4,None,No,3.9/5,India
Shop_12,Shop_12_P0100,Item_100,22022,416,2 days,7 days,Out of Stock,4.2,Free shipping,Yes,4.9/5,India
Shop_13,Shop_13_P0001,Item_1,13635,78,3 days,30 days,Out of Stock,5.0,None,Yes,4.2/5,India
Shop_13,Shop_13_P0002,Item_2,6152,585,1 days,14 days,In Stock,3.4,10% off,Yes,3.4/5,India
Shop_13,Shop_13_P0003,Item_3,8319,672,6 days,30 days,In Stock,4.5,10% off,Yes,4.9/5,India
Shop_13,Shop_13_P0004,Item_4,2563,258,6 days,30 days,Out of Stock,4.5,10% off,No,3.3/5,India
Shop_13,Shop_13_P0005,Item_5,48434,663,1 days,30 days,In Stock,4.3,None,No,3.6/5,India
Shop_13,Shop_13_P0006,Item_6,45051,416,7 days,7 days,Out of Stock,4.7,Free shipping,Yes,5.0/5,India
Shop_13,Shop_13_P0007,Item_7,10867,389,1 days,30 days,Out of Stock,3.6,Free shipping,Yes,4.4/5,India
Shop_13,Shop_13_P0008,Item_8,41128,44,2 days,30 days,In Stock,3.8,None,Yes,3.4/5,India
Shop_13,Shop_13_P0009,Item_9,40617,232,5 days,14 days,In Stock,3.1,10% off,Yes,4.6/5,India
Shop_13,Shop_13_P0010,Item_10,34308,108,1 days,30 days,Out of Stock,3.2,Free shipping,Yes,3.4/5,India
Shop_13,Shop_13_P0011,Item_11,49406,52,4 days,30 days,In Stock,4.7,Free shipping,Yes,3.4/5,India
Shop_13,Shop_13_P0012,Item_12,27740,445,5 days,7 days,Out of Stock,3.9,10% off,Yes,4.0/5,India
Shop_13,Shop_13_P0013,Item_13,36269,152,3 days,30 days,Out of Stock,3.7,10% off,Yes,4.9/5,India
Shop_13,Shop_13_P0014,Item_14,36475,73,7 days,7 days,Out of Stock,4.6,Free shipping,No,4.5/5,India
Shop_13,Shop_13_P0015,Item_15,43454,29,2 days,7 days,In Stock,4.8,None,Yes,3.4/5,India
Shop_13,Shop_13_P0016,Item_16,21221,71,6 days,30 days,In Stock,3.9,Free shipping,No,3.1/5,India
Shop_13,Shop_13_P0017,Item_17,45677,418,1 days,14 days,Out of Stock,4.3,None,No,5.0/5,India
Shop_13,Shop_13_P0018,Item_18,39518,54,1 days,30 days,In Stock,4.1,None,No,5.0/5,India
Shop_13,Shop_13_P0019,Item_19,9210,268,4 days,30 days,In Stock,4.7,Free shipping,Yes,4.2/5,India
Shop_13,Shop_13_P0020,Item_20,14810,514,2 days,14 days,Out of Stock,3.8,10% off,Yes,3.6/5,India
Shop_13,Shop_13_P0021,Item_21,8393,610,6 days,14 days,Out of Stock,3.2,Free shipping,Yes,4.4/5,India
Shop_13,Shop_13_P0022,Item_22,22171,418,5 days,30 days,Out of Stock,4.7,None,No,4.7/5,India
Shop_13,Shop_13_P0023,Item_23,8077,558,2 days,7 days,In Stock,3.1,None,Yes,3.2/5,India
Shop_13,Shop_13_P0024,Item_24,5529,573,5 days,30 days,In Stock,3.7,Free shipping,No,3.2/5,India
Shop_13,Shop_13_P0025,Item_25,35890,563,3 days,30 days,In Stock,3.1,10% off,Yes,4.8/5,India
Shop_13,Shop_13_P0026,Item_26,18850,303,2 days,14 days,In Stock,3.2,Free shipping,Yes,3.1/5,India
Shop_13,Shop_13_P0027,Item_27,31195,482,2 days,14 days,In Stock,3.5,Free shipping,Yes,4.4/5,India
Shop_13,Shop_13_P0028,Item_28,11653,501,4 days,14 days,In Stock,4.0,None,No,3.5/5,India
Shop_13,Shop_13_P0029,Item_29,4679,149,3 days,14 days,Out of Stock,4.9,None,No,4.7/5,India
Shop_13,Shop_13_P0030,Item_30,21792,111,5 days,14 days,Out of Stock,3.7,Free shipping,Yes,4.6/5,India
Shop_13,Shop_13_P0031,Item_31,40351,533,6 days,30 days,In Stock,5.0,10% off,Yes,4.5/5,India
Shop_13,Shop_13_P0032,Item_32,40149,109,2 days,7 days,Out of Stock,3.5,Free shipping,No,3.0/5,India
Shop_13,Shop_13_P0033,Item_33,28303,288,7 days,14 days,Out of Stock,4.5,None,Yes,4.8/5,India
Shop_13,Shop_13_P0034,Item_34,31128,237,7 days,14 days,In Stock,5.0,None,Yes,4.9/5,India
Shop_13,Shop_13_P0035,Item_35,32141,609,3 days,14 days,Out of Stock,3.7,Free shipping,No,4.4/5,India
Shop_13,Shop_13_P0036,Item_36,48273,654,7 days,14 days,Out of Stock,4.4,Free shipping,Yes,4.4/5,India
Shop_13,Shop_13_P0037,Item_37,11546,371,4 days,30 days,Out of Stock,3.3,Free shipping,No,3.1/5,India
Shop_13,Shop_13_P0038,Item_38,46207,400,2 days,7 days,In Stock,3.7,10% off,Yes,4.6/5,India
Shop_13,Shop_13_P0039,Item_39,7967,617,2 days,14 days,Out of Stock,4.1,10% off,Yes,3.8/5,India
Shop_13,Shop_13_P0040,Item_40,46217,102,1 days,14 days,Out of Stock,4.1,None,Yes,4.7/5,India
Shop_13,Shop_13_P0041,Item_41,35302,170,3 days,14 days,Out of Stock,3.4,10% off,Yes,4.9/5,India
Shop_13,Shop_13_P0042,Item_42,4037,244,1 days,30 days,Out of Stock,4.8,None,No,4.0/5,India
Shop_13,Shop_13_P0043,Item_43,21759,157,2 days,7 days,Out of Stock,3.4,None,Yes,3.7/5,India
Shop_13,Shop_13_P0044,Item_44,7656,292,7 days,30 days,In Stock,3.1,10% off,Yes,3.3/5,India
Shop_13,Shop_13_P0045,Item_45,12709,374,5 days,14 days,In Stock,3.1,10% off,No,3.9/5,India
Shop_13,Shop_13_P0046,Item_46,37677,266,4 days,30 days,Out of Stock,3.6,10% off,Yes,4.3/5,India
Shop_13,Shop_13_P0047,Item_47,29090,259,4 days,7 days,In Stock,3.3,10% off,No,4.0/5,India
Shop_13,Shop_13_P0048,Item_48,44305,254,5 days,7 days,In Stock,3.4,10% off,No,4.1/5,India
Shop_13,Shop_13_P0049,Item_49,3021,598,4 days,14 days,Out of Stock,4.1,None,No,4.5/5,India
Shop_13,Shop_13_P0050,Item_50,24305,550,1 days,7 days,Out of Stock,4.2,None,No,4.2/5,India
Shop_13,Shop_13_P0051,Item_51,43817,626,6 days,30 days,In Stock,3.4,10% off,Yes,4.2/5,India
Shop_13,Shop_13_P0052,Item_52,36073,159,1 days,14 days,In Stock,3.1,None,No,3.5/5,India
Shop_13,Shop_13_P0053,Item_53,2019,466,2 days,7 days,Out of Stock,4.6,Free shipping,No,4.2/5,India
Shop_13,Shop_13_P0054,Item_54,7693,295,1 days,14 days,In Stock,4.7,10% off,Yes,3.5/5,India
Shop_13,Shop_13_P0055,Item_55,41153,339,6 days,7 days,In Stock,4.2,Free shipping,Yes,3.3/5,India
Shop_13,Shop_13_P0056,Item_56,1091,538,3 days,7 days,In Stock,4.0,10% off,Yes,3.2/5,India
Shop_13,Shop_13_P0057,Item_57,17781,36,7 days,7 days,In Stock,3.3,10% off,Yes,4.3/5,India
Shop_13,Shop_13_P0058,Item_58,34207,522,3 days,7 days,Out of Stock,4.7,Free shipping,Yes,4.9/5,India
Shop_13,Shop_13_P0059,Item_59,28920,548,4 days,14 days,In Stock,3.1,None,Yes,3.9/5,India
Shop_13,Shop_13_P0060,Item_60,1941,307,2 days,14 days,In Stock,4.6,None,No,3.7/5,India
Shop_13,Shop_13_P0061,Item_61,28116,673,3 days,14 days,In Stock,4.3,10% off,Yes,4.6/5,India
Shop_13,Shop_13_P0062,Item_62,47060,448,7 days,7 days,In Stock,3.2,None,Yes,4.4/5,India
Shop_13,Shop_13_P0063,Item_63,33885,333,7 days,14 days,Out of Stock,4.2,10% off,Yes,4.1/5,India
Shop_13,Shop_13_P0064,Item_64,47200,42,1 days,14 days,In Stock,4.1,Free shipping,Yes,4.7/5,India
Shop_13,Shop_13_P0065,Item_65,40172,189,5 days,14 days,Out of Stock,4.0,Free shipping,Yes,4.8/5,India
Shop_13,Shop_13_P0066,Item_66,29483,489,5 days,14 days,Out of Stock,3.3,None,No,5.0/5,India
Shop_13,Shop_13_P0067,Item_67,13927,207,3 days,14 days,In Stock,4.6,Free shipping,Yes,3.1/5,India
Shop_13,Shop_13_P0068,Item_68,26387,243,7 days,14 days,Out of Stock,4.6,None,Yes,4.6/5,India
Shop_13,Shop_13_P0069,Item_69,48693,635,4 days,7 days,In Stock,4.9,None,Yes,5.0/5,India
Shop_13,Shop_13_P0070,Item_70,13531,694,4 days,7 days,In Stock,3.7,None,No,3.8/5,India
Shop_13,Shop_13_P0071,Item_71,13785,127,1 days,7 days,Out of Stock,4.8,None,No,3.2/5,India
Shop_13,Shop_13_P0072,Item_72,5167,614,3 days,30 days,Out of Stock,4.0,Free shipping,No,4.7/5,India
Shop_13,Shop_13_P0073,Item_73,28132,667,5 days,30 days,In Stock,3.8,10% off,Yes,3.5/5,India
Shop_13,Shop_13_P0074,Item_74,20052,291,7 days,14 days,Out of Stock,4.6,None,Yes,4.2/5,India
Shop_13,Shop_13_P0075,Item_75,21532,105,4 days,14 days,In Stock,3.2,None,No,4.9/5,India
Shop_13,Shop_13_P0076,Item_76,39903,686,1 days,14 days,In Stock,3.2,Free shipping,No,4.7/5,India
Shop_13,Shop_13_P0077,Item_77,1550,628,1 days,7 days,In Stock,4.1,Free shipping,Yes,4.5/5,India
Shop_13,Shop_13_P0078,Item_78,36911,676,1 days,14 days,Out of Stock,3.7,10% off,No,4.1/5,India
Shop_13,Shop_13_P0079,Item_79,15562,247,4 days,30 days,Out of Stock,4.9,None,No,3.2/5,India
Shop_13,Shop_13_P0080,Item_80,40946,295,3 days,7 days,In Stock,3.8,None,Yes,3.5/5,India
Shop_13,Shop_13_P0081,Item_81,22057,486,5 days,30 days,Out of Stock,4.1,None,Yes,3.7/5,India
Shop_13,Shop_13_P0082,Item_82,14838,419,2 days,30 days,In Stock,4.7,10% off,No,3.4/5,India
Shop_13,Shop_13_P0083,Item_83,1649,653,5 days,30 days,Out of Stock,4.8,10% off,Yes,3.4/5,India
Shop_13,Shop_13_P0084,Item_84,37736,678,3 days,30 days,In Stock,3.4,Free shipping,No,3.7/5,India
Shop_13,Shop_13_P0085,Item_85,40231,200,6 days,7 days,Out of Stock,3.9,Free shipping,No,3.6/5,India
Shop_13,Shop_13_P0086,Item_86,39915,261,4 days,7 days,Out of Stock,4.1,Free shipping,No,3.9/5,India
Shop_13,Shop_13_P0087,Item_87,38500,646,7 days,7 days,In Stock,3.0,None,No,3.3/5,India
Shop_13,Shop_13_P0088,Item_88,39104,688,7 days,14 days,Out of Stock,4.7,10% off,No,4.3/5,India
Shop_13,Shop_13_P0089,Item_89,19460,384,7 days,7 days,Out of Stock,3.1,10% off,No,4.7/5,India
Shop_13,Shop_13_P0090,Item_90,46635,569,7 days,14 days,In Stock,3.3,None,No,3.2/5,India
Shop_13,Shop_13_P0091,Item_91,36998,372,4 days,30 days,In Stock,4.7,Free shipping,No,3.7/5,India
Shop_13,Shop_13_P0092,Item_92,7732,320,6 days,14 days,In Stock,3.1,Free shipping,Yes,4.8/5,India
Shop_13,Shop_13_P0093,Item_93,37460,140,2 days,14 days,In Stock,4.0,None,No,3.2/5,India
Shop_13,Shop_13_P0094,Item_94,23585,120,3 days,14 days,In Stock,3.1,None,No,4.3/5,India
Shop_13,Shop_13_P0095,Item_95,6892,121,2 days,30 days,In Stock,3.7,Free shipping,Yes,3.5/5,India
Shop_13,Shop_13_P0096,Item_96,16922,269,3 days,14 days,Out of Stock,3.2,Free shipping,No,4.6/5,India
Shop_13,Shop_13_P0097,Item_97,3455,647,6 days,30 days,Out of Stock,4.8,10% off,Yes,4.3/5,India
Shop_13,Shop_13_P0098,Item_98,4304,246,7 days,7 days,In Stock,3.4,Free shipping,No,4.8/5,India
Shop_13,Shop_13_P0099,Item_99,49125,43,7 days,7 days,In Stock,4.5,Free shipping,No,4.4/5,India
Shop_13,Shop_13_P0100,Item_100,17119,391,6 days,7 days,Out of Stock,3.4,Free shipping,Yes,4.7/5,India
Shop_14,Shop_14_P0001,Item_1,16194,583,1 days,30 days,Out of Stock,4.9,None,No,3.7/5,India
Shop_14,Shop_14_P0002,Item_2,39858,262,3 days,30 days,Out of Stock,3.8,None,Yes,3.4/5,India
Shop_14,Shop_14_P0003,Item_3,36808,304,5 days,14 days,In Stock,4.3,None,No,3.9/5,India
Shop_14,Shop_14_P0004,Item_4,7286,559,3 days,30 days,Out of Stock,4.3,Free shipping,Yes,4.6/5,India
Shop_14,Shop_14_P0005,Item_5,45476,297,3 days,7 days,In Stock,4.7,None,Yes,3.8/5,India
Shop_14,Shop_14_P0006,Item_6,18007,438,5 days,30 days,In Stock,4.9,10% off,Yes,3.7/5,India
Shop_14,Shop_14_P0007,Item_7,19081,236,3 days,14 days,Out of Stock,4.7,None,No,3.5/5,India
Shop_14,Shop_14_P0008,Item_8,27238,209,3 days,7 days,Out of Stock,3.8,None,Yes,3.2/5,India
Shop_14,Shop_14_P0009,Item_9,38241,258,2 days,30 days,Out of Stock,3.1,10% off,Yes,3.4/5,India
Shop_14,Shop_14_P0010,Item_10,27396,485,3 days,30 days,In Stock,4.7,10% off,No,3.3/5,India
Shop_14,Shop_14_P0011,Item_11,16066,432,7 days,14 days,Out of Stock,4.9,10% off,No,4.2/5,India
Shop_14,Shop_14_P0012,Item_12,12526,240,3 days,14 days,Out of Stock,4.1,None,Yes,3.1/5,India
Shop_14,Shop_14_P0013,Item_13,36632,238,1 days,7 days,In Stock,4.8,Free shipping,No,4.8/5,India
Shop_14,Shop_14_P0014,Item_14,40402,479,1 days,14 days,In Stock,4.5,Free shipping,No,4.5/5,India
Shop_14,Shop_14_P0015,Item_15,25608,532,4 days,7 days,In Stock,3.9,None,No,3.8/5,India
Shop_14,Shop_14_P0016,Item_16,16481,36,3 days,30 days,In Stock,4.7,Free shipping,No,3.5/5,India
Shop_14,Shop_14_P0017,Item_17,30289,171,5 days,7 days,In Stock,4.2,None,Yes,3.3/5,India
Shop_14,Shop_14_P0018,Item_18,48999,234,6 days,14 days,In Stock,4.4,None,No,4.2/5,India
Shop_14,Shop_14_P0019,Item_19,20987,499,2 days,30 days,Out of Stock,4.6,10% off,No,4.4/5,India
Shop_14,Shop_14_P0020,Item_20,47058,177,4 days,14 days,In Stock,4.0,10% off,No,4.3/5,India
Shop_14,Shop_14_P0021,Item_21,19174,232,5 days,14 days,Out of Stock,4.1,None,No,3.6/5,India
Shop_14,Shop_14_P0022,Item_22,6402,257,6 days,7 days,In Stock,4.0,10% off,Yes,4.1/5,India
Shop_14,Shop_14_P0023,Item_23,11194,487,5 days,14 days,In Stock,3.6,10% off,Yes,4.8/5,India
Shop_14,Shop_14_P0024,Item_24,2675,285,5 days,30 days,Out of Stock,3.8,None,No,3.7/5,India
Shop_14,Shop_14_P0025,Item_25,10896,319,7 days,7 days,In Stock,4.7,None,Yes,3.8/5,India
Shop_14,Shop_14_P0026,Item_26,23586,404,4 days,7 days,In Stock,4.0,Free shipping,No,3.2/5,India
Shop_14,Shop_14_P0027,Item_27,41474,417,3 days,30 days,In Stock,3.7,Free shipping,No,3.8/5,India
Shop_14,Shop_14_P0028,Item_28,7696,133,7 days,7 days,In Stock,3.7,Free shipping,No,3.9/5,India
Shop_14,Shop_14_P0029,Item_29,36888,485,7 days,7 days,Out of Stock,4.5,10% off,Yes,4.0/5,India
Shop_14,Shop_14_P0030,Item_30,12421,492,5 days,14 days,In Stock,4.5,None,No,3.8/5,India
Shop_14,Shop_14_P0031,Item_31,42697,462,6 days,7 days,Out of Stock,3.9,Free shipping,No,4.1/5,India
Shop_14,Shop_14_P0032,Item_32,6274,123,2 days,30 days,In Stock,3.2,None,No,3.9/5,India
Shop_14,Shop_14_P0033,Item_33,16473,111,2 days,30 days,Out of Stock,4.6,10% off,No,4.3/5,India
Shop_14,Shop_14_P0034,Item_34,45743,534,3 days,7 days,In Stock,3.8,None,No,3.5/5,India
Shop_14,Shop_14_P0035,Item_35,19327,461,6 days,30 days,In Stock,4.0,None,No,3.9/5,India
Shop_14,Shop_14_P0036,Item_36,6261,168,1 days,30 days,Out of Stock,4.0,Free shipping,No,4.8/5,India
Shop_14,Shop_14_P0037,Item_37,28462,662,1 days,30 days,In Stock,3.9,Free shipping,No,3.4/5,India
Shop_14,Shop_14_P0038,Item_38,28389,84,1 days,14 days,In Stock,4.0,None,Yes,3.6/5,India
Shop_14,Shop_14_P0039,Item_39,36591,442,1 days,30 days,In Stock,4.9,None,No,3.2/5,India
Shop_14,Shop_14_P0040,Item_40,19582,695,2 days,7 days,Out of Stock,3.0,Free shipping,Yes,3.7/5,India
Shop_14,Shop_14_P0041,Item_41,11655,231,2 days,7 days,Out of Stock,3.0,None,No,4.2/5,India
Shop_14,Shop_14_P0042,Item_42,20803,120,7 days,14 days,Out of Stock,3.8,10% off,No,5.0/5,India
Shop_14,Shop_14_P0043,Item_43,46756,33,3 days,14 days,Out of Stock,3.4,10% off,No,4.9/5,India
Shop_14,Shop_14_P0044,Item_44,13521,576,6 days,30 days,In Stock,3.4,Free shipping,No,4.0/5,India
Shop_14,Shop_14_P0045,Item_45,29886,99,3 days,14 days,In Stock,3.5,None,Yes,4.6/5,India
Shop_14,Shop_14_P0046,Item_46,49741,265,3 days,30 days,In Stock,4.9,10% off,Yes,3.0/5,India
Shop_14,Shop_14_P0047,Item_47,27236,391,6 days,7 days,Out of Stock,4.5,Free shipping,Yes,3.8/5,India
Shop_14,Shop_14_P0048,Item_48,32790,410,7 days,7 days,Out of Stock,4.1,Free shipping,Yes,4.1/5,India
Shop_14,Shop_14_P0049,Item_49,27615,487,3 days,7 days,In Stock,3.8,10% off,Yes,4.7/5,India
Shop_14,Shop_14_P0050,Item_50,45957,530,3 days,7 days,In Stock,4.9,10% off,No,3.7/5,India
Shop_14,Shop_14_P0051,Item_51,39330,221,6 days,30 days,Out of Stock,4.8,None,No,4.2/5,India
Shop_14,Shop_14_P0052,Item_52,9901,576,6 days,30 days,Out of Stock,4.4,10% off,No,3.0/5,India
Shop_14,Shop_14_P0053,Item_53,19102,326,7 days,30 days,In Stock,3.2,None,No,4.0/5,India
Shop_14,Shop_14_P0054,Item_54,20244,391,3 days,14 days,In Stock,3.9,10% off,No,4.3/5,India
Shop_14,Shop_14_P0055,Item_55,23975,361,5 days,7 days,Out of Stock,3.9,Free shipping,No,3.3/5,India
Shop_14,Shop_14_P0056,Item_56,40495,82,5 days,7 days,Out of Stock,5.0,10% off,Yes,4.0/5,India
Shop_14,Shop_14_P0057,Item_57,4500,124,2 days,14 days,In Stock,4.3,10% off,Yes,4.0/5,India
Shop_14,Shop_14_P0058,Item_58,17173,306,5 days,14 days,Out of Stock,3.5,10% off,Yes,4.3/5,India
Shop_14,Shop_14_P0059,Item_59,18321,431,7 days,7 days,Out of Stock,4.9,None,Yes,3.9/5,India
Shop_14,Shop_14_P0060,Item_60,45049,166,7 days,30 days,Out of Stock,4.2,10% off,Yes,4.5/5,India
Shop_14,Shop_14_P0061,Item_61,32054,446,7 days,14 days,In Stock,4.7,None,Yes,3.2/5,India
Shop_14,Shop_14_P0062,Item_62,32264,263,2 days,30 days,Out of Stock,4.0,10% off,Yes,3.7/5,India
Shop_14,Shop_14_P0063,Item_63,42431,78,7 days,14 days,Out of Stock,3.1,None,Yes,4.8/5,India
Shop_14,Shop_14_P0064,Item_64,6148,421,5 days,30 days,Out of Stock,3.5,10% off,Yes,4.1/5,India
Shop_14,Shop_14_P0065,Item_65,19846,199,3 days,30 days,Out of Stock,4.6,Free shipping,Yes,3.4/5,India
Shop_14,Shop_14_P0066,Item_66,12397,637,2 days,14 days,In Stock,4.0,None,Yes,3.6/5,India
Shop_14,Shop_14_P0067,Item_67,30430,224,4 days,7 days,Out of Stock,3.6,10% off,No,4.4/5,India
Shop_14,Shop_14_P0068,Item_68,36616,271,6 days,7 days,Out of Stock,4.8,None,Yes,3.1/5,India
Shop_14,Shop_14_P0069,Item_69,37746,264,3 days,7 days,Out of Stock,4.6,10% off,Yes,4.0/5,India
Shop_14,Shop_14_P0070,Item_70,43044,622,1 days,30 days,In Stock,4.4,10% off,Yes,4.7/5,India
Shop_14,Shop_14_P0071,Item_71,30139,141,4 days,30 days,In Stock,3.3,Free shipping,Yes,4.1/5,India
Shop_14,Shop_14_P0072,Item_72,27178,326,2 days,7 days,Out of Stock,4.6,Free shipping,No,4.7/5,India
Shop_14,Shop_14_P0073,Item_73,47876,235,6 days,30 days,Out of Stock,3.8,Free shipping,No,3.3/5,India
Shop_14,Shop_14_P0074,Item_74,30594,519,7 days,7 days,In Stock,4.8,10% off,Yes,4.6/5,India
Shop_14,Shop_14_P0075,Item_75,31307,694,2 days,7 days,Out of Stock,3.5,10% off,Yes,4.6/5,India
Shop_14,Shop_14_P0076,Item_76,37720,177,3 days,14 days,In Stock,4.9,Free shipping,No,3.1/5,India
Shop_14,Shop_14_P0077,Item_77,15753,189,3 days,14 days,Out of Stock,4.1,10% off,Yes,4.6/5,India
Shop_14,Shop_14_P0078,Item_78,25235,336,6 days,7 days,In Stock,3.1,Free shipping,Yes,3.9/5,India
Shop_14,Shop_14_P0079,Item_79,22622,512,2 days,14 days,In Stock,4.7,Free shipping,No,4.7/5,India
Shop_14,Shop_14_P0080,Item_80,23871,663,2 days,30 days,In Stock,3.8,Free shipping,Yes,3.1/5,India
Shop_14,Shop_14_P0081,Item_81,7547,85,3 days,7 days,In Stock,4.3,Free shipping,Yes,4.5/5,India
Shop_14,Shop_14_P0082,Item_82,35806,606,7 days,7 days,Out of Stock,4.7,Free shipping,Yes,4.7/5,India
Shop_14,Shop_14_P0083,Item_83,34558,580,7 days,30 days,Out of Stock,4.9,10% off,Yes,3.0/5,India
Shop_14,Shop_14_P0084,Item_84,27677,694,1 days,14 days,Out of Stock,3.5,None,Yes,4.1/5,India
Shop_14,Shop_14_P0085,Item_85,4570,27,5 days,30 days,Out of Stock,3.0,Free shipping,No,4.8/5,India
Shop_14,Shop_14_P0086,Item_86,14858,584,1 days,7 days,Out of Stock,4.2,None,Yes,3.5/5,India
Shop_14,Shop_14_P0087,Item_87,19792,384,3 days,7 days,Out of Stock,3.2,Free shipping,Yes,3.3/5,India
Shop_14,Shop_14_P0088,Item_88,20660,633,7 days,7 days,In Stock,3.4,Free shipping,No,3.7/5,India
Shop_14,Shop_14_P0089,Item_89,49506,490,6 days,30 days,In Stock,3.1,10% off,Yes,3.9/5,India
Shop_14,Shop_14_P0090,Item_90,30294,92,6 days,14 days,Out of Stock,4.2,10% off,Yes,4.1/5,India
Shop_14,Shop_14_P0091,Item_91,13858,122,2 days,30 days,Out of Stock,4.2,10% off,No,4.9/5,India
Shop_14,Shop_14_P0092,Item_92,29049,180,1 days,7 days,In Stock,4.8,None,Yes,4.1/5,India
Shop_14,Shop_14_P0093,Item_93,40937,274,5 days,7 days,In Stock,4.3,10% off,No,3.7/5,India
Shop_14,Shop_14_P0094,Item_94,35305,30,7 days,7 days,Out of Stock,4.4,10% off,Yes,3.5/5,India
Shop_14,Shop_14_P0095,Item_95,10607,687,4 days,7 days,Out of Stock,4.9,Free shipping,Yes,4.1/5,India
Shop_14,Shop_14_P0096,Item_96,31495,389,5 days,14 days,In Stock,3.3,Free shipping,No,3.4/5,India
Shop_14,Shop_14_P0097,Item_97,26381,471,3 days,30 days,In Stock,4.4,10% off,Yes,3.4/5,India
Shop_14,Shop_14_P0098,Item_98,47548,411,5 days,30 days,Out of Stock,3.4,None,Yes,3.3/5,India
Shop_14,Shop_14_P0099,Item_99,4981,43,1 days,7 days,In Stock,3.5,None,Yes,3.6/5,India
Shop_14,Shop_14_P0100,Item_100,24735,170,2 days,14 days,Out of Stock,5.0,Free shipping,Yes,4.6/5,India
Shop_15,Shop_15_P0001,Item_1,36619,697,7 days,14 days,Out of Stock,3.7,None,No,3.1/5,India
Shop_15,Shop_15_P0002,Item_2,42377,435,6 days,30 days,In Stock,3.4,Free shipping,No,4.5/5,India
Shop_15,Shop_15_P0003,Item_3,37912,409,4 days,14 days,Out of Stock,4.0,Free shipping,Yes,4.3/5,India
Shop_15,Shop_15_P0004,Item_4,16394,605,7 days,7 days,In Stock,3.0,Free shipping,No,4.7/5,India
Shop_15,Shop_15_P0005,Item_5,20573,324,3 days,30 days,In Stock,3.2,10% off,Yes,3.8/5,India
Shop_15,Shop_15_P0006,Item_6,23011,409,6 days,7 days,In Stock,4.8,10% off,No,3.3/5,India
Shop_15,Shop_15_P0007,Item_7,26216,202,1 days,14 days,In Stock,4.4,10% off,No,4.0/5,India
Shop_15,Shop_15_P0008,Item_8,32270,374,6 days,30 days,In Stock,4.9,Free shipping,Yes,4.5/5,India
Shop_15,Shop_15_P0009,Item_9,31115,512,5 days,7 days,In Stock,3.3,10% off,Yes,3.1/5,India
Shop_15,Shop_15_P0010,Item_10,8258,498,6 days,7 days,In Stock,3.7,Free shipping,No,4.2/5,India
Shop_15,Shop_15_P0011,Item_11,38819,492,5 days,30 days,Out of Stock,4.0,10% off,Yes,4.6/5,India
Shop_15,Shop_15_P0012,Item_12,13398,469,2 days,7 days,In Stock,3.3,10% off,Yes,4.6/5,India
Shop_15,Shop_15_P0013,Item_13,12560,230,7 days,14 days,In Stock,3.9,Free shipping,No,4.7/5,India
Shop_15,Shop_15_P0014,Item_14,20078,543,4 days,30 days,In Stock,5.0,Free shipping,No,3.5/5,India
Shop_15,Shop_15_P0015,Item_15,19435,684,7 days,14 days,In Stock,3.5,None,Yes,3.8/5,India
Shop_15,Shop_15_P0016,Item_16,44257,289,1 days,7 days,Out of Stock,3.5,10% off,Yes,3.5/5,India
Shop_15,Shop_15_P0017,Item_17,22824,163,3 days,14 days,In Stock,4.2,10% off,No,4.2/5,India
Shop_15,Shop_15_P0018,Item_18,2760,435,1 days,14 days,Out of Stock,3.2,Free shipping,No,3.4/5,India
Shop_15,Shop_15_P0019,Item_19,44241,123,3 days,30 days,Out of Stock,3.3,None,Yes,3.8/5,India
Shop_15,Shop_15_P0020,Item_20,34024,299,2 days,14 days,In Stock,5.0,Free shipping,Yes,4.0/5,India
Shop_15,Shop_15_P0021,Item_21,13576,103,7 days,7 days,Out of Stock,4.4,None,No,3.1/5,India
Shop_15,Shop_15_P0022,Item_22,20935,238,5 days,30 days,Out of Stock,3.9,10% off,Yes,3.6/5,India
Shop_15,Shop_15_P0023,Item_23,16187,196,3 days,7 days,Out of Stock,3.4,None,No,4.4/5,India
Shop_15,Shop_15_P0024,Item_24,39394,28,3 days,30 days,Out of Stock,4.1,Free shipping,Yes,4.7/5,India
Shop_15,Shop_15_P0025,Item_25,41146,512,7 days,7 days,Out of Stock,3.2,10% off,No,4.3/5,India
Shop_15,Shop_15_P0026,Item_26,19101,573,6 days,14 days,In Stock,3.4,10% off,No,4.6/5,India
Shop_15,Shop_15_P0027,Item_27,10860,484,5 days,14 days,Out of Stock,3.5,10% off,No,4.6/5,India
Shop_15,Shop_15_P0028,Item_28,6701,42,7 days,14 days,In Stock,4.1,10% off,No,3.8/5,India
Shop_15,Shop_15_P0029,Item_29,9054,279,4 days,14 days,Out of Stock,3.4,Free shipping,Yes,3.4/5,India
Shop_15,Shop_15_P0030,Item_30,43850,253,3 days,30 days,Out of Stock,4.4,10% off,Yes,5.0/5,India
Shop_15,Shop_15_P0031,Item_31,12721,441,2 days,7 days,Out of Stock,3.8,Free shipping,Yes,4.2/5,India
Shop_15,Shop_15_P0032,Item_32,2203,244,6 days,7 days,In Stock,4.6,10% off,No,3.1/5,India
Shop_15,Shop_15_P0033,Item_33,17434,395,3 days,14 days,Out of Stock,4.9,10% off,Yes,4.1/5,India
Shop_15,Shop_15_P0034,Item_34,47358,447,4 days,30 days,Out of Stock,3.8,10% off,No,4.9/5,India
Shop_15,Shop_15_P0035,Item_35,1090,570,6 days,7 days,Out of Stock,3.9,Free shipping,No,3.9/5,India
Shop_15,Shop_15_P0036,Item_36,18835,324,6 days,7 days,In Stock,4.4,Free shipping,Yes,3.8/5,India
Shop_15,Shop_15_P0037,Item_37,34654,189,4 days,30 days,In Stock,3.1,Free shipping,No,4.1/5,India
Shop_15,Shop_15_P0038,Item_38,44780,475,4 days,7 days,In Stock,3.9,Free shipping,No,4.8/5,India
Shop_15,Shop_15_P0039,Item_39,48343,601,4 days,7 days,Out of Stock,4.5,Free shipping,No,3.4/5,India
Shop_15,Shop_15_P0040,Item_40,31833,428,1 days,7 days,Out of Stock,5.0,None,Yes,4.2/5,India
Shop_15,Shop_15_P0041,Item_41,4111,597,7 days,14 days,Out of Stock,4.8,10% off,Yes,4.4/5,India
Shop_15,Shop_15_P0042,Item_42,4577,285,4 days,14 days,In Stock,4.1,None,No,3.6/5,India
Shop_15,Shop_15_P0043,Item_43,3863,218,4 days,7 days,In Stock,4.4,Free shipping,Yes,3.4/5,India
Shop_15,Shop_15_P0044,Item_44,45607,289,5 days,30 days,In Stock,4.9,Free shipping,No,4.0/5,India
Shop_15,Shop_15_P0045,Item_45,19105,20,7 days,14 days,Out of Stock,3.6,None,No,3.4/5,India
Shop_15,Shop_15_P0046,Item_46,49336,321,4 days,7 days,Out of Stock,3.5,10% off,No,3.5/5,India
Shop_15,Shop_15_P0047,Item_47,22963,688,5 days,14 days,Out of Stock,3.4,None,No,4.4/5,India
Shop_15,Shop_15_P0048,Item_48,3977,699,5 days,30 days,In Stock,4.8,None,No,4.6/5,India
Shop_15,Shop_15_P0049,Item_49,46490,128,1 days,14 days,In Stock,3.7,10% off,No,4.9/5,India
Shop_15,Shop_15_P0050,Item_50,41052,534,1 days,14 days,In Stock,4.5,10% off,Yes,3.6/5,India
Shop_15,Shop_15_P0051,Item_51,33962,211,5 days,30 days,Out of Stock,3.3,Free shipping,No,3.3/5,India
Shop_15,Shop_15_P0052,Item_52,8463,183,7 days,30 days,Out of Stock,3.9,10% off,Yes,4.1/5,India
Shop_15,Shop_15_P0053,Item_53,49708,112,4 days,7 days,Out of Stock,3.5,10% off,No,4.9/5,India
Shop_15,Shop_15_P0054,Item_54,5827,607,1 days,30 days,In Stock,4.6,Free shipping,Yes,3.6/5,India
Shop_15,Shop_15_P0055,Item_55,47270,136,1 days,30 days,Out of Stock,4.7,10% off,Yes,4.0/5,India
Shop_15,Shop_15_P0056,Item_56,28225,643,1 days,30 days,In Stock,4.3,10% off,No,4.9/5,India
Shop_15,Shop_15_P0057,Item_57,16076,252,6 days,30 days,In Stock,3.1,None,No,4.1/5,India
Shop_15,Shop_15_P0058,Item_58,35980,528,7 days,30 days,Out of Stock,3.6,Free shipping,Yes,3.3/5,India
Shop_15,Shop_15_P0059,Item_59,2232,478,4 days,7 days,Out of Stock,3.8,None,No,3.0/5,India
Shop_15,Shop_15_P0060,Item_60,41335,348,4 days,14 days,Out of Stock,3.7,Free shipping,Yes,3.0/5,India
Shop_15,Shop_15_P0061,Item_61,41531,382,1 days,30 days,In Stock,3.4,None,Yes,4.4/5,India
Shop_15,Shop_15_P0062,Item_62,44709,571,4 days,14 days,Out of Stock,4.1,Free shipping,No,3.1/5,India
Shop_15,Shop_15_P0063,Item_63,31127,262,4 days,14 days,Out of Stock,3.4,10% off,No,4.9/5,India
Shop_15,Shop_15_P0064,Item_64,24280,575,6 days,30 days,Out of Stock,4.5,None,Yes,4.3/5,India
Shop_15,Shop_15_P0065,Item_65,22546,21,1 days,14 days,Out of Stock,3.6,Free shipping,Yes,4.3/5,India
Shop_15,Shop_15_P0066,Item_66,41217,139,2 days,7 days,Out of Stock,4.0,10% off,Yes,4.4/5,India
Shop_15,Shop_15_P0067,Item_67,48365,117,7 days,14 days,In Stock,4.9,None,Yes,4.2/5,India
Shop_15,Shop_15_P0068,Item_68,35854,610,3 days,14 days,In Stock,3.7,10% off,No,4.0/5,India
Shop_15,Shop_15_P0069,Item_69,28511,603,7 days,14 days,In Stock,4.0,10% off,No,4.6/5,India
Shop_15,Shop_15_P0070,Item_70,37542,298,7 days,30 days,Out of Stock,4.0,None,Yes,3.9/5,India
Shop_15,Shop_15_P0071,Item_71,11637,248,2 days,14 days,In Stock,3.2,Free shipping,No,3.8/5,India
Shop_15,Shop_15_P0072,Item_72,33287,316,1 days,7 days,In Stock,4.5,10% off,No,4.4/5,India
Shop_15,Shop_15_P0073,Item_73,33864,279,4 days,30 days,In Stock,3.0,Free shipping,No,3.2/5,India
Shop_15,Shop_15_P0074,Item_74,47672,185,2 days,30 days,Out of Stock,4.0,None,No,4.6/5,India
Shop_15,Shop_15_P0075,Item_75,15571,452,1 days,14 days,Out of Stock,4.0,None,No,4.6/5,India
Shop_15,Shop_15_P0076,Item_76,8607,242,2 days,30 days,Out of Stock,4.9,10% off,Yes,4.7/5,India
Shop_15,Shop_15_P0077,Item_77,10908,447,7 days,7 days,In Stock,3.6,Free shipping,Yes,4.0/5,India
Shop_15,Shop_15_P0078,Item_78,49299,118,6 days,14 days,Out of Stock,3.9,None,No,5.0/5,India
Shop_15,Shop_15_P0079,Item_79,8608,518,2 days,14 days,In Stock,4.9,10% off,Yes,4.6/5,India
Shop_15,Shop_15_P0080,Item_80,8213,676,1 days,30 days,In Stock,4.4,10% off,No,3.7/5,India
Shop_15,Shop_15_P0081,Item_81,46074,350,2 days,14 days,Out of Stock,4.4,10% off,No,3.7/5,India
Shop_15,Shop_15_P0082,Item_82,15298,280,6 days,30 days,In Stock,3.5,Free shipping,No,3.2/5,India
Shop_15,Shop_15_P0083,Item_83,36718,177,2 days,7 days,In Stock,3.7,Free shipping,No,4.2/5,India
Shop_15,Shop_15_P0084,Item_84,49294,279,6 days,14 days,Out of Stock,3.2,10% off,No,3.1/5,India
Shop_15,Shop_15_P0085,Item_85,30779,235,2 days,30 days,In Stock,4.4,Free shipping,No,3.6/5,India
Shop_15,Shop_15_P0086,Item_86,730,567,5 days,7 days,Out of Stock,3.0,10% off,No,3.5/5,India
Shop_15,Shop_15_P0087,Item_87,32853,179,6 days,30 days,In Stock,3.3,10% off,Yes,4.9/5,India
Shop_15,Shop_15_P0088,Item_88,22031,506,3 days,14 days,In Stock,3.6,10% off,No,3.7/5,India
Shop_15,Shop_15_P0089,Item_89,25463,441,5 days,14 days,In Stock,4.5,None,Yes,4.1/5,India
Shop_15,Shop_15_P0090,Item_90,39870,546,1 days,14 days,Out of Stock,3.5,10% off,No,4.9/5,India
Shop_15,Shop_15_P0091,Item_91,33819,445,1 days,14 days,In Stock,4.0,Free shipping,No,3.5/5,India
Shop_15,Shop_15_P0092,Item_92,42194,155,7 days,7 days,Out of Stock,4.7,None,No,4.0/5,India
Shop_15,Shop_15_P0093,Item_93,20293,571,3 days,30 days,In Stock,4.6,Free shipping,No,4.4/5,India
Shop_15,Shop_15_P0094,Item_94,42874,479,7 days,7 days,Out of Stock,3.3,Free shipping,Yes,4.9/5,India
Shop_15,Shop_15_P0095,Item_95,33585,520,6 days,7 days,In Stock,3.4,None,Yes,3.9/5,India
Shop_15,Shop_15_P0096,Item_96,38657,219,7 days,30 days,In Stock,4.8,None,Yes,3.1/5,India
Shop_15,Shop_15_P0097,Item_97,27921,41,7 days,14 days,In Stock,4.6,None,No,4.2/5,India
Shop_15,Shop_15_P0098,Item_98,48538,694,6 days,7 days,In Stock,4.5,None,Yes,3.2/5,India
Shop_15,Shop_15_P0099,Item_99,24162,167,3 days,14 days,Out of Stock,3.1,None,Yes,4.2/5,India
Shop_15,Shop_15_P0100,Item_100,21046,316,6 days,7 days,In Stock,4.5,None,No,3.8/5,India
Shop_16,Shop_16_P0001,Item_1,35640,425,5 days,30 days,In Stock,3.3,None,Yes,4.6/5,India
Shop_16,Shop_16_P0002,Item_2,6064,64,3 days,7 days,In Stock,3.6,None,No,3.1/5,India
Shop_16,Shop_16_P0003,Item_3,48762,338,4 days,30 days,In Stock,3.2,10% off,Yes,4.9/5,India
Shop_16,Shop_16_P0004,Item_4,16444,44,6 days,30 days,Out of Stock,4.2,None,Yes,4.9/5,India
Shop_16,Shop_16_P0005,Item_5,38854,532,5 days,14 days,In Stock,3.8,10% off,No,4.3/5,India
Shop_16,Shop_16_P0006,Item_6,24293,218,4 days,30 days,In Stock,3.6,Free shipping,Yes,3.5/5,India
Shop_16,Shop_16_P0007,Item_7,18912,352,2 days,14 days,In Stock,3.2,10% off,No,4.6/5,India
Shop_16,Shop_16_P0008,Item_8,23239,508,2 days,14 days,In Stock,4.3,None,Yes,3.4/5,India
Shop_16,Shop_16_P0009,Item_9,20100,88,2 days,7 days,In Stock,3.8,10% off,Yes,4.0/5,India
Shop_16,Shop_16_P0010,Item_10,24298,454,5 days,30 days,In Stock,4.8,10% off,Yes,3.9/5,India
Shop_16,Shop_16_P0011,Item_11,10444,617,3 days,7 days,In Stock,3.1,Free shipping,Yes,3.9/5,India
Shop_16,Shop_16_P0012,Item_12,7316,348,1 days,30 days,In Stock,3.7,Free shipping,No,4.6/5,India
Shop_16,Shop_16_P0013,Item_13,31125,391,1 days,30 days,Out of Stock,3.9,None,Yes,4.5/5,India
Shop_16,Shop_16_P0014,Item_14,12180,182,3 days,14 days,Out of Stock,3.9,None,No,4.5/5,India
Shop_16,Shop_16_P0015,Item_15,33816,316,7 days,14 days,Out of Stock,3.7,10% off,No,3.9/5,India
Shop_16,Shop_16_P0016,Item_16,16684,460,1 days,7 days,Out of Stock,4.6,Free shipping,Yes,3.8/5,India
Shop_16,Shop_16_P0017,Item_17,25483,54,7 days,14 days,Out of Stock,4.8,Free shipping,No,4.6/5,India
Shop_16,Shop_16_P0018,Item_18,44838,166,6 days,7 days,In Stock,4.4,10% off,Yes,3.3/5,India
Shop_16,Shop_16_P0019,Item_19,36461,621,3 days,7 days,Out of Stock,4.2,Free shipping,No,3.7/5,India
Shop_16,Shop_16_P0020,Item_20,43238,646,7 days,7 days,In Stock,4.9,None,No,3.3/5,India
Shop_16,Shop_16_P0021,Item_21,32023,226,5 days,30 days,Out of Stock,4.5,10% off,No,4.4/5,India
Shop_16,Shop_16_P0022,Item_22,17098,248,4 days,30 days,Out of Stock,3.0,Free shipping,No,4.3/5,India
Shop_16,Shop_16_P0023,Item_23,26141,306,5 days,14 days,Out of Stock,4.7,10% off,No,3.7/5,India
Shop_16,Shop_16_P0024,Item_24,15531,271,7 days,14 days,In Stock,4.5,None,Yes,3.7/5,India
Shop_16,Shop_16_P0025,Item_25,45988,219,5 days,7 days,In Stock,3.2,10% off,No,4.6/5,India
Shop_16,Shop_16_P0026,Item_26,40413,136,2 days,7 days,In Stock,5.0,None,Yes,3.5/5,India
Shop_16,Shop_16_P0027,Item_27,42274,347,7 days,14 days,Out of Stock,4.8,Free shipping,No,4.2/5,India
Shop_16,Shop_16_P0028,Item_28,5465,48,6 days,30 days,In Stock,3.6,10% off,Yes,4.1/5,India
Shop_16,Shop_16_P0029,Item_29,27091,357,6 days,14 days,In Stock,5.0,None,No,3.4/5,India
Shop_16,Shop_16_P0030,Item_30,27954,54,6 days,30 days,In Stock,4.2,None,Yes,4.9/5,India
Shop_16,Shop_16_P0031,Item_31,48879,333,5 days,30 days,Out of Stock,3.7,None,Yes,4.4/5,India
Shop_16,Shop_16_P0032,Item_32,38851,527,6 days,7 days,Out of Stock,4.1,Free shipping,Yes,4.7/5,India
Shop_16,Shop_16_P0033,Item_33,40366,442,1 days,7 days,Out of Stock,4.9,Free shipping,No,3.1/5,India
Shop_16,Shop_16_P0034,Item_34,32363,150,1 days,30 days,Out of Stock,3.4,None,No,4.5/5,India
Shop_16,Shop_16_P0035,Item_35,33453,477,3 days,7 days,In Stock,4.4,10% off,No,3.1/5,India
Shop_16,Shop_16_P0036,Item_36,25506,225,1 days,30 days,In Stock,5.0,None,Yes,4.2/5,India
Shop_16,Shop_16_P0037,Item_37,27832,330,2 days,14 days,In Stock,3.9,Free shipping,No,4.1/5,India
Shop_16,Shop_16_P0038,Item_38,18446,492,4 days,7 days,In Stock,3.6,Free shipping,Yes,4.8/5,India
Shop_16,Shop_16_P0039,Item_39,13339,659,7 days,30 days,Out of Stock,4.9,Free shipping,Yes,4.5/5,India
Shop_16,Shop_16_P0040,Item_40,11221,144,1 days,7 days,In Stock,3.2,10% off,Yes,3.5/5,India
Shop_16,Shop_16_P0041,Item_41,41043,135,3 days,14 days,Out of Stock,4.5,None,No,4.6/5,India
Shop_16,Shop_16_P0042,Item_42,5153,650,2 days,30 days,Out of Stock,3.6,10% off,Yes,4.3/5,India
Shop_16,Shop_16_P0043,Item_43,16063,424,5 days,30 days,Out of Stock,4.9,Free shipping,Yes,3.5/5,India
Shop_16,Shop_16_P0044,Item_44,28460,610,7 days,30 days,In Stock,3.4,None,No,4.7/5,India
Shop_16,Shop_16_P0045,Item_45,33643,628,4 days,7 days,Out of Stock,3.6,None,No,4.7/5,India
Shop_16,Shop_16_P0046,Item_46,13184,262,7 days,7 days,In Stock,3.7,None,Yes,4.6/5,India
Shop_16,Shop_16_P0047,Item_47,24289,232,5 days,30 days,In Stock,3.6,Free shipping,No,4.6/5,India
Shop_16,Shop_16_P0048,Item_48,7686,351,4 days,14 days,Out of Stock,3.3,None,Yes,3.6/5,India
Shop_16,Shop_16_P0049,Item_49,15734,448,6 days,14 days,Out of Stock,4.9,10% off,No,3.4/5,India
Shop_16,Shop_16_P0050,Item_50,22450,126,2 days,7 days,In Stock,3.9,10% off,Yes,4.6/5,India
Shop_16,Shop_16_P0051,Item_51,10458,557,6 days,7 days,Out of Stock,4.4,None,No,4.0/5,India
Shop_16,Shop_16_P0052,Item_52,30331,28,7 days,7 days,Out of Stock,4.9,Free shipping,Yes,3.1/5,India
Shop_16,Shop_16_P0053,Item_53,1681,576,4 days,7 days,Out of Stock,4.3,10% off,No,3.5/5,India
Shop_16,Shop_16_P0054,Item_54,17660,319,7 days,30 days,Out of Stock,3.6,None,No,3.2/5,India
Shop_16,Shop_16_P0055,Item_55,47060,337,5 days,14 days,Out of Stock,3.1,10% off,No,4.8/5,India
Shop_16,Shop_16_P0056,Item_56,16206,384,6 days,14 days,In Stock,3.1,Free shipping,No,4.1/5,India
Shop_16,Shop_16_P0057,Item_57,39019,510,6 days,30 days,In Stock,4.8,None,No,4.8/5,India
Shop_16,Shop_16_P0058,Item_58,43670,91,7 days,30 days,In Stock,4.8,None,No,4.9/5,India
Shop_16,Shop_16_P0059,Item_59,43326,44,7 days,7 days,Out of Stock,4.3,10% off,Yes,5.0/5,India
Shop_16,Shop_16_P0060,Item_60,7200,198,6 days,30 days,In Stock,4.7,None,No,3.1/5,India
Shop_16,Shop_16_P0061,Item_61,45210,468,3 days,7 days,In Stock,3.1,10% off,Yes,3.6/5,India
Shop_16,Shop_16_P0062,Item_62,44742,483,1 days,14 days,In Stock,4.9,None,No,4.7/5,India
Shop_16,Shop_16_P0063,Item_63,49771,136,4 days,30 days,In Stock,4.8,Free shipping,No,4.3/5,India
Shop_16,Shop_16_P0064,Item_64,40131,523,6 days,7 days,Out of Stock,3.0,Free shipping,No,4.5/5,India
Shop_16,Shop_16_P0065,Item_65,33275,229,1 days,30 days,Out of Stock,4.8,Free shipping,Yes,5.0/5,India
Shop_16,Shop_16_P0066,Item_66,38091,512,3 days,14 days,In Stock,4.8,10% off,No,4.3/5,India
Shop_16,Shop_16_P0067,Item_67,13936,99,5 days,14 days,Out of Stock,3.1,Free shipping,Yes,4.7/5,India
Shop_16,Shop_16_P0068,Item_68,6230,201,5 days,7 days,In Stock,4.7,10% off,Yes,4.4/5,India
Shop_16,Shop_16_P0069,Item_69,41754,333,4 days,14 days,Out of Stock,4.1,None,No,4.4/5,India
Shop_16,Shop_16_P0070,Item_70,9585,391,1 days,7 days,In Stock,3.8,None,Yes,4.2/5,India
Shop_16,Shop_16_P0071,Item_71,20067,43,4 days,14 days,Out of Stock,4.9,10% off,No,3.5/5,India
Shop_16,Shop_16_P0072,Item_72,4693,422,2 days,14 days,Out of Stock,4.7,None,Yes,4.4/5,India
Shop_16,Shop_16_P0073,Item_73,35268,653,2 days,7 days,In Stock,3.4,10% off,Yes,4.0/5,India
Shop_16,Shop_16_P0074,Item_74,26662,284,7 days,7 days,In Stock,3.8,10% off,No,4.7/5,India
Shop_16,Shop_16_P0075,Item_75,2567,615,1 days,30 days,Out of Stock,4.3,10% off,Yes,4.2/5,India
Shop_16,Shop_16_P0076,Item_76,10805,106,5 days,30 days,Out of Stock,4.0,None,Yes,3.4/5,India
Shop_16,Shop_16_P0077,Item_77,2367,20,4 days,14 days,In Stock,4.4,Free shipping,Yes,3.3/5,India
Shop_16,Shop_16_P0078,Item_78,15483,280,6 days,14 days,Out of Stock,4.7,Free shipping,Yes,3.5/5,India
Shop_16,Shop_16_P0079,Item_79,9469,230,2 days,14 days,In Stock,4.3,None,No,3.9/5,India
Shop_16,Shop_16_P0080,Item_80,30633,187,7 days,14 days,Out of Stock,4.4,None,Yes,4.4/5,India
Shop_16,Shop_16_P0081,Item_81,49872,173,4 days,7 days,Out of Stock,3.2,Free shipping,Yes,3.3/5,India
Shop_16,Shop_16_P0082,Item_82,13997,527,4 days,7 days,In Stock,4.7,10% off,No,3.0/5,India
Shop_16,Shop_16_P0083,Item_83,39898,251,1 days,14 days,Out of Stock,4.5,10% off,No,3.6/5,India
Shop_16,Shop_16_P0084,Item_84,13906,621,5 days,14 days,Out of Stock,3.8,None,Yes,4.0/5,India
Shop_16,Shop_16_P0085,Item_85,40081,96,7 days,30 days,In Stock,3.3,Free shipping,No,3.4/5,India
Shop_16,Shop_16_P0086,Item_86,20748,118,7 days,14 days,Out of Stock,3.5,Free shipping,Yes,4.7/5,India
Shop_16,Shop_16_P0087,Item_87,28048,689,7 days,7 days,In Stock,4.0,Free shipping,Yes,4.2/5,India
Shop_16,Shop_16_P0088,Item_88,15018,133,6 days,30 days,Out of Stock,3.7,Free shipping,Yes,4.2/5,India
Shop_16,Shop_16_P0089,Item_89,48344,51,6 days,7 days,In Stock,4.1,None,No,3.3/5,India
Shop_16,Shop_16_P0090,Item_90,9417,281,7 days,30 days,Out of Stock,3.3,Free shipping,No,4.3/5,India
Shop_16,Shop_16_P0091,Item_91,35710,24,5 days,7 days,In Stock,3.9,Free shipping,No,5.0/5,India
Shop_16,Shop_16_P0092,Item_92,46842,576,2 days,14 days,In Stock,4.6,10% off,No,3.3/5,India
Shop_16,Shop_16_P0093,Item_93,49329,392,1 days,14 days,Out of Stock,4.3,None,Yes,4.6/5,India
Shop_16,Shop_16_P0094,Item_94,28670,343,7 days,7 days,Out of Stock,3.6,None,Yes,4.9/5,India
Shop_16,Shop_16_P0095,Item_95,9896,384,2 days,14 days,In Stock,3.9,10% off,Yes,4.1/5,India
Shop_16,Shop_16_P0096,Item_96,17773,331,3 days,7 days,In Stock,3.6,10% off,Yes,3.6/5,India
Shop_16,Shop_16_P0097,Item_97,2936,149,4 days,30 days,In Stock,3.3,None,No,4.9/5,India
Shop_16,Shop_16_P0098,Item_98,46176,581,7 days,30 days,Out of Stock,4.9,Free shipping,No,4.8/5,India
Shop_16,Shop_16_P0099,Item_99,4411,210,3 days,14 days,In Stock,3.8,None,No,3.1/5,India
Shop_16,Shop_16_P0100,Item_100,44804,650,3 days,14 days,In Stock,4.5,None,No,3.1/5,India
Shop_17,Shop_17_P0001,Item_1,2985,676,1 days,14 days,In Stock,4.3,10% off,No,3.1/5,India
Shop_17,Shop_17_P0002,Item_2,27707,690,7 days,14 days,Out of Stock,3.7,None,No,3.8/5,India
Shop_17,Shop_17_P0003,Item_3,49696,432,4 days,14 days,In Stock,4.8,None,Yes,3.3/5,India
Shop_17,Shop_17_P0004,Item_4,40476,598,3 days,30 days,In Stock,3.8,None,No,4.7/5,India
Shop_17,Shop_17_P0005,Item_5,30427,157,6 days,7 days,In Stock,3.1,10% off,No,3.2/5,India
Shop_17,Shop_17_P0006,Item_6,44056,537,1 days,14 days,In Stock,3.1,Free shipping,No,3.5/5,India
Shop_17,Shop_17_P0007,Item_7,41367,460,6 days,14 days,Out of Stock,4.2,10% off,Yes,4.8/5,India
Shop_17,Shop_17_P0008,Item_8,16065,399,2 days,7 days,In Stock,3.2,None,No,4.0/5,India
Shop_17,Shop_17_P0009,Item_9,47501,83,6 days,14 days,In Stock,3.9,10% off,No,4.3/5,India
Shop_17,Shop_17_P0010,Item_10,49657,629,6 days,14 days,Out of Stock,4.3,Free shipping,Yes,4.3/5,India
Shop_17,Shop_17_P0011,Item_11,35558,594,4 days,30 days,In Stock,3.3,Free shipping,Yes,4.9/5,India
Shop_17,Shop_17_P0012,Item_12,44925,434,5 days,14 days,Out of Stock,5.0,Free shipping,Yes,3.1/5,India
Shop_17,Shop_17_P0013,Item_13,30608,431,5 days,7 days,In Stock,3.2,Free shipping,No,3.6/5,India
Shop_17,Shop_17_P0014,Item_14,6193,46,2 days,14 days,Out of Stock,4.2,Free shipping,No,3.4/5,India
Shop_17,Shop_17_P0015,Item_15,29744,284,4 days,7 days,In Stock,4.6,Free shipping,No,3.9/5,India
Shop_17,Shop_17_P0016,Item_16,10968,633,2 days,30 days,Out of Stock,4.4,10% off,No,3.7/5,India
Shop_17,Shop_17_P0017,Item_17,18621,172,2 days,7 days,Out of Stock,4.4,None,Yes,4.8/5,India
Shop_17,Shop_17_P0018,Item_18,24551,166,7 days,7 days,In Stock,4.9,Free shipping,No,4.8/5,India
Shop_17,Shop_17_P0019,Item_19,32085,68,6 days,14 days,Out of Stock,3.2,10% off,Yes,3.5/5,India
Shop_17,Shop_17_P0020,Item_20,29954,175,2 days,7 days,Out of Stock,3.4,Free shipping,Yes,4.4/5,India
Shop_17,Shop_17_P0021,Item_21,43543,30,6 days,30 days,Out of Stock,4.6,None,Yes,4.7/5,India
Shop_17,Shop_17_P0022,Item_22,46692,240,4 days,14 days,Out of Stock,4.8,10% off,Yes,3.7/5,India
Shop_17,Shop_17_P0023,Item_23,49164,623,3 days,30 days,In Stock,4.7,10% off,Yes,4.6/5,India
Shop_17,Shop_17_P0024,Item_24,30835,190,2 days,30 days,In Stock,4.7,None,Yes,4.5/5,India
Shop_17,Shop_17_P0025,Item_25,6975,511,6 days,14 days,In Stock,4.3,None,Yes,3.9/5,India
Shop_17,Shop_17_P0026,Item_26,45619,520,2 days,7 days,Out of Stock,4.9,10% off,No,4.2/5,India
Shop_17,Shop_17_P0027,Item_27,11940,531,2 days,7 days,Out of Stock,4.2,None,No,3.9/5,India
Shop_17,Shop_17_P0028,Item_28,28626,427,5 days,14 days,Out of Stock,3.5,None,Yes,4.7/5,India
Shop_17,Shop_17_P0029,Item_29,4806,262,3 days,14 days,Out of Stock,3.9,None,No,3.0/5,India
Shop_17,Shop_17_P0030,Item_30,48004,375,4 days,14 days,Out of Stock,3.8,None,Yes,3.8/5,India
Shop_17,Shop_17_P0031,Item_31,13589,682,6 days,7 days,Out of Stock,5.0,10% off,Yes,4.7/5,India
Shop_17,Shop_17_P0032,Item_32,2669,380,1 days,7 days,In Stock,4.3,10% off,Yes,4.2/5,India
Shop_17,Shop_17_P0033,Item_33,20981,565,5 days,7 days,Out of Stock,4.1,None,Yes,3.0/5,India
Shop_17,Shop_17_P0034,Item_34,20484,325,6 days,14 days,Out of Stock,3.3,Free shipping,Yes,3.9/5,India
Shop_17,Shop_17_P0035,Item_35,36924,320,3 days,30 days,In Stock,4.4,None,No,3.1/5,India
Shop_17,Shop_17_P0036,Item_36,35411,457,6 days,7 days,Out of Stock,3.4,None,Yes,4.5/5,India
Shop_17,Shop_17_P0037,Item_37,42814,295,4 days,7 days,In Stock,4.4,Free shipping,Yes,3.2/5,India
Shop_17,Shop_17_P0038,Item_38,31701,261,7 days,30 days,In Stock,4.9,10% off,No,3.9/5,India
Shop_17,Shop_17_P0039,Item_39,44690,520,6 days,30 days,In Stock,4.4,None,No,4.9/5,India
Shop_17,Shop_17_P0040,Item_40,28931,342,4 days,14 days,In Stock,3.2,Free shipping,No,4.5/5,India
Shop_17,Shop_17_P0041,Item_41,43946,509,1 days,7 days,In Stock,4.5,10% off,Yes,4.7/5,India
Shop_17,Shop_17_P0042,Item_42,40267,552,7 days,30 days,Out of Stock,3.6,10% off,No,3.1/5,India
Shop_17,Shop_17_P0043,Item_43,18236,310,1 days,7 days,In Stock,4.4,Free shipping,No,4.1/5,India
Shop_17,Shop_17_P0044,Item_44,13792,673,3 days,30 days,Out of Stock,4.5,None,No,4.8/5,India
Shop_17,Shop_17_P0045,Item_45,47759,198,4 days,7 days,In Stock,3.1,None,Yes,4.3/5,India
Shop_17,Shop_17_P0046,Item_46,30605,657,6 days,14 days,Out of Stock,3.1,None,No,4.0/5,India
Shop_17,Shop_17_P0047,Item_47,41319,37,6 days,7 days,In Stock,4.0,Free shipping,No,3.7/5,India
Shop_17,Shop_17_P0048,Item_48,11077,408,4 days,14 days,In Stock,4.6,10% off,Yes,3.4/5,India
Shop_17,Shop_17_P0049,Item_49,43486,680,1 days,14 days,Out of Stock,4.0,10% off,No,3.4/5,India
Shop_17,Shop_17_P0050,Item_50,49614,345,2 days,14 days,In Stock,4.3,Free shipping,Yes,4.9/5,India
Shop_17,Shop_17_P0051,Item_51,19156,73,4 days,7 days,In Stock,3.6,10% off,Yes,3.5/5,India
Shop_17,Shop_17_P0052,Item_52,30958,261,4 days,7 days,Out of Stock,4.3,10% off,Yes,3.4/5,India
Shop_17,Shop_17_P0053,Item_53,34411,191,1 days,7 days,In Stock,3.4,None,Yes,4.1/5,India
Shop_17,Shop_17_P0054,Item_54,26548,649,4 days,7 days,In Stock,4.7,10% off,Yes,4.0/5,India
Shop_17,Shop_17_P0055,Item_55,15716,477,4 days,14 days,In Stock,4.4,None,Yes,4.2/5,India
Shop_17,Shop_17_P0056,Item_56,2774,314,6 days,7 days,In Stock,3.4,10% off,No,4.6/5,India
Shop_17,Shop_17_P0057,Item_57,24381,509,5 days,14 days,Out of Stock,4.5,10% off,Yes,3.5/5,India
Shop_17,Shop_17_P0058,Item_58,39461,335,5 days,14 days,In Stock,4.1,10% off,Yes,4.3/5,India
Shop_17,Shop_17_P0059,Item_59,18187,138,1 days,7 days,Out of Stock,5.0,Free shipping,No,4.0/5,India
Shop_17,Shop_17_P0060,Item_60,35105,220,6 days,14 days,Out of Stock,3.2,Free shipping,No,3.6/5,India
Shop_17,Shop_17_P0061,Item_61,26765,522,5 days,7 days,In Stock,4.6,10% off,No,4.2/5,India
Shop_17,Shop_17_P0062,Item_62,31367,401,7 days,7 days,Out of Stock,3.9,Free shipping,No,3.8/5,India
Shop_17,Shop_17_P0063,Item_63,43078,686,3 days,7 days,Out of Stock,4.2,10% off,Yes,4.5/5,India
Shop_17,Shop_17_P0064,Item_64,4125,262,1 days,14 days,Out of Stock,4.5,Free shipping,Yes,5.0/5,India
Shop_17,Shop_17_P0065,Item_65,14851,190,2 days,7 days,In Stock,3.6,None,No,3.7/5,India
Shop_17,Shop_17_P0066,Item_66,20985,158,4 days,30 days,Out of Stock,4.4,Free shipping,Yes,4.4/5,India
Shop_17,Shop_17_P0067,Item_67,40945,578,1 days,30 days,In Stock,4.8,Free shipping,No,3.2/5,India
Shop_17,Shop_17_P0068,Item_68,22282,325,4 days,7 days,Out of Stock,3.9,Free shipping,No,3.1/5,India
Shop_17,Shop_17_P0069,Item_69,13818,460,7 days,14 days,Out of Stock,4.1,Free shipping,No,4.4/5,India
Shop_17,Shop_17_P0070,Item_70,39633,663,5 days,7 days,In Stock,4.1,Free shipping,Yes,4.4/5,India
Shop_17,Shop_17_P0071,Item_71,49788,68,4 days,7 days,Out of Stock,4.4,None,Yes,5.0/5,India
Shop_17,Shop_17_P0072,Item_72,8423,388,2 days,7 days,In Stock,3.1,Free shipping,No,5.0/5,India
Shop_17,Shop_17_P0073,Item_73,2700,85,4 days,30 days,Out of Stock,3.3,10% off,Yes,3.6/5,India
Shop_17,Shop_17_P0074,Item_74,43778,445,6 days,14 days,In Stock,3.4,Free shipping,No,4.8/5,India
Shop_17,Shop_17_P0075,Item_75,49082,516,3 days,30 days,Out of Stock,4.9,None,No,3.7/5,India
Shop_17,Shop_17_P0076,Item_76,43105,594,2 days,14 days,Out of Stock,3.5,Free shipping,Yes,3.3/5,India
Shop_17,Shop_17_P0077,Item_77,18525,150,5 days,14 days,Out of Stock,4.1,Free shipping,Yes,3.0/5,India
Shop_17,Shop_17_P0078,Item_78,9293,519,4 days,30 days,Out of Stock,3.9,None,Yes,3.2/5,India
Shop_17,Shop_17_P0079,Item_79,6899,233,7 days,7 days,Out of Stock,3.5,None,No,4.4/5,India
Shop_17,Shop_17_P0080,Item_80,37752,80,3 days,7 days,In Stock,4.2,10% off,Yes,3.6/5,India
Shop_17,Shop_17_P0081,Item_81,43325,367,2 days,14 days,Out of Stock,4.1,Free shipping,Yes,3.9/5,India
Shop_17,Shop_17_P0082,Item_82,10768,240,4 days,30 days,In Stock,3.8,None,Yes,4.6/5,India
Shop_17,Shop_17_P0083,Item_83,39719,520,6 days,14 days,In Stock,4.1,None,No,3.6/5,India
Shop_17,Shop_17_P0084,Item_84,7647,426,7 days,30 days,In Stock,5.0,None,No,3.1/5,India
Shop_17,Shop_17_P0085,Item_85,27723,648,6 days,30 days,Out of Stock,3.9,10% off,Yes,4.0/5,India
Shop_17,Shop_17_P0086,Item_86,42012,183,3 days,30 days,In Stock,3.1,None,No,3.9/5,India
Shop_17,Shop_17_P0087,Item_87,49162,476,1 days,7 days,In Stock,4.1,None,Yes,4.4/5,India
Shop_17,Shop_17_P0088,Item_88,33378,657,3 days,7 days,Out of Stock,4.1,10% off,Yes,3.5/5,India
Shop_17,Shop_17_P0089,Item_89,41641,70,6 days,7 days,In Stock,4.3,10% off,Yes,4.9/5,India
Shop_17,Shop_17_P0090,Item_90,26028,621,7 days,14 days,In Stock,3.8,10% off,Yes,5.0/5,India
Shop_17,Shop_17_P0091,Item_91,43706,204,2 days,14 days,Out of Stock,4.2,10% off,Yes,4.1/5,India
Shop_17,Shop_17_P0092,Item_92,14327,611,3 days,30 days,In Stock,3.6,10% off,No,4.5/5,India
Shop_17,Shop_17_P0093,Item_93,38907,445,7 days,7 days,Out of Stock,3.2,10% off,Yes,3.3/5,India
Shop_17,Shop_17_P0094,Item_94,42666,322,4 days,30 days,Out of Stock,3.5,Free shipping,No,3.8/5,India
Shop_17,Shop_17_P0095,Item_95,15687,266,2 days,30 days,Out of Stock,3.8,Free shipping,No,3.5/5,India
Shop_17,Shop_17_P0096,Item_96,41499,309,2 days,14 days,Out of Stock,4.7,Free shipping,No,4.5/5,India
Shop_17,Shop_17_P0097,Item_97,27616,145,2 days,7 days,In Stock,4.4,10% off,Yes,4.4/5,India
Shop_17,Shop_17_P0098,Item_98,17336,509,3 days,14 days,Out of Stock,5.0,Free shipping,Yes,3.8/5,India
Shop_17,Shop_17_P0099,Item_99,43383,448,3 days,7 days,Out of Stock,4.9,None,No,3.9/5,India
Shop_17,Shop_17_P0100,Item_100,27449,532,6 days,30 days,In Stock,3.1,10% off,No,3.3/5,India
Shop_18,Shop_18_P0001,Item_1,24495,598,2 days,30 days,Out of Stock,4.1,10% off,No,4.0/5,India
Shop_18,Shop_18_P0002,Item_2,35765,356,1 days,30 days,In Stock,3.2,None,Yes,3.9/5,India
Shop_18,Shop_18_P0003,Item_3,27872,659,3 days,7 days,Out of Stock,3.3,None,Yes,4.4/5,India
Shop_18,Shop_18_P0004,Item_4,20023,579,6 days,30 days,Out of Stock,3.3,10% off,Yes,4.4/5,India
Shop_18,Shop_18_P0005,Item_5,11211,445,6 days,30 days,Out of Stock,3.8,Free shipping,Yes,3.4/5,India
Shop_18,Shop_18_P0006,Item_6,20524,90,2 days,14 days,Out of Stock,4.6,Free shipping,Yes,3.5/5,India
Shop_18,Shop_18_P0007,Item_7,35078,521,3 days,7 days,In Stock,4.7,10% off,Yes,3.9/5,India
Shop_18,Shop_18_P0008,Item_8,9021,92,2 days,7 days,Out of Stock,4.1,10% off,No,4.6/5,India
Shop_18,Shop_18_P0009,Item_9,14580,693,5 days,14 days,Out of Stock,4.7,10% off,No,3.9/5,India
Shop_18,Shop_18_P0010,Item_10,43368,26,2 days,7 days,In Stock,3.5,Free shipping,Yes,4.4/5,India
Shop_18,Shop_18_P0011,Item_11,16158,165,6 days,30 days,In Stock,4.4,10% off,No,3.0/5,India
Shop_18,Shop_18_P0012,Item_12,29903,343,6 days,7 days,Out of Stock,4.4,None,Yes,4.6/5,India
Shop_18,Shop_18_P0013,Item_13,30720,628,1 days,14 days,Out of Stock,4.2,None,No,3.1/5,India
Shop_18,Shop_18_P0014,Item_14,47765,473,3 days,14 days,In Stock,4.2,Free shipping,No,4.2/5,India
Shop_18,Shop_18_P0015,Item_15,26363,495,5 days,30 days,Out of Stock,3.2,Free shipping,No,3.9/5,India
Shop_18,Shop_18_P0016,Item_16,30587,484,2 days,7 days,In Stock,3.9,10% off,No,4.7/5,India
Shop_18,Shop_18_P0017,Item_17,24582,271,6 days,14 days,In Stock,3.0,Free shipping,Yes,4.2/5,India
Shop_18,Shop_18_P0018,Item_18,22831,564,4 days,14 days,Out of Stock,4.3,10% off,No,4.9/5,India
Shop_18,Shop_18_P0019,Item_19,24162,265,2 days,7 days,Out of Stock,4.3,Free shipping,Yes,4.5/5,India
Shop_18,Shop_18_P0020,Item_20,34573,614,5 days,7 days,Out of Stock,4.6,Free shipping,No,4.1/5,India
Shop_18,Shop_18_P0021,Item_21,5648,49,5 days,7 days,Out of Stock,4.0,None,No,3.4/5,India
Shop_18,Shop_18_P0022,Item_22,38384,253,5 days,14 days,In Stock,3.8,Free shipping,No,4.4/5,India
Shop_18,Shop_18_P0023,Item_23,40456,576,2 days,14 days,Out of Stock,4.4,Free shipping,No,3.2/5,India
Shop_18,Shop_18_P0024,Item_24,2475,197,3 days,14 days,In Stock,4.4,None,No,4.1/5,India
Shop_18,Shop_18_P0025,Item_25,34844,175,5 days,30 days,Out of Stock,4.5,10% off,No,5.0/5,India
Shop_18,Shop_18_P0026,Item_26,22347,405,5 days,7 days,In Stock,3.2,None,Yes,4.7/5,India
Shop_18,Shop_18_P0027,Item_27,20939,593,7 days,30 days,Out of Stock,4.4,Free shipping,Yes,3.4/5,India
Shop_18,Shop_18_P0028,Item_28,18519,316,1 days,30 days,Out of Stock,3.3,Free shipping,No,4.4/5,India
Shop_18,Shop_18_P0029,Item_29,38802,155,1 days,7 days,In Stock,3.9,10% off,Yes,4.0/5,India
Shop_18,Shop_18_P0030,Item_30,27657,320,1 days,14 days,In Stock,3.8,10% off,No,3.0/5,India
Shop_18,Shop_18_P0031,Item_31,10442,353,5 days,7 days,In Stock,4.9,Free shipping,No,4.8/5,India
Shop_18,Shop_18_P0032,Item_32,35359,430,4 days,30 days,Out of Stock,3.4,10% off,Yes,4.2/5,India
Shop_18,Shop_18_P0033,Item_33,41101,668,4 days,7 days,Out of Stock,3.5,Free shipping,No,3.0/5,India
Shop_18,Shop_18_P0034,Item_34,21669,267,1 days,14 days,In Stock,4.8,Free shipping,No,4.5/5,India
Shop_18,Shop_18_P0035,Item_35,48863,116,3 days,14 days,Out of Stock,4.2,10% off,Yes,4.5/5,India
Shop_18,Shop_18_P0036,Item_36,36759,218,1 days,7 days,In Stock,4.7,Free shipping,No,3.9/5,India
Shop_18,Shop_18_P0037,Item_37,49067,628,4 days,7 days,Out of Stock,3.3,10% off,Yes,4.4/5,India
Shop_18,Shop_18_P0038,Item_38,12709,74,1 days,30 days,Out of Stock,4.5,None,No,4.0/5,India
Shop_18,Shop_18_P0039,Item_39,45733,319,7 days,7 days,In Stock,3.3,None,No,4.4/5,India
Shop_18,Shop_18_P0040,Item_40,5777,459,3 days,14 days,Out of Stock,3.2,None,Yes,4.7/5,India
Shop_18,Shop_18_P0041,Item_41,3838,49,1 days,7 days,In Stock,3.2,Free shipping,Yes,3.7/5,India
Shop_18,Shop_18_P0042,Item_42,44537,472,6 days,14 days,Out of Stock,4.6,Free shipping,Yes,3.7/5,India
Shop_18,Shop_18_P0043,Item_43,41176,562,6 days,30 days,Out of Stock,3.8,None,No,4.2/5,India
Shop_18,Shop_18_P0044,Item_44,928,304,4 days,7 days,In Stock,4.4,10% off,Yes,3.8/5,India
Shop_18,Shop_18_P0045,Item_45,34922,82,6 days,7 days,Out of Stock,4.4,Free shipping,Yes,3.0/5,India
Shop_18,Shop_18_P0046,Item_46,19753,661,5 days,7 days,In Stock,3.9,Free shipping,No,3.9/5,India
Shop_18,Shop_18_P0047,Item_47,17674,637,2 days,30 days,In Stock,3.5,None,Yes,4.6/5,India
Shop_18,Shop_18_P0048,Item_48,31174,77,2 days,30 days,In Stock,4.7,Free shipping,No,4.1/5,India
Shop_18,Shop_18_P0049,Item_49,30453,159,3 days,30 days,In Stock,4.3,Free shipping,No,3.3/5,India
Shop_18,Shop_18_P0050,Item_50,41221,241,2 days,7 days,Out of Stock,4.7,None,No,3.9/5,India
Shop_18,Shop_18_P0051,Item_51,45728,591,6 days,14 days,Out of Stock,3.2,None,Yes,4.3/5,India
Shop_18,Shop_18_P0052,Item_52,25539,51,1 days,30 days,Out of Stock,4.5,10% off,Yes,4.9/5,India
Shop_18,Shop_18_P0053,Item_53,23606,144,2 days,14 days,Out of Stock,3.7,Free shipping,Yes,3.5/5,India
Shop_18,Shop_18_P0054,Item_54,44715,411,2 days,30 days,Out of Stock,3.6,10% off,Yes,3.5/5,India
Shop_18,Shop_18_P0055,Item_55,17713,378,1 days,30 days,Out of Stock,4.5,10% off,Yes,3.5/5,India
Shop_18,Shop_18_P0056,Item_56,10381,390,7 days,14 days,In Stock,4.7,Free shipping,No,4.0/5,India
Shop_18,Shop_18_P0057,Item_57,8790,634,5 days,14 days,In Stock,3.5,10% off,No,4.3/5,India
Shop_18,Shop_18_P0058,Item_58,42561,140,2 days,30 days,In Stock,4.2,None,No,3.3/5,India
Shop_18,Shop_18_P0059,Item_59,10308,235,5 days,14 days,In Stock,4.1,Free shipping,Yes,4.3/5,India
Shop_18,Shop_18_P0060,Item_60,14936,279,2 days,30 days,Out of Stock,3.5,Free shipping,Yes,4.1/5,India
Shop_18,Shop_18_P0061,Item_61,11574,236,3 days,30 days,In Stock,4.1,Free shipping,No,4.3/5,India
Shop_18,Shop_18_P0062,Item_62,43415,79,7 days,7 days,In Stock,3.7,10% off,Yes,3.8/5,India
Shop_18,Shop_18_P0063,Item_63,35373,694,3 days,14 days,In Stock,4.8,None,No,4.7/5,India
Shop_18,Shop_18_P0064,Item_64,14950,378,7 days,30 days,Out of Stock,3.7,Free shipping,No,4.8/5,India
Shop_18,Shop_18_P0065,Item_65,35741,65,1 days,14 days,In Stock,4.5,Free shipping,Yes,3.4/5,India
Shop_18,Shop_18_P0066,Item_66,7855,692,4 days,30 days,In Stock,4.3,None,No,4.5/5,India
Shop_18,Shop_18_P0067,Item_67,34176,447,5 days,30 days,Out of Stock,4.7,10% off,Yes,4.5/5,India
Shop_18,Shop_18_P0068,Item_68,36219,496,6 days,7 days,In Stock,4.8,None,Yes,3.3/5,India
Shop_18,Shop_18_P0069,Item_69,39857,596,1 days,30 days,In Stock,4.8,10% off,No,4.7/5,India
Shop_18,Shop_18_P0070,Item_70,28071,695,3 days,14 days,Out of Stock,4.9,10% off,No,4.2/5,India
Shop_18,Shop_18_P0071,Item_71,32013,178,2 days,30 days,In Stock,4.0,10% off,No,3.2/5,India
Shop_18,Shop_18_P0072,Item_72,46859,62,6 days,7 days,In Stock,3.6,10% off,Yes,3.5/5,India
Shop_18,Shop_18_P0073,Item_73,39068,174,3 days,30 days,In Stock,4.9,10% off,Yes,4.9/5,India
Shop_18,Shop_18_P0074,Item_74,21402,128,7 days,7 days,Out of Stock,4.9,None,No,3.3/5,India
Shop_18,Shop_18_P0075,Item_75,16880,504,4 days,14 days,In Stock,3.1,10% off,No,3.4/5,India
Shop_18,Shop_18_P0076,Item_76,36081,37,5 days,7 days,In Stock,4.9,Free shipping,Yes,4.6/5,India
Shop_18,Shop_18_P0077,Item_77,4288,21,2 days,7 days,In Stock,4.8,10% off,No,3.7/5,India
Shop_18,Shop_18_P0078,Item_78,39136,489,3 days,7 days,Out of Stock,4.6,None,Yes,3.1/5,India
Shop_18,Shop_18_P0079,Item_79,29712,476,7 days,7 days,Out of Stock,3.8,None,Yes,3.4/5,India
Shop_18,Shop_18_P0080,Item_80,37752,591,2 days,30 days,In Stock,3.4,10% off,Yes,3.5/5,India
Shop_18,Shop_18_P0081,Item_81,784,655,2 days,30 days,In Stock,4.1,None,No,4.1/5,India
Shop_18,Shop_18_P0082,Item_82,4510,234,6 days,14 days,In Stock,3.2,Free shipping,No,3.6/5,India
Shop_18,Shop_18_P0083,Item_83,14535,613,7 days,30 days,Out of Stock,4.6,None,Yes,4.4/5,India
Shop_18,Shop_18_P0084,Item_84,13214,124,1 days,7 days,In Stock,4.5,10% off,Yes,3.2/5,India
Shop_18,Shop_18_P0085,Item_85,15570,488,5 days,14 days,In Stock,4.8,None,No,3.6/5,India
Shop_18,Shop_18_P0086,Item_86,10869,146,5 days,30 days,In Stock,3.6,Free shipping,Yes,3.9/5,India
Shop_18,Shop_18_P0087,Item_87,21642,400,3 days,14 days,In Stock,3.4,Free shipping,No,3.8/5,India
Shop_18,Shop_18_P0088,Item_88,46690,27,5 days,7 days,In Stock,3.2,10% off,No,3.1/5,India
Shop_18,Shop_18_P0089,Item_89,15892,437,3 days,14 days,Out of Stock,4.0,Free shipping,No,4.8/5,India
Shop_18,Shop_18_P0090,Item_90,45985,618,5 days,14 days,Out of Stock,3.7,10% off,Yes,4.7/5,India
Shop_18,Shop_18_P0091,Item_91,8597,536,2 days,7 days,Out of Stock,3.8,None,No,4.5/5,India
Shop_18,Shop_18_P0092,Item_92,33769,385,6 days,30 days,In Stock,4.4,Free shipping,Yes,4.6/5,India
Shop_18,Shop_18_P0093,Item_93,23962,454,1 days,7 days,In Stock,3.9,Free shipping,No,4.1/5,India
Shop_18,Shop_18_P0094,Item_94,23620,578,2 days,14 days,Out of Stock,4.5,Free shipping,Yes,3.3/5,India
Shop_18,Shop_18_P0095,Item_95,47411,478,5 days,7 days,Out of Stock,3.9,Free shipping,No,4.2/5,India
Shop_18,Shop_18_P0096,Item_96,30830,132,3 days,14 days,Out of Stock,5.0,Free shipping,No,4.8/5,India
Shop_18,Shop_18_P0097,Item_97,14393,441,7 days,30 days,In Stock,3.0,10% off,Yes,4.3/5,India
Shop_18,Shop_18_P0098,Item_98,28935,678,5 days,7 days,Out of Stock,4.9,None,No,3.7/5,India
Shop_18,Shop_18_P0099,Item_99,33780,651,5 days,30 days,Out of Stock,4.6,None,Yes,4.5/5,India
Shop_18,Shop_18_P0100,Item_100,48054,25,1 days,14 days,In Stock,4.0,10% off,Yes,4.0/5,India
Shop_19,Shop_19_P0001,Item_1,26251,640,6 days,7 days,In Stock,5.0,None,Yes,4.9/5,India
Shop_19,Shop_19_P0002,Item_2,40986,492,5 days,30 days,Out of Stock,3.1,10% off,Yes,5.0/5,India
Shop_19,Shop_19_P0003,Item_3,48360,153,1 days,7 days,Out of Stock,4.6,10% off,No,3.9/5,India
Shop_19,Shop_19_P0004,Item_4,35261,108,1 days,7 days,In Stock,3.0,10% off,Yes,4.7/5,India
Shop_19,Shop_19_P0005,Item_5,21001,658,2 days,7 days,In Stock,4.6,10% off,Yes,5.0/5,India
Shop_19,Shop_19_P0006,Item_6,35034,229,2 days,30 days,In Stock,5.0,Free shipping,Yes,4.1/5,India
Shop_19,Shop_19_P0007,Item_7,46080,135,7 days,14 days,Out of Stock,4.7,Free shipping,Yes,3.8/5,India
Shop_19,Shop_19_P0008,Item_8,36594,348,7 days,14 days,In Stock,4.9,Free shipping,Yes,4.0/5,India
Shop_19,Shop_19_P0009,Item_9,19548,126,3 days,14 days,Out of Stock,3.5,Free shipping,No,4.9/5,India
Shop_19,Shop_19_P0010,Item_10,28765,578,2 days,30 days,In Stock,3.6,None,Yes,3.9/5,India
Shop_19,Shop_19_P0011,Item_11,27566,139,2 days,7 days,In Stock,4.6,Free shipping,Yes,3.6/5,India
Shop_19,Shop_19_P0012,Item_12,29201,86,3 days,14 days,Out of Stock,3.1,None,Yes,3.5/5,India
Shop_19,Shop_19_P0013,Item_13,46146,576,7 days,7 days,Out of Stock,3.7,None,Yes,3.1/5,India
Shop_19,Shop_19_P0014,Item_14,35066,673,5 days,30 days,Out of Stock,3.9,None,No,3.9/5,India
Shop_19,Shop_19_P0015,Item_15,5699,484,1 days,30 days,Out of Stock,5.0,10% off,Yes,3.1/5,India
Shop_19,Shop_19_P0016,Item_16,19328,316,6 days,14 days,In Stock,4.4,None,Yes,4.9/5,India
Shop_19,Shop_19_P0017,Item_17,47157,480,3 days,30 days,In Stock,3.3,10% off,No,3.3/5,India
Shop_19,Shop_19_P0018,Item_18,35331,534,6 days,14 days,Out of Stock,4.1,10% off,No,4.7/5,India
Shop_19,Shop_19_P0019,Item_19,47211,40,2 days,7 days,In Stock,3.2,None,No,4.0/5,India
Shop_19,Shop_19_P0020,Item_20,24242,475,5 days,7 days,In Stock,3.2,10% off,No,3.1/5,India
Shop_19,Shop_19_P0021,Item_21,1959,632,4 days,7 days,Out of Stock,5.0,Free shipping,No,4.3/5,India
Shop_19,Shop_19_P0022,Item_22,15114,69,6 days,7 days,Out of Stock,4.1,Free shipping,Yes,3.1/5,India
Shop_19,Shop_19_P0023,Item_23,26424,416,5 days,7 days,In Stock,4.3,None,Yes,4.3/5,India
Shop_19,Shop_19_P0024,Item_24,28227,520,2 days,30 days,In Stock,3.8,Free shipping,Yes,3.3/5,India
Shop_19,Shop_19_P0025,Item_25,3165,469,7 days,7 days,In Stock,3.9,10% off,Yes,4.3/5,India
Shop_19,Shop_19_P0026,Item_26,7882,339,7 days,14 days,In Stock,4.9,None,Yes,3.5/5,India
Shop_19,Shop_19_P0027,Item_27,30202,411,3 days,30 days,Out of Stock,4.5,None,No,4.7/5,India
Shop_19,Shop_19_P0028,Item_28,48933,293,7 days,30 days,Out of Stock,4.5,10% off,Yes,3.8/5,India
Shop_19,Shop_19_P0029,Item_29,12721,276,5 days,7 days,Out of Stock,4.9,Free shipping,Yes,3.6/5,India
Shop_19,Shop_19_P0030,Item_30,7923,425,7 days,30 days,In Stock,3.7,10% off,Yes,4.5/5,India
Shop_19,Shop_19_P0031,Item_31,40733,510,5 days,14 days,In Stock,3.9,Free shipping,No,3.4/5,India
Shop_19,Shop_19_P0032,Item_32,15596,36,6 days,30 days,In Stock,4.3,10% off,No,3.2/5,India
Shop_19,Shop_19_P0033,Item_33,44412,688,7 days,30 days,In Stock,3.2,10% off,No,3.5/5,India
Shop_19,Shop_19_P0034,Item_34,5385,170,1 days,7 days,In Stock,3.6,Free shipping,Yes,3.9/5,India
Shop_19,Shop_19_P0035,Item_35,15472,588,7 days,30 days,In Stock,3.7,Free shipping,No,3.0/5,India
Shop_19,Shop_19_P0036,Item_36,36651,428,3 days,7 days,Out of Stock,4.8,None,No,4.2/5,India
Shop_19,Shop_19_P0037,Item_37,5737,327,1 days,30 days,Out of Stock,3.8,Free shipping,Yes,4.4/5,India
Shop_19,Shop_19_P0038,Item_38,6889,343,6 days,7 days,Out of Stock,3.8,Free shipping,No,3.9/5,India
Shop_19,Shop_19_P0039,Item_39,31416,558,1 days,7 days,In Stock,4.0,10% off,No,4.0/5,India
Shop_19,Shop_19_P0040,Item_40,33248,527,5 days,7 days,Out of Stock,3.4,Free shipping,No,4.2/5,India
Shop_19,Shop_19_P0041,Item_41,21118,132,2 days,7 days,Out of Stock,4.2,10% off,Yes,3.7/5,India
Shop_19,Shop_19_P0042,Item_42,45237,94,4 days,30 days,Out of Stock,4.6,Free shipping,Yes,3.7/5,India
Shop_19,Shop_19_P0043,Item_43,7454,195,2 days,30 days,In Stock,3.3,10% off,No,4.7/5,India
Shop_19,Shop_19_P0044,Item_44,10551,401,4 days,7 days,Out of Stock,3.8,None,Yes,4.3/5,India
Shop_19,Shop_19_P0045,Item_45,40808,119,1 days,30 days,Out of Stock,3.6,None,No,4.9/5,India
Shop_19,Shop_19_P0046,Item_46,33403,556,4 days,7 days,In Stock,4.7,10% off,Yes,4.1/5,India
Shop_19,Shop_19_P0047,Item_47,24592,584,5 days,7 days,Out of Stock,3.8,None,Yes,4.6/5,India
Shop_19,Shop_19_P0048,Item_48,45069,80,1 days,30 days,In Stock,4.8,10% off,No,4.1/5,India
Shop_19,Shop_19_P0049,Item_49,11195,114,6 days,14 days,In Stock,4.8,10% off,No,4.0/5,India
Shop_19,Shop_19_P0050,Item_50,17247,599,1 days,14 days,Out of Stock,4.9,10% off,No,4.7/5,India
Shop_19,Shop_19_P0051,Item_51,2445,435,7 days,30 days,In Stock,4.5,None,No,3.5/5,India
Shop_19,Shop_19_P0052,Item_52,46344,380,1 days,7 days,In Stock,5.0,10% off,No,4.8/5,India
Shop_19,Shop_19_P0053,Item_53,17883,512,1 days,30 days,Out of Stock,3.2,None,Yes,4.6/5,India
Shop_19,Shop_19_P0054,Item_54,49983,613,4 days,14 days,In Stock,4.3,Free shipping,Yes,4.9/5,India
Shop_19,Shop_19_P0055,Item_55,16422,415,4 days,7 days,In Stock,3.3,10% off,Yes,4.0/5,India
Shop_19,Shop_19_P0056,Item_56,1282,217,7 days,7 days,Out of Stock,3.3,Free shipping,No,3.2/5,India
Shop_19,Shop_19_P0057,Item_57,14844,369,2 days,30 days,In Stock,3.5,None,No,4.4/5,India
Shop_19,Shop_19_P0058,Item_58,27575,695,5 days,7 days,Out of Stock,3.9,Free shipping,Yes,4.2/5,India
Shop_19,Shop_19_P0059,Item_59,35927,217,6 days,14 days,Out of Stock,3.2,10% off,Yes,4.7/5,India
Shop_19,Shop_19_P0060,Item_60,5249,122,4 days,14 days,In Stock,3.1,Free shipping,No,4.7/5,India
Shop_19,Shop_19_P0061,Item_61,19248,417,3 days,7 days,In Stock,3.1,None,Yes,4.1/5,India
Shop_19,Shop_19_P0062,Item_62,3724,535,5 days,7 days,Out of Stock,3.2,Free shipping,Yes,3.6/5,India
Shop_19,Shop_19_P0063,Item_63,3846,452,5 days,14 days,In Stock,3.2,None,Yes,3.2/5,India
Shop_19,Shop_19_P0064,Item_64,47595,243,7 days,30 days,In Stock,4.3,None,Yes,4.2/5,India
Shop_19,Shop_19_P0065,Item_65,3532,641,2 days,7 days,Out of Stock,3.4,None,Yes,3.2/5,India
Shop_19,Shop_19_P0066,Item_66,19003,455,1 days,7 days,In Stock,3.9,Free shipping,No,4.8/5,India
Shop_19,Shop_19_P0067,Item_67,35607,564,1 days,30 days,Out of Stock,4.4,None,Yes,4.7/5,India
Shop_19,Shop_19_P0068,Item_68,25975,182,5 days,30 days,In Stock,4.3,10% off,Yes,4.9/5,India
Shop_19,Shop_19_P0069,Item_69,20498,214,1 days,14 days,In Stock,3.8,10% off,No,3.8/5,India
Shop_19,Shop_19_P0070,Item_70,12215,549,5 days,30 days,Out of Stock,4.2,Free shipping,No,3.4/5,India
Shop_19,Shop_19_P0071,Item_71,45373,238,4 days,14 days,Out of Stock,4.8,None,No,3.1/5,India
Shop_19,Shop_19_P0072,Item_72,46482,588,3 days,14 days,In Stock,3.3,Free shipping,No,3.6/5,India
Shop_19,Shop_19_P0073,Item_73,35478,485,7 days,14 days,In Stock,4.4,Free shipping,Yes,3.2/5,India
Shop_19,Shop_19_P0074,Item_74,29562,372,5 days,14 days,In Stock,4.4,Free shipping,Yes,4.8/5,India
Shop_19,Shop_19_P0075,Item_75,8262,30,5 days,30 days,Out of Stock,3.2,10% off,No,4.3/5,India
Shop_19,Shop_19_P0076,Item_76,36129,626,7 days,14 days,In Stock,3.9,10% off,No,4.4/5,India
Shop_19,Shop_19_P0077,Item_77,27060,346,4 days,7 days,In Stock,3.7,None,No,4.0/5,India
Shop_19,Shop_19_P0078,Item_78,34659,502,1 days,7 days,In Stock,3.2,Free shipping,Yes,3.8/5,India
Shop_19,Shop_19_P0079,Item_79,16991,502,2 days,30 days,Out of Stock,4.7,10% off,Yes,4.2/5,India
Shop_19,Shop_19_P0080,Item_80,41832,603,4 days,30 days,Out of Stock,3.9,Free shipping,No,4.5/5,India
Shop_19,Shop_19_P0081,Item_81,12827,73,4 days,30 days,Out of Stock,3.6,Free shipping,Yes,3.0/5,India
Shop_19,Shop_19_P0082,Item_82,48295,67,6 days,30 days,In Stock,4.7,None,No,3.2/5,India
Shop_19,Shop_19_P0083,Item_83,21035,451,6 days,30 days,In Stock,4.2,Free shipping,No,3.5/5,India
Shop_19,Shop_19_P0084,Item_84,6567,149,4 days,30 days,In Stock,3.5,Free shipping,Yes,4.5/5,India
Shop_19,Shop_19_P0085,Item_85,12608,220,5 days,7 days,Out of Stock,4.9,10% off,No,3.7/5,India
Shop_19,Shop_19_P0086,Item_86,47549,208,6 days,14 days,In Stock,3.0,Free shipping,Yes,3.8/5,India
Shop_19,Shop_19_P0087,Item_87,48409,428,2 days,30 days,In Stock,3.6,None,No,3.1/5,India
Shop_19,Shop_19_P0088,Item_88,43819,348,1 days,14 days,Out of Stock,4.3,None,No,4.1/5,India
Shop_19,Shop_19_P0089,Item_89,11689,625,2 days,14 days,In Stock,3.0,None,No,5.0/5,India
Shop_19,Shop_19_P0090,Item_90,3747,623,2 days,14 days,Out of Stock,4.1,Free shipping,No,3.9/5,India
Shop_19,Shop_19_P0091,Item_91,38321,455,6 days,7 days,Out of Stock,3.1,None,Yes,4.5/5,India
Shop_19,Shop_19_P0092,Item_92,3870,150,5 days,14 days,Out of Stock,4.0,None,Yes,3.3/5,India
Shop_19,Shop_19_P0093,Item_93,35087,510,1 days,30 days,In Stock,4.2,10% off,No,4.0/5,India
Shop_19,Shop_19_P0094,Item_94,34434,623,3 days,30 days,In Stock,4.6,10% off,Yes,4.4/5,India
Shop_19,Shop_19_P0095,Item_95,42793,263,6 days,30 days,Out of Stock,4.6,Free shipping,No,3.2/5,India
Shop_19,Shop_19_P0096,Item_96,40538,88,6 days,7 days,In Stock,4.0,10% off,Yes,3.9/5,India
Shop_19,Shop_19_P0097,Item_97,41663,672,5 days,7 days,Out of Stock,4.4,Free shipping,Yes,4.7/5,India
Shop_19,Shop_19_P0098,Item_98,46588,122,6 days,7 days,In Stock,3.6,10% off,No,4.9/5,India
Shop_19,Shop_19_P0099,Item_99,39002,23,1 days,7 days,Out of Stock,3.1,Free shipping,No,4.4/5,India
Shop_19,Shop_19_P0100,Item_100,38690,450,6 days,14 days,In Stock,4.4,None,No,3.5/5,India
Shop_20,Shop_20_P0001,Item_1,46525,334,1 days,14 days,In Stock,3.8,10% off,No,4.1/5,India
Shop_20,Shop_20_P0002,Item_2,8803,408,1 days,30 days,In Stock,3.9,Free shipping,No,4.4/5,India
Shop_20,Shop_20_P0003,Item_3,39250,258,1 days,30 days,In Stock,4.7,None,Yes,3.8/5,India
Shop_20,Shop_20_P0004,Item_4,35659,691,4 days,7 days,Out of Stock,3.4,Free shipping,Yes,4.7/5,India
Shop_20,Shop_20_P0005,Item_5,39066,401,2 days,30 days,In Stock,3.1,None,No,4.3/5,India
Shop_20,Shop_20_P0006,Item_6,27892,265,4 days,14 days,Out of Stock,4.8,None,No,4.4/5,India
Shop_20,Shop_20_P0007,Item_7,47231,524,4 days,14 days,Out of Stock,3.0,None,Yes,3.1/5,India
Shop_20,Shop_20_P0008,Item_8,46422,629,7 days,30 days,Out of Stock,3.0,Free shipping,Yes,4.3/5,India
Shop_20,Shop_20_P0009,Item_9,22329,572,3 days,30 days,Out of Stock,3.4,None,No,4.7/5,India
Shop_20,Shop_20_P0010,Item_10,1964,43,2 days,7 days,In Stock,4.4,None,No,3.6/5,India
Shop_20,Shop_20_P0011,Item_11,46878,377,6 days,7 days,In Stock,4.8,None,No,4.9/5,India
Shop_20,Shop_20_P0012,Item_12,31202,297,2 days,7 days,In Stock,3.1,Free shipping,Yes,4.9/5,India
Shop_20,Shop_20_P0013,Item_13,37981,556,4 days,14 days,In Stock,5.0,None,No,4.7/5,India
Shop_20,Shop_20_P0014,Item_14,36251,169,4 days,30 days,In Stock,4.3,Free shipping,No,4.0/5,India
Shop_20,Shop_20_P0015,Item_15,26353,659,1 days,7 days,Out of Stock,3.9,Free shipping,No,5.0/5,India
Shop_20,Shop_20_P0016,Item_16,40570,342,2 days,14 days,In Stock,3.4,Free shipping,Yes,3.2/5,India
Shop_20,Shop_20_P0017,Item_17,40214,397,7 days,14 days,Out of Stock,4.5,None,No,3.7/5,India
Shop_20,Shop_20_P0018,Item_18,42416,259,7 days,14 days,In Stock,4.8,None,Yes,4.7/5,India
Shop_20,Shop_20_P0019,Item_19,5490,417,1 days,30 days,Out of Stock,4.6,None,Yes,4.2/5,India
Shop_20,Shop_20_P0020,Item_20,12133,53,5 days,30 days,In Stock,3.8,Free shipping,Yes,3.4/5,India
Shop_20,Shop_20_P0021,Item_21,42638,282,3 days,7 days,Out of Stock,3.2,Free shipping,No,3.3/5,India
Shop_20,Shop_20_P0022,Item_22,22382,420,1 days,30 days,Out of Stock,3.7,None,No,4.5/5,India
Shop_20,Shop_20_P0023,Item_23,38485,49,1 days,7 days,Out of Stock,3.4,Free shipping,No,3.4/5,India
Shop_20,Shop_20_P0024,Item_24,41072,619,5 days,14 days,Out of Stock,4.4,Free shipping,Yes,4.9/5,India
Shop_20,Shop_20_P0025,Item_25,7353,231,7 days,30 days,Out of Stock,4.5,None,No,3.1/5,India
Shop_20,Shop_20_P0026,Item_26,49622,656,5 days,30 days,Out of Stock,4.2,Free shipping,Yes,4.5/5,India
Shop_20,Shop_20_P0027,Item_27,28484,640,6 days,7 days,In Stock,3.6,10% off,Yes,4.8/5,India
Shop_20,Shop_20_P0028,Item_28,45259,664,5 days,30 days,Out of Stock,3.4,Free shipping,Yes,4.4/5,India
Shop_20,Shop_20_P0029,Item_29,39406,376,5 days,30 days,Out of Stock,4.0,None,No,3.3/5,India
Shop_20,Shop_20_P0030,Item_30,19418,469,1 days,7 days,Out of Stock,3.3,None,No,4.4/5,India
Shop_20,Shop_20_P0031,Item_31,45442,178,3 days,7 days,Out of Stock,4.4,10% off,No,3.2/5,India
Shop_20,Shop_20_P0032,Item_32,42629,84,7 days,14 days,In Stock,4.0,Free shipping,No,3.8/5,India
Shop_20,Shop_20_P0033,Item_33,35131,630,4 days,30 days,In Stock,3.8,Free shipping,Yes,3.5/5,India
Shop_20,Shop_20_P0034,Item_34,19860,346,4 days,7 days,In Stock,4.2,None,Yes,3.1/5,India
Shop_20,Shop_20_P0035,Item_35,18978,289,7 days,14 days,In Stock,4.7,10% off,Yes,3.4/5,India
Shop_20,Shop_20_P0036,Item_36,29085,668,6 days,30 days,Out of Stock,3.8,10% off,No,5.0/5,India
Shop_20,Shop_20_P0037,Item_37,15167,183,6 days,30 days,In Stock,3.9,Free shipping,No,3.6/5,India
Shop_20,Shop_20_P0038,Item_38,16513,88,7 days,7 days,Out of Stock,4.1,None,Yes,3.5/5,India
Shop_20,Shop_20_P0039,Item_39,44240,587,6 days,7 days,In Stock,3.4,10% off,No,3.1/5,India
Shop_20,Shop_20_P0040,Item_40,34810,288,5 days,7 days,In Stock,3.9,Free shipping,No,3.9/5,India
Shop_20,Shop_20_P0041,Item_41,3539,660,5 days,7 days,In Stock,4.6,10% off,No,3.9/5,India
Shop_20,Shop_20_P0042,Item_42,40415,499,7 days,14 days,Out of Stock,3.4,Free shipping,Yes,3.4/5,India
Shop_20,Shop_20_P0043,Item_43,17680,330,1 days,30 days,In Stock,4.6,None,Yes,4.5/5,India
Shop_20,Shop_20_P0044,Item_44,19123,557,4 days,7 days,In Stock,4.2,None,Yes,3.1/5,India
Shop_20,Shop_20_P0045,Item_45,46008,205,4 days,7 days,In Stock,5.0,None,Yes,4.3/5,India
Shop_20,Shop_20_P0046,Item_46,15561,115,5 days,7 days,In Stock,4.8,None,No,3.3/5,India
Shop_20,Shop_20_P0047,Item_47,37107,448,5 days,7 days,Out of Stock,3.5,Free shipping,No,4.4/5,India
Shop_20,Shop_20_P0048,Item_48,7306,272,6 days,7 days,In Stock,4.3,None,No,4.0/5,India
Shop_20,Shop_20_P0049,Item_49,9816,202,5 days,30 days,In Stock,4.5,Free shipping,Yes,4.2/5,India
Shop_20,Shop_20_P0050,Item_50,10257,237,2 days,30 days,Out of Stock,3.2,Free shipping,Yes,4.9/5,India
Shop_20,Shop_20_P0051,Item_51,10763,323,7 days,14 days,In Stock,3.7,10% off,Yes,4.4/5,India
Shop_20,Shop_20_P0052,Item_52,49742,192,5 days,14 days,Out of Stock,4.6,None,Yes,4.9/5,India
Shop_20,Shop_20_P0053,Item_53,17191,107,4 days,30 days,In Stock,4.1,Free shipping,Yes,3.1/5,India
Shop_20,Shop_20_P0054,Item_54,22960,439,2 days,7 days,Out of Stock,4.8,None,No,4.5/5,India
Shop_20,Shop_20_P0055,Item_55,10810,630,3 days,7 days,Out of Stock,3.5,10% off,No,3.7/5,India
Shop_20,Shop_20_P0056,Item_56,46114,495,6 days,7 days,Out of Stock,4.0,None,No,3.2/5,India
Shop_20,Shop_20_P0057,Item_57,45493,200,6 days,14 days,In Stock,4.4,10% off,Yes,4.5/5,India
Shop_20,Shop_20_P0058,Item_58,2837,263,1 days,14 days,In Stock,5.0,Free shipping,No,3.8/5,India
Shop_20,Shop_20_P0059,Item_59,12805,330,4 days,30 days,In Stock,4.2,10% off,Yes,3.1/5,India
Shop_20,Shop_20_P0060,Item_60,38043,28,1 days,7 days,In Stock,3.2,None,No,3.9/5,India
Shop_20,Shop_20_P0061,Item_61,35514,618,2 days,7 days,Out of Stock,4.1,Free shipping,No,3.6/5,India
Shop_20,Shop_20_P0062,Item_62,38853,697,3 days,14 days,Out of Stock,4.7,None,Yes,4.3/5,India
Shop_20,Shop_20_P0063,Item_63,39097,583,2 days,14 days,In Stock,3.9,None,Yes,4.0/5,India
Shop_20,Shop_20_P0064,Item_64,25719,68,4 days,14 days,Out of Stock,3.3,10% off,Yes,4.2/5,India
Shop_20,Shop_20_P0065,Item_65,2538,306,5 days,14 days,Out of Stock,4.6,None,No,3.7/5,India
Shop_20,Shop_20_P0066,Item_66,18264,592,6 days,30 days,Out of Stock,3.2,Free shipping,Yes,4.1/5,India
Shop_20,Shop_20_P0067,Item_67,38138,632,4 days,14 days,Out of Stock,4.5,Free shipping,No,3.1/5,India
Shop_20,Shop_20_P0068,Item_68,35484,439,5 days,7 days,In Stock,4.5,None,No,3.6/5,India
Shop_20,Shop_20_P0069,Item_69,38302,512,4 days,7 days,Out of Stock,4.5,10% off,No,3.7/5,India
Shop_20,Shop_20_P0070,Item_70,4222,393,4 days,7 days,Out of Stock,4.6,10% off,Yes,3.9/5,India
Shop_20,Shop_20_P0071,Item_71,11959,107,4 days,7 days,In Stock,4.2,10% off,Yes,3.2/5,India
Shop_20,Shop_20_P0072,Item_72,10369,51,5 days,30 days,Out of Stock,4.3,10% off,No,4.3/5,India
Shop_20,Shop_20_P0073,Item_73,5602,450,2 days,30 days,Out of Stock,4.8,None,No,4.3/5,India
Shop_20,Shop_20_P0074,Item_74,23615,173,3 days,7 days,Out of Stock,4.0,10% off,Yes,4.2/5,India
Shop_20,Shop_20_P0075,Item_75,40462,610,2 days,30 days,Out of Stock,4.8,None,No,3.0/5,India
Shop_20,Shop_20_P0076,Item_76,33663,357,5 days,7 days,Out of Stock,4.9,None,No,4.9/5,India
Shop_20,Shop_20_P0077,Item_77,14703,354,7 days,14 days,In Stock,3.6,10% off,Yes,3.8/5,India
Shop_20,Shop_20_P0078,Item_78,11311,381,5 days,30 days,Out of Stock,4.4,10% off,No,3.4/5,India
Shop_20,Shop_20_P0079,Item_79,49310,178,7 days,30 days,Out of Stock,4.0,Free shipping,No,4.4/5,India
Shop_20,Shop_20_P0080,Item_80,3869,153,2 days,7 days,In Stock,4.4,Free shipping,No,4.3/5,India
Shop_20,Shop_20_P0081,Item_81,16577,349,1 days,14 days,Out of Stock,4.0,None,No,4.1/5,India
Shop_20,Shop_20_P0082,Item_82,24021,391,4 days,30 days,In Stock,4.0,Free shipping,No,3.5/5,India
Shop_20,Shop_20_P0083,Item_83,28112,249,5 days,14 days,Out of Stock,3.2,10% off,No,4.1/5,India
Shop_20,Shop_20_P0084,Item_84,13674,476,5 days,30 days,In Stock,3.2,10% off,Yes,4.7/5,India
Shop_20,Shop_20_P0085,Item_85,11544,126,4 days,7 days,In Stock,5.0,10% off,Yes,4.6/5,India
Shop_20,Shop_20_P0086,Item_86,7980,79,1 days,14 days,In Stock,3.4,Free shipping,No,3.7/5,India
Shop_20,Shop_20_P0087,Item_87,38849,123,7 days,30 days,In Stock,3.5,10% off,Yes,3.7/5,India
Shop_20,Shop_20_P0088,Item_88,16287,496,6 days,14 days,In Stock,3.4,None,No,4.8/5,India
Shop_20,Shop_20_P0089,Item_89,15137,147,2 days,7 days,In Stock,3.9,Free shipping,Yes,4.9/5,India
Shop_20,Shop_20_P0090,Item_90,30200,614,2 days,30 days,Out of Stock,4.3,Free shipping,Yes,3.6/5,India
Shop_20,Shop_20_P0091,Item_91,16769,67,6 days,30 days,In Stock,4.6,Free shipping,Yes,3.3/5,India
Shop_20,Shop_20_P0092,Item_92,16771,239,3 days,14 days,Out of Stock,4.6,None,Yes,4.5/5,India
Shop_20,Shop_20_P0093,Item_93,43133,29,5 days,14 days,In Stock,3.3,None,Yes,3.2/5,India
Shop_20,Shop_20_P0094,Item_94,43017,63,4 days,7 days,Out of Stock,4.4,None,Yes,4.4/5,India
Shop_20,Shop_20_P0095,Item_95,3580,220,6 days,30 days,Out of Stock,3.2,Free shipping,No,4.3/5,India
Shop_20,Shop_20_P0096,Item_96,36828,671,7 days,30 days,Out of Stock,3.1,None,No,3.5/5,India
Shop_20,Shop_20_P0097,Item_97,2317,272,4 days,30 days,In Stock,3.9,None,Yes,4.8/5,India
Shop_20,Shop_20_P0098,Item_98,4651,346,5 days,14 days,Out of Stock,4.7,None,Yes,3.9/5,India
Shop_20,Shop_20_P0099,Item_99,3945,79,4 days,14 days,In Stock,3.2,None,No,4.9/5,India
Shop_20,Shop_20_P0100,Item_100,2915,479,4 days,14 days,In Stock,4.6,10% off,No,3.3/5,India
Shop_21,Shop_21_P0001,Item_1,6324,312,4 days,7 days,In Stock,3.0,10% off,Yes,3.1/5,India
Shop_21,Shop_21_P0002,Item_2,8065,619,5 days,30 days,Out of Stock,3.0,Free shipping,Yes,4.4/5,India
Shop_21,Shop_21_P0003,Item_3,5230,199,4 days,30 days,Out of Stock,4.9,10% off,No,4.4/5,India
Shop_21,Shop_21_P0004,Item_4,45106,357,3 days,7 days,In Stock,3.1,10% off,No,4.9/5,India
Shop_21,Shop_21_P0005,Item_5,40229,441,4 days,30 days,In Stock,4.0,None,No,4.5/5,India
Shop_21,Shop_21_P0006,Item_6,16428,442,2 days,14 days,In Stock,4.6,Free shipping,No,3.7/5,India
Shop_21,Shop_21_P0007,Item_7,2942,381,2 days,7 days,In Stock,3.1,10% off,Yes,4.5/5,India
Shop_21,Shop_21_P0008,Item_8,22586,295,7 days,14 days,Out of Stock,4.3,Free shipping,Yes,4.8/5,India
Shop_21,Shop_21_P0009,Item_9,4458,91,2 days,30 days,Out of Stock,3.8,10% off,Yes,4.5/5,India
Shop_21,Shop_21_P0010,Item_10,23839,212,1 days,14 days,In Stock,3.0,Free shipping,Yes,3.9/5,India
Shop_21,Shop_21_P0011,Item_11,31922,197,7 days,14 days,In Stock,4.0,10% off,No,3.2/5,India
Shop_21,Shop_21_P0012,Item_12,22196,174,1 days,14 days,Out of Stock,4.3,10% off,Yes,4.4/5,India
Shop_21,Shop_21_P0013,Item_13,33717,672,4 days,30 days,Out of Stock,4.8,Free shipping,Yes,3.2/5,India
Shop_21,Shop_21_P0014,Item_14,12915,447,5 days,7 days,In Stock,3.0,10% off,Yes,4.3/5,India
Shop_21,Shop_21_P0015,Item_15,21414,328,6 days,14 days,Out of Stock,4.3,10% off,No,3.2/5,India
Shop_21,Shop_21_P0016,Item_16,20763,342,7 days,30 days,Out of Stock,4.0,Free shipping,Yes,3.4/5,India
Shop_21,Shop_21_P0017,Item_17,35446,64,4 days,30 days,In Stock,3.7,Free shipping,No,4.6/5,India
Shop_21,Shop_21_P0018,Item_18,7315,182,2 days,7 days,In Stock,4.6,Free shipping,Yes,4.7/5,India
Shop_21,Shop_21_P0019,Item_19,1713,222,4 days,7 days,In Stock,4.8,10% off,No,3.3/5,India
Shop_21,Shop_21_P0020,Item_20,24293,42,4 days,14 days,Out of Stock,3.3,Free shipping,Yes,3.8/5,India
Shop_21,Shop_21_P0021,Item_21,11031,244,1 days,7 days,In Stock,3.8,None,No,4.4/5,India
Shop_21,Shop_21_P0022,Item_22,25831,450,3 days,14 days,In Stock,4.0,Free shipping,No,4.1/5,India
Shop_21,Shop_21_P0023,Item_23,10903,668,1 days,14 days,Out of Stock,4.2,10% off,No,4.9/5,India
Shop_21,Shop_21_P0024,Item_24,49528,333,6 days,14 days,In Stock,4.6,Free shipping,No,3.9/5,India
Shop_21,Shop_21_P0025,Item_25,36734,134,1 days,30 days,Out of Stock,3.5,Free shipping,Yes,3.1/5,India
Shop_21,Shop_21_P0026,Item_26,8864,560,2 days,14 days,Out of Stock,4.9,None,No,3.4/5,India
Shop_21,Shop_21_P0027,Item_27,15331,458,7 days,14 days,Out of Stock,4.5,None,Yes,3.8/5,India
Shop_21,Shop_21_P0028,Item_28,24552,285,3 days,14 days,In Stock,4.5,Free shipping,No,3.8/5,India
Shop_21,Shop_21_P0029,Item_29,4438,173,2 days,7 days,Out of Stock,4.7,10% off,No,4.9/5,India
Shop_21,Shop_21_P0030,Item_30,41329,538,5 days,30 days,Out of Stock,3.2,Free shipping,Yes,3.2/5,India
Shop_21,Shop_21_P0031,Item_31,32172,595,3 days,30 days,In Stock,4.6,10% off,No,3.9/5,India
Shop_21,Shop_21_P0032,Item_32,13973,404,4 days,14 days,In Stock,3.8,10% off,Yes,4.5/5,India
Shop_21,Shop_21_P0033,Item_33,1657,508,3 days,30 days,Out of Stock,4.4,None,No,3.3/5,India
Shop_21,Shop_21_P0034,Item_34,33165,578,4 days,30 days,In Stock,4.0,10% off,No,4.1/5,India
Shop_21,Shop_21_P0035,Item_35,18928,31,5 days,14 days,Out of Stock,3.9,Free shipping,Yes,3.0/5,India
Shop_21,Shop_21_P0036,Item_36,18660,84,5 days,14 days,Out of Stock,4.2,Free shipping,No,4.9/5,India
Shop_21,Shop_21_P0037,Item_37,22425,549,3 days,30 days,In Stock,4.4,None,Yes,4.4/5,India
Shop_21,Shop_21_P0038,Item_38,43580,141,5 days,7 days,In Stock,4.1,10% off,No,3.8/5,India
Shop_21,Shop_21_P0039,Item_39,26673,400,7 days,30 days,In Stock,3.8,10% off,Yes,3.8/5,India
Shop_21,Shop_21_P0040,Item_40,29725,140,6 days,30 days,Out of Stock,4.9,None,Yes,4.5/5,India
Shop_21,Shop_21_P0041,Item_41,30657,562,6 days,14 days,In Stock,3.8,Free shipping,Yes,4.5/5,India
Shop_21,Shop_21_P0042,Item_42,22776,65,7 days,7 days,Out of Stock,3.6,None,No,4.7/5,India
Shop_21,Shop_21_P0043,Item_43,17309,283,2 days,14 days,Out of Stock,4.5,10% off,No,3.8/5,India
Shop_21,Shop_21_P0044,Item_44,43227,398,6 days,30 days,In Stock,3.1,None,Yes,3.9/5,India
Shop_21,Shop_21_P0045,Item_45,21338,547,2 days,14 days,In Stock,4.4,None,No,3.6/5,India
Shop_21,Shop_21_P0046,Item_46,33768,119,3 days,7 days,In Stock,4.8,10% off,No,3.1/5,India
Shop_21,Shop_21_P0047,Item_47,29726,619,5 days,14 days,Out of Stock,4.0,Free shipping,No,3.1/5,India
Shop_21,Shop_21_P0048,Item_48,30319,64,5 days,14 days,In Stock,4.9,Free shipping,No,4.2/5,India
Shop_21,Shop_21_P0049,Item_49,27331,628,5 days,30 days,Out of Stock,3.7,10% off,No,3.2/5,India
Shop_21,Shop_21_P0050,Item_50,31866,623,1 days,14 days,Out of Stock,3.9,None,No,3.1/5,India
Shop_21,Shop_21_P0051,Item_51,24354,42,7 days,7 days,Out of Stock,3.1,10% off,Yes,3.6/5,India
Shop_21,Shop_21_P0052,Item_52,22536,23,6 days,30 days,In Stock,3.5,Free shipping,Yes,4.6/5,India
Shop_21,Shop_21_P0053,Item_53,18246,157,2 days,14 days,Out of Stock,3.9,Free shipping,Yes,3.1/5,India
Shop_21,Shop_21_P0054,Item_54,4059,486,5 days,14 days,In Stock,4.6,10% off,Yes,3.9/5,India
Shop_21,Shop_21_P0055,Item_55,41961,488,2 days,7 days,Out of Stock,3.4,Free shipping,Yes,3.6/5,India
Shop_21,Shop_21_P0056,Item_56,23894,560,1 days,7 days,Out of Stock,3.8,10% off,No,4.0/5,India
Shop_21,Shop_21_P0057,Item_57,2766,675,4 days,7 days,In Stock,3.7,Free shipping,Yes,4.9/5,India
Shop_21,Shop_21_P0058,Item_58,49617,304,2 days,14 days,Out of Stock,3.2,Free shipping,Yes,4.0/5,India
Shop_21,Shop_21_P0059,Item_59,49323,170,4 days,14 days,Out of Stock,4.9,10% off,Yes,3.7/5,India
Shop_21,Shop_21_P0060,Item_60,34766,511,1 days,7 days,Out of Stock,4.7,Free shipping,No,4.4/5,India
Shop_21,Shop_21_P0061,Item_61,46718,312,1 days,30 days,In Stock,4.9,None,No,4.7/5,India
Shop_21,Shop_21_P0062,Item_62,32837,490,3 days,14 days,In Stock,3.7,Free shipping,No,4.9/5,India
Shop_21,Shop_21_P0063,Item_63,32247,456,5 days,14 days,In Stock,4.1,10% off,No,4.4/5,India
Shop_21,Shop_21_P0064,Item_64,46365,24,7 days,7 days,In Stock,4.2,Free shipping,No,3.7/5,India
Shop_21,Shop_21_P0065,Item_65,26828,285,4 days,7 days,Out of Stock,3.1,Free shipping,No,4.2/5,India
Shop_21,Shop_21_P0066,Item_66,25915,484,5 days,14 days,Out of Stock,3.7,Free shipping,Yes,4.1/5,India
Shop_21,Shop_21_P0067,Item_67,21080,143,7 days,30 days,In Stock,3.4,10% off,No,4.9/5,India
Shop_21,Shop_21_P0068,Item_68,9920,435,1 days,14 days,Out of Stock,3.5,10% off,Yes,3.7/5,India
Shop_21,Shop_21_P0069,Item_69,1395,566,6 days,14 days,Out of Stock,4.7,Free shipping,No,4.7/5,India
Shop_21,Shop_21_P0070,Item_70,12615,288,3 days,7 days,Out of Stock,3.2,Free shipping,No,3.2/5,India
Shop_21,Shop_21_P0071,Item_71,941,524,7 days,30 days,In Stock,4.5,10% off,Yes,4.4/5,India
Shop_21,Shop_21_P0072,Item_72,18653,389,5 days,7 days,In Stock,3.5,None,No,4.5/5,India
Shop_21,Shop_21_P0073,Item_73,20364,305,2 days,7 days,In Stock,3.4,None,Yes,3.2/5,India
Shop_21,Shop_21_P0074,Item_74,41685,698,3 days,7 days,Out of Stock,3.8,Free shipping,No,3.1/5,India
Shop_21,Shop_21_P0075,Item_75,1434,518,6 days,14 days,In Stock,3.1,Free shipping,No,4.2/5,India
Shop_21,Shop_21_P0076,Item_76,25248,519,5 days,7 days,In Stock,4.3,10% off,Yes,3.4/5,India
Shop_21,Shop_21_P0077,Item_77,30816,593,3 days,30 days,Out of Stock,3.4,Free shipping,No,5.0/5,India
Shop_21,Shop_21_P0078,Item_78,49495,256,5 days,7 days,Out of Stock,4.0,10% off,No,3.4/5,India
Shop_21,Shop_21_P0079,Item_79,4527,630,6 days,14 days,In Stock,4.3,None,Yes,4.3/5,India
Shop_21,Shop_21_P0080,Item_80,38906,518,3 days,7 days,In Stock,3.7,Free shipping,No,4.1/5,India
Shop_21,Shop_21_P0081,Item_81,41350,480,1 days,14 days,Out of Stock,3.2,Free shipping,Yes,3.4/5,India
Shop_21,Shop_21_P0082,Item_82,20521,516,5 days,30 days,In Stock,4.8,Free shipping,Yes,4.9/5,India
Shop_21,Shop_21_P0083,Item_83,33426,438,1 days,14 days,In Stock,4.6,None,No,4.3/5,India
Shop_21,Shop_21_P0084,Item_84,4179,636,5 days,14 days,Out of Stock,3.1,10% off,Yes,3.2/5,India
Shop_21,Shop_21_P0085,Item_85,29673,571,7 days,30 days,In Stock,4.8,Free shipping,Yes,4.5/5,India
Shop_21,Shop_21_P0086,Item_86,26637,610,6 days,14 days,Out of Stock,4.4,10% off,Yes,4.0/5,India
Shop_21,Shop_21_P0087,Item_87,5806,513,1 days,14 days,Out of Stock,3.0,Free shipping,No,4.7/5,India
Shop_21,Shop_21_P0088,Item_88,730,229,6 days,30 days,In Stock,4.3,None,Yes,4.8/5,India
Shop_21,Shop_21_P0089,Item_89,6287,432,1 days,7 days,In Stock,3.7,10% off,No,4.2/5,India
Shop_21,Shop_21_P0090,Item_90,21039,462,3 days,14 days,Out of Stock,4.1,Free shipping,No,4.2/5,India
Shop_21,Shop_21_P0091,Item_91,7535,62,6 days,14 days,In Stock,4.7,10% off,No,3.1/5,India
Shop_21,Shop_21_P0092,Item_92,11739,439,5 days,30 days,In Stock,4.4,10% off,Yes,3.1/5,India
Shop_21,Shop_21_P0093,Item_93,20506,510,3 days,7 days,Out of Stock,5.0,Free shipping,No,3.3/5,India
Shop_21,Shop_21_P0094,Item_94,12099,237,7 days,14 days,In Stock,3.1,None,No,3.1/5,India
Shop_21,Shop_21_P0095,Item_95,24248,118,6 days,30 days,In Stock,3.2,None,Yes,3.5/5,India
Shop_21,Shop_21_P0096,Item_96,40930,284,7 days,30 days,Out of Stock,4.1,Free shipping,Yes,4.7/5,India
Shop_21,Shop_21_P0097,Item_97,36315,603,2 days,14 days,Out of Stock,3.4,None,Yes,3.8/5,India
Shop_21,Shop_21_P0098,Item_98,12131,251,7 days,14 days,Out of Stock,3.1,10% off,Yes,4.2/5,India
Shop_21,Shop_21_P0099,Item_99,15882,249,2 days,30 days,In Stock,3.8,10% off,Yes,4.8/5,India
Shop_21,Shop_21_P0100,Item_100,883,690,1 days,30 days,Out of Stock,3.5,10% off,Yes,4.5/5,India
Shop_22,Shop_22_P0001,Item_1,32953,23,5 days,30 days,In Stock,3.8,Free shipping,No,4.7/5,India
Shop_22,Shop_22_P0002,Item_2,14626,555,4 days,30 days,Out of Stock,4.4,None,Yes,3.8/5,India
Shop_22,Shop_22_P0003,Item_3,13903,168,7 days,30 days,In Stock,4.0,Free shipping,Yes,3.8/5,India
Shop_22,Shop_22_P0004,Item_4,3188,218,5 days,7 days,In Stock,4.5,Free shipping,Yes,3.4/5,India
Shop_22,Shop_22_P0005,Item_5,44448,310,5 days,14 days,In Stock,4.6,Free shipping,Yes,4.2/5,India
Shop_22,Shop_22_P0006,Item_6,12507,106,6 days,7 days,In Stock,3.6,10% off,Yes,3.1/5,India
Shop_22,Shop_22_P0007,Item_7,1080,643,7 days,30 days,In Stock,4.8,Free shipping,No,4.4/5,India
Shop_22,Shop_22_P0008,Item_8,49364,480,1 days,30 days,In Stock,3.1,Free shipping,No,4.0/5,India
Shop_22,Shop_22_P0009,Item_9,32982,93,7 days,14 days,In Stock,4.8,None,Yes,3.8/5,India
Shop_22,Shop_22_P0010,Item_10,33411,330,3 days,7 days,Out of Stock,4.6,None,Yes,4.4/5,India
Shop_22,Shop_22_P0011,Item_11,48943,228,4 days,30 days,In Stock,4.0,Free shipping,No,3.9/5,India
Shop_22,Shop_22_P0012,Item_12,31237,57,2 days,30 days,Out of Stock,3.9,Free shipping,Yes,3.8/5,India
Shop_22,Shop_22_P0013,Item_13,47043,446,1 days,14 days,In Stock,4.5,10% off,Yes,3.1/5,India
Shop_22,Shop_22_P0014,Item_14,34763,673,5 days,7 days,In Stock,3.3,10% off,Yes,3.9/5,India
Shop_22,Shop_22_P0015,Item_15,40977,555,3 days,14 days,Out of Stock,4.7,10% off,Yes,4.4/5,India
Shop_22,Shop_22_P0016,Item_16,14249,425,5 days,7 days,Out of Stock,3.5,10% off,No,4.1/5,India
Shop_22,Shop_22_P0017,Item_17,7480,154,2 days,7 days,In Stock,3.9,10% off,No,4.5/5,India
Shop_22,Shop_22_P0018,Item_18,7044,588,5 days,30 days,In Stock,3.1,None,No,4.8/5,India
Shop_22,Shop_22_P0019,Item_19,42059,616,2 days,30 days,Out of Stock,4.0,10% off,Yes,3.5/5,India
Shop_22,Shop_22_P0020,Item_20,23976,656,1 days,30 days,Out of Stock,3.8,None,Yes,3.6/5,India
Shop_22,Shop_22_P0021,Item_21,1417,540,7 days,7 days,Out of Stock,4.2,None,No,3.8/5,India
Shop_22,Shop_22_P0022,Item_22,18205,636,4 days,30 days,Out of Stock,3.4,Free shipping,No,4.9/5,India
Shop_22,Shop_22_P0023,Item_23,39541,360,7 days,7 days,In Stock,3.2,Free shipping,Yes,3.5/5,India
Shop_22,Shop_22_P0024,Item_24,6972,21,3 days,14 days,Out of Stock,4.3,10% off,Yes,3.0/5,India
Shop_22,Shop_22_P0025,Item_25,10436,484,1 days,7 days,Out of Stock,3.3,None,No,3.1/5,India
Shop_22,Shop_22_P0026,Item_26,40688,499,5 days,30 days,Out of Stock,3.1,None,Yes,4.1/5,India
Shop_22,Shop_22_P0027,Item_27,14772,156,4 days,7 days,In Stock,4.7,Free shipping,No,3.7/5,India
Shop_22,Shop_22_P0028,Item_28,7059,524,3 days,30 days,In Stock,3.0,10% off,No,3.7/5,India
Shop_22,Shop_22_P0029,Item_29,40298,494,2 days,14 days,Out of Stock,3.5,10% off,Yes,3.6/5,India
Shop_22,Shop_22_P0030,Item_30,2290,66,2 days,7 days,In Stock,3.5,10% off,No,3.0/5,India
Shop_22,Shop_22_P0031,Item_31,31626,49,2 days,30 days,Out of Stock,4.1,None,No,4.1/5,India
Shop_22,Shop_22_P0032,Item_32,42659,523,2 days,7 days,In Stock,4.8,None,No,4.7/5,India
Shop_22,Shop_22_P0033,Item_33,22599,221,7 days,14 days,Out of Stock,3.9,10% off,No,3.5/5,India
Shop_22,Shop_22_P0034,Item_34,37899,583,1 days,14 days,In Stock,5.0,Free shipping,No,4.6/5,India
Shop_22,Shop_22_P0035,Item_35,15258,345,7 days,14 days,Out of Stock,4.3,Free shipping,Yes,3.4/5,India
Shop_22,Shop_22_P0036,Item_36,41134,586,1 days,7 days,In Stock,4.6,Free shipping,Yes,4.1/5,India
Shop_22,Shop_22_P0037,Item_37,24043,108,4 days,7 days,In Stock,3.1,None,Yes,3.4/5,India
Shop_22,Shop_22_P0038,Item_38,29333,692,3 days,14 days,Out of Stock,5.0,10% off,Yes,3.4/5,India
Shop_22,Shop_22_P0039,Item_39,13683,166,4 days,7 days,Out of Stock,4.0,None,No,3.2/5,India
Shop_22,Shop_22_P0040,Item_40,33837,594,4 days,30 days,In Stock,4.8,Free shipping,No,4.1/5,India
Shop_22,Shop_22_P0041,Item_41,21698,265,6 days,14 days,Out of Stock,3.2,Free shipping,No,4.5/5,India
Shop_22,Shop_22_P0042,Item_42,14357,618,1 days,7 days,In Stock,4.1,Free shipping,Yes,4.1/5,India
Shop_22,Shop_22_P0043,Item_43,38274,168,5 days,14 days,In Stock,3.4,None,Yes,4.1/5,India
Shop_22,Shop_22_P0044,Item_44,19262,154,5 days,14 days,In Stock,4.8,10% off,Yes,4.9/5,India
Shop_22,Shop_22_P0045,Item_45,4514,342,1 days,30 days,Out of Stock,3.1,Free shipping,Yes,3.0/5,India
Shop_22,Shop_22_P0046,Item_46,951,332,7 days,30 days,Out of Stock,4.9,10% off,Yes,4.2/5,India
Shop_22,Shop_22_P0047,Item_47,34482,146,1 days,7 days,In Stock,3.2,None,No,4.8/5,India
Shop_22,Shop_22_P0048,Item_48,30597,218,3 days,14 days,Out of Stock,3.7,10% off,Yes,3.5/5,India
Shop_22,Shop_22_P0049,Item_49,49739,263,2 days,14 days,Out of Stock,4.4,None,Yes,3.5/5,India
Shop_22,Shop_22_P0050,Item_50,45861,466,4 days,30 days,In Stock,3.2,None,No,4.2/5,India
Shop_22,Shop_22_P0051,Item_51,38550,691,5 days,7 days,In Stock,4.3,10% off,No,3.9/5,India
Shop_22,Shop_22_P0052,Item_52,19053,652,4 days,30 days,In Stock,4.2,10% off,No,3.9/5,India
Shop_22,Shop_22_P0053,Item_53,15526,663,4 days,14 days,Out of Stock,4.1,Free shipping,Yes,3.6/5,India
Shop_22,Shop_22_P0054,Item_54,28699,383,7 days,7 days,Out of Stock,3.5,10% off,No,4.8/5,India
Shop_22,Shop_22_P0055,Item_55,41221,84,3 days,7 days,Out of Stock,3.6,10% off,No,3.3/5,India
Shop_22,Shop_22_P0056,Item_56,35493,121,5 days,30 days,In Stock,4.4,Free shipping,No,3.5/5,India
Shop_22,Shop_22_P0057,Item_57,10441,381,1 days,14 days,Out of Stock,4.1,None,No,3.3/5,India
Shop_22,Shop_22_P0058,Item_58,15961,563,1 days,7 days,In Stock,3.7,None,No,4.5/5,India
Shop_22,Shop_22_P0059,Item_59,43971,683,3 days,30 days,In Stock,4.1,Free shipping,Yes,4.2/5,India
Shop_22,Shop_22_P0060,Item_60,10175,395,3 days,14 days,Out of Stock,3.7,10% off,Yes,4.8/5,India
Shop_22,Shop_22_P0061,Item_61,30889,128,6 days,7 days,In Stock,4.8,None,No,3.3/5,India
Shop_22,Shop_22_P0062,Item_62,14548,281,3 days,14 days,Out of Stock,4.6,Free shipping,No,4.1/5,India
Shop_22,Shop_22_P0063,Item_63,3126,418,6 days,30 days,Out of Stock,3.4,10% off,No,4.3/5,India
Shop_22,Shop_22_P0064,Item_64,43609,620,2 days,30 days,Out of Stock,3.3,10% off,No,3.1/5,India
Shop_22,Shop_22_P0065,Item_65,9330,243,7 days,30 days,In Stock,4.2,Free shipping,Yes,3.4/5,India
Shop_22,Shop_22_P0066,Item_66,32515,158,4 days,14 days,In Stock,4.0,10% off,Yes,4.5/5,India
Shop_22,Shop_22_P0067,Item_67,7277,432,2 days,14 days,Out of Stock,3.1,10% off,Yes,3.3/5,India
Shop_22,Shop_22_P0068,Item_68,35995,589,1 days,14 days,Out of Stock,3.9,Free shipping,Yes,4.6/5,India
Shop_22,Shop_22_P0069,Item_69,34825,168,6 days,14 days,Out of Stock,4.3,None,No,4.4/5,India
Shop_22,Shop_22_P0070,Item_70,13465,153,7 days,7 days,In Stock,3.3,None,No,3.1/5,India
Shop_22,Shop_22_P0071,Item_71,31604,210,3 days,7 days,Out of Stock,3.7,None,Yes,4.6/5,India
Shop_22,Shop_22_P0072,Item_72,47618,119,3 days,14 days,Out of Stock,4.9,None,Yes,4.2/5,India
Shop_22,Shop_22_P0073,Item_73,29014,101,7 days,14 days,Out of Stock,4.7,None,No,4.5/5,India
Shop_22,Shop_22_P0074,Item_74,23077,679,7 days,14 days,Out of Stock,4.3,Free shipping,No,4.4/5,India
Shop_22,Shop_22_P0075,Item_75,35182,418,1 days,30 days,Out of Stock,3.9,None,Yes,3.6/5,India
Shop_22,Shop_22_P0076,Item_76,45096,493,6 days,30 days,In Stock,3.9,10% off,No,3.7/5,India
Shop_22,Shop_22_P0077,Item_77,5611,499,5 days,30 days,Out of Stock,3.6,Free shipping,No,4.3/5,India
Shop_22,Shop_22_P0078,Item_78,43326,385,6 days,14 days,In Stock,3.8,Free shipping,No,4.7/5,India
Shop_22,Shop_22_P0079,Item_79,19001,236,5 days,7 days,Out of Stock,3.2,None,Yes,4.2/5,India
Shop_22,Shop_22_P0080,Item_80,1478,583,3 days,7 days,Out of Stock,4.0,Free shipping,Yes,4.6/5,India
Shop_22,Shop_22_P0081,Item_81,29126,387,5 days,14 days,Out of Stock,3.8,None,Yes,4.9/5,India
Shop_22,Shop_22_P0082,Item_82,46938,151,5 days,14 days,In Stock,3.1,10% off,No,3.7/5,India
Shop_22,Shop_22_P0083,Item_83,21945,610,3 days,7 days,Out of Stock,4.6,None,No,4.8/5,India
Shop_22,Shop_22_P0084,Item_84,42802,411,3 days,7 days,In Stock,4.2,10% off,No,4.4/5,India
Shop_22,Shop_22_P0085,Item_85,44243,387,3 days,30 days,In Stock,4.7,10% off,No,4.3/5,India
Shop_22,Shop_22_P0086,Item_86,21047,173,4 days,14 days,Out of Stock,3.3,None,No,4.6/5,India
Shop_22,Shop_22_P0087,Item_87,11928,102,3 days,14 days,In Stock,4.3,None,Yes,3.5/5,India
Shop_22,Shop_22_P0088,Item_88,46324,309,4 days,14 days,In Stock,3.5,None,Yes,3.6/5,India
Shop_22,Shop_22_P0089,Item_89,16007,613,5 days,7 days,Out of Stock,4.3,10% off,Yes,5.0/5,India
Shop_22,Shop_22_P0090,Item_90,10472,699,7 days,14 days,Out of Stock,3.2,Free shipping,No,4.1/5,India
Shop_22,Shop_22_P0091,Item_91,23657,516,5 days,30 days,Out of Stock,4.7,None,No,4.7/5,India
Shop_22,Shop_22_P0092,Item_92,48123,480,1 days,30 days,Out of Stock,3.9,10% off,Yes,4.2/5,India
Shop_22,Shop_22_P0093,Item_93,35159,206,3 days,14 days,In Stock,4.3,Free shipping,No,4.1/5,India
Shop_22,Shop_22_P0094,Item_94,35858,25,2 days,30 days,Out of Stock,3.4,10% off,Yes,3.1/5,India
Shop_22,Shop_22_P0095,Item_95,4704,147,5 days,7 days,Out of Stock,3.9,Free shipping,Yes,4.8/5,India
Shop_22,Shop_22_P0096,Item_96,26529,520,4 days,14 days,In Stock,3.9,None,Yes,3.2/5,India
Shop_22,Shop_22_P0097,Item_97,7341,201,2 days,14 days,In Stock,4.2,None,No,3.6/5,India
Shop_22,Shop_22_P0098,Item_98,12941,88,6 days,30 days,Out of Stock,3.0,Free shipping,Yes,4.3/5,India
Shop_22,Shop_22_P0099,Item_99,20836,225,3 days,30 days,Out of Stock,3.3,Free shipping,Yes,3.5/5,India
Shop_22,Shop_22_P0100,Item_100,40981,315,4 days,30 days,In Stock,3.6,None,Yes,3.5/5,India
Shop_23,Shop_23_P0001,Item_1,34363,695,3 days,14 days,In Stock,4.9,Free shipping,No,4.5/5,India
Shop_23,Shop_23_P0002,Item_2,49964,184,7 days,7 days,Out of Stock,3.0,Free shipping,Yes,4.0/5,India
Shop_23,Shop_23_P0003,Item_3,24048,79,1 days,7 days,In Stock,3.6,None,No,4.4/5,India
Shop_23,Shop_23_P0004,Item_4,11976,157,4 days,7 days,In Stock,4.3,Free shipping,No,3.6/5,India
Shop_23,Shop_23_P0005,Item_5,45631,383,6 days,14 days,In Stock,4.1,None,No,4.5/5,India
Shop_23,Shop_23_P0006,Item_6,17834,414,1 days,14 days,Out of Stock,3.5,10% off,Yes,3.7/5,India
Shop_23,Shop_23_P0007,Item_7,8818,381,1 days,30 days,In Stock,4.1,10% off,No,4.0/5,India
Shop_23,Shop_23_P0008,Item_8,29255,270,7 days,14 days,In Stock,3.8,10% off,No,3.2/5,India
Shop_23,Shop_23_P0009,Item_9,12351,114,5 days,7 days,In Stock,4.4,Free shipping,Yes,4.8/5,India
Shop_23,Shop_23_P0010,Item_10,26104,363,1 days,14 days,In Stock,3.6,None,No,3.1/5,India
Shop_23,Shop_23_P0011,Item_11,32883,337,3 days,14 days,In Stock,3.9,Free shipping,Yes,4.0/5,India
Shop_23,Shop_23_P0012,Item_12,12587,139,4 days,30 days,Out of Stock,3.2,10% off,Yes,3.8/5,India
Shop_23,Shop_23_P0013,Item_13,9760,424,3 days,14 days,In Stock,5.0,Free shipping,No,3.0/5,India
Shop_23,Shop_23_P0014,Item_14,48969,186,7 days,7 days,Out of Stock,4.1,None,Yes,3.7/5,India
Shop_23,Shop_23_P0015,Item_15,30528,272,5 days,7 days,Out of Stock,4.5,Free shipping,Yes,4.4/5,India
Shop_23,Shop_23_P0016,Item_16,30717,80,6 days,30 days,In Stock,3.3,None,Yes,3.6/5,India
Shop_23,Shop_23_P0017,Item_17,38474,209,5 days,30 days,In Stock,3.4,Free shipping,No,4.7/5,India
Shop_23,Shop_23_P0018,Item_18,31134,448,7 days,30 days,Out of Stock,4.7,10% off,No,3.3/5,India
Shop_23,Shop_23_P0019,Item_19,25289,468,2 days,14 days,In Stock,3.8,Free shipping,No,3.4/5,India
Shop_23,Shop_23_P0020,Item_20,24838,47,3 days,7 days,Out of Stock,3.7,10% off,Yes,4.0/5,India
Shop_23,Shop_23_P0021,Item_21,2161,361,5 days,30 days,In Stock,4.5,None,Yes,4.0/5,India
Shop_23,Shop_23_P0022,Item_22,7334,554,3 days,7 days,In Stock,3.3,Free shipping,Yes,4.2/5,India
Shop_23,Shop_23_P0023,Item_23,803,513,6 days,7 days,Out of Stock,4.9,Free shipping,Yes,4.1/5,India
Shop_23,Shop_23_P0024,Item_24,8967,675,6 days,14 days,Out of Stock,3.2,None,Yes,4.3/5,India
Shop_23,Shop_23_P0025,Item_25,48378,626,1 days,7 days,Out of Stock,4.1,None,No,3.8/5,India
Shop_23,Shop_23_P0026,Item_26,48484,677,4 days,7 days,In Stock,4.7,Free shipping,No,4.6/5,India
Shop_23,Shop_23_P0027,Item_27,10968,252,5 days,30 days,Out of Stock,3.7,10% off,No,3.1/5,India
Shop_23,Shop_23_P0028,Item_28,19890,395,5 days,7 days,Out of Stock,4.4,10% off,No,4.3/5,India
Shop_23,Shop_23_P0029,Item_29,8114,305,5 days,7 days,In Stock,3.1,Free shipping,No,4.4/5,India
Shop_23,Shop_23_P0030,Item_30,17862,575,2 days,30 days,In Stock,4.1,Free shipping,Yes,4.8/5,India
Shop_23,Shop_23_P0031,Item_31,34712,562,4 days,7 days,In Stock,3.1,10% off,No,4.9/5,India
Shop_23,Shop_23_P0032,Item_32,21142,675,3 days,14 days,Out of Stock,4.0,10% off,Yes,3.9/5,India
Shop_23,Shop_23_P0033,Item_33,7902,561,2 days,14 days,Out of Stock,4.9,Free shipping,Yes,4.3/5,India
Shop_23,Shop_23_P0034,Item_34,12027,289,1 days,7 days,Out of Stock,4.0,Free shipping,Yes,3.9/5,India
Shop_23,Shop_23_P0035,Item_35,43952,467,5 days,7 days,In Stock,5.0,None,Yes,3.3/5,India
Shop_23,Shop_23_P0036,Item_36,22916,386,2 days,30 days,In Stock,4.5,10% off,Yes,3.9/5,India
Shop_23,Shop_23_P0037,Item_37,25461,491,5 days,14 days,In Stock,3.1,None,No,4.6/5,India
Shop_23,Shop_23_P0038,Item_38,36256,94,5 days,14 days,In Stock,4.4,Free shipping,Yes,3.3/5,India
Shop_23,Shop_23_P0039,Item_39,33808,552,3 days,7 days,Out of Stock,3.5,None,Yes,3.6/5,India
Shop_23,Shop_23_P0040,Item_40,15274,231,3 days,14 days,Out of Stock,3.3,Free shipping,Yes,4.9/5,India
Shop_23,Shop_23_P0041,Item_41,42634,586,3 days,30 days,In Stock,5.0,Free shipping,Yes,5.0/5,India
Shop_23,Shop_23_P0042,Item_42,36778,555,2 days,30 days,In Stock,3.2,10% off,No,4.6/5,India
Shop_23,Shop_23_P0043,Item_43,9267,696,3 days,30 days,Out of Stock,3.5,None,No,3.8/5,India
Shop_23,Shop_23_P0044,Item_44,24699,326,3 days,7 days,Out of Stock,3.9,None,No,3.5/5,India
Shop_23,Shop_23_P0045,Item_45,2155,303,2 days,30 days,Out of Stock,4.9,Free shipping,Yes,3.1/5,India
Shop_23,Shop_23_P0046,Item_46,19764,594,1 days,30 days,In Stock,3.7,Free shipping,Yes,3.3/5,India
Shop_23,Shop_23_P0047,Item_47,34116,661,5 days,14 days,Out of Stock,4.2,None,Yes,3.8/5,India
Shop_23,Shop_23_P0048,Item_48,32840,58,6 days,14 days,Out of Stock,4.0,None,No,4.4/5,India
Shop_23,Shop_23_P0049,Item_49,7406,469,7 days,30 days,Out of Stock,4.1,Free shipping,Yes,4.8/5,India
Shop_23,Shop_23_P0050,Item_50,23267,206,4 days,30 days,Out of Stock,3.6,None,No,4.5/5,India
Shop_23,Shop_23_P0051,Item_51,5172,124,6 days,14 days,In Stock,3.2,None,Yes,3.8/5,India
Shop_23,Shop_23_P0052,Item_52,45245,375,1 days,14 days,In Stock,4.8,None,Yes,4.2/5,India
Shop_23,Shop_23_P0053,Item_53,49422,370,2 days,7 days,Out of Stock,3.9,None,No,3.7/5,India
Shop_23,Shop_23_P0054,Item_54,13725,456,2 days,14 days,Out of Stock,4.7,Free shipping,Yes,3.2/5,India
Shop_23,Shop_23_P0055,Item_55,16594,519,1 days,30 days,In Stock,4.4,None,No,3.7/5,India
Shop_23,Shop_23_P0056,Item_56,19614,131,2 days,30 days,In Stock,3.8,Free shipping,Yes,3.5/5,India
Shop_23,Shop_23_P0057,Item_57,12281,421,7 days,14 days,Out of Stock,4.5,Free shipping,Yes,4.1/5,India
Shop_23,Shop_23_P0058,Item_58,39917,374,5 days,30 days,In Stock,3.0,None,No,3.1/5,India
Shop_23,Shop_23_P0059,Item_59,13725,385,6 days,7 days,In Stock,3.2,None,No,3.1/5,India
Shop_23,Shop_23_P0060,Item_60,39052,290,1 days,14 days,In Stock,4.9,Free shipping,Yes,4.4/5,India
Shop_23,Shop_23_P0061,Item_61,1933,241,7 days,14 days,Out of Stock,3.5,None,No,4.9/5,India
Shop_23,Shop_23_P0062,Item_62,3929,67,6 days,14 days,Out of Stock,3.4,None,No,4.7/5,India
Shop_23,Shop_23_P0063,Item_63,4680,626,6 days,7 days,Out of Stock,3.8,Free shipping,No,4.4/5,India
Shop_23,Shop_23_P0064,Item_64,29898,671,2 days,14 days,In Stock,4.2,Free shipping,No,3.1/5,India
Shop_23,Shop_23_P0065,Item_65,17857,476,6 days,14 days,In Stock,3.9,None,No,4.9/5,India
Shop_23,Shop_23_P0066,Item_66,24827,211,3 days,7 days,In Stock,4.2,Free shipping,No,3.6/5,India
Shop_23,Shop_23_P0067,Item_67,620,43,2 days,30 days,In Stock,3.5,None,Yes,4.4/5,India
Shop_23,Shop_23_P0068,Item_68,35267,183,6 days,30 days,In Stock,4.2,10% off,Yes,3.6/5,India
Shop_23,Shop_23_P0069,Item_69,17763,148,4 days,30 days,In Stock,3.7,None,Yes,3.7/5,India
Shop_23,Shop_23_P0070,Item_70,37721,134,4 days,7 days,In Stock,3.6,None,No,3.0/5,India
Shop_23,Shop_23_P0071,Item_71,14827,517,2 days,30 days,Out of Stock,3.1,None,Yes,4.1/5,India
Shop_23,Shop_23_P0072,Item_72,37228,533,6 days,14 days,Out of Stock,4.3,10% off,Yes,3.8/5,India
Shop_23,Shop_23_P0073,Item_73,39437,267,4 days,14 days,In Stock,3.9,10% off,No,5.0/5,India
Shop_23,Shop_23_P0074,Item_74,12438,686,3 days,30 days,Out of Stock,5.0,None,No,4.0/5,India
Shop_23,Shop_23_P0075,Item_75,580,183,7 days,7 days,In Stock,3.4,None,No,3.3/5,India
Shop_23,Shop_23_P0076,Item_76,27731,549,7 days,14 days,In Stock,3.1,None,No,4.7/5,India
Shop_23,Shop_23_P0077,Item_77,36594,586,2 days,14 days,In Stock,4.7,Free shipping,Yes,4.9/5,India
Shop_23,Shop_23_P0078,Item_78,10028,37,3 days,14 days,In Stock,4.9,None,No,3.7/5,India
Shop_23,Shop_23_P0079,Item_79,17017,122,5 days,14 days,Out of Stock,3.7,10% off,Yes,4.3/5,India
Shop_23,Shop_23_P0080,Item_80,16563,273,1 days,7 days,Out of Stock,3.8,10% off,Yes,4.0/5,India
Shop_23,Shop_23_P0081,Item_81,26177,199,1 days,7 days,In Stock,3.8,None,Yes,3.6/5,India
Shop_23,Shop_23_P0082,Item_82,40676,457,2 days,7 days,In Stock,4.1,10% off,No,3.9/5,India
Shop_23,Shop_23_P0083,Item_83,2046,475,2 days,30 days,In Stock,4.1,10% off,Yes,3.8/5,India
Shop_23,Shop_23_P0084,Item_84,41228,525,4 days,14 days,Out of Stock,3.4,Free shipping,Yes,5.0/5,India
Shop_23,Shop_23_P0085,Item_85,37913,399,1 days,7 days,In Stock,3.7,None,Yes,3.5/5,India
Shop_23,Shop_23_P0086,Item_86,40646,617,5 days,30 days,Out of Stock,4.2,None,No,3.6/5,India
Shop_23,Shop_23_P0087,Item_87,6005,62,4 days,14 days,Out of Stock,4.9,10% off,No,4.9/5,India
Shop_23,Shop_23_P0088,Item_88,21945,634,6 days,14 days,In Stock,4.3,10% off,Yes,3.8/5,India
Shop_23,Shop_23_P0089,Item_89,11234,496,2 days,7 days,Out of Stock,4.3,None,No,4.0/5,India
Shop_23,Shop_23_P0090,Item_90,5013,295,5 days,14 days,Out of Stock,3.3,None,Yes,3.3/5,India
Shop_23,Shop_23_P0091,Item_91,2109,625,5 days,7 days,Out of Stock,3.4,10% off,No,3.4/5,India
Shop_23,Shop_23_P0092,Item_92,11734,356,2 days,7 days,In Stock,4.3,None,Yes,3.3/5,India
Shop_23,Shop_23_P0093,Item_93,42840,600,3 days,14 days,Out of Stock,4.6,Free shipping,Yes,3.6/5,India
Shop_23,Shop_23_P0094,Item_94,17594,141,6 days,7 days,In Stock,3.8,None,No,4.1/5,India
Shop_23,Shop_23_P0095,Item_95,9994,570,5 days,30 days,Out of Stock,3.1,None,No,3.4/5,India
Shop_23,Shop_23_P0096,Item_96,4550,169,6 days,14 days,In Stock,4.4,Free shipping,Yes,4.3/5,India
Shop_23,Shop_23_P0097,Item_97,2764,278,1 days,30 days,Out of Stock,4.7,None,No,3.2/5,India
Shop_23,Shop_23_P0098,Item_98,30488,173,3 days,7 days,Out of Stock,4.1,Free shipping,Yes,4.4/5,India
Shop_23,Shop_23_P0099,Item_99,16355,204,3 days,30 days,Out of Stock,4.9,10% off,Yes,3.8/5,India
Shop_23,Shop_23_P0100,Item_100,34070,624,7 days,7 days,In Stock,4.8,10% off,Yes,4.7/5,India
Shop_24,Shop_24_P0001,Item_1,5413,664,3 days,7 days,Out of Stock,3.4,None,No,3.9/5,India
Shop_24,Shop_24_P0002,Item_2,39928,233,7 days,7 days,Out of Stock,3.9,10% off,Yes,4.4/5,India
Shop_24,Shop_24_P0003,Item_3,34367,597,4 days,14 days,In Stock,4.8,Free shipping,Yes,3.1/5,India
Shop_24,Shop_24_P0004,Item_4,20331,307,4 days,7 days,Out of Stock,4.6,None,Yes,3.9/5,India
Shop_24,Shop_24_P0005,Item_5,46034,512,1 days,14 days,Out of Stock,3.6,10% off,No,3.0/5,India
Shop_24,Shop_24_P0006,Item_6,7336,514,7 days,14 days,In Stock,4.0,Free shipping,Yes,3.8/5,India
Shop_24,Shop_24_P0007,Item_7,18936,349,7 days,7 days,Out of Stock,4.3,Free shipping,Yes,4.5/5,India
Shop_24,Shop_24_P0008,Item_8,38931,481,5 days,30 days,In Stock,3.4,10% off,No,3.3/5,India
Shop_24,Shop_24_P0009,Item_9,34355,137,4 days,7 days,In Stock,4.0,10% off,Yes,3.6/5,India
Shop_24,Shop_24_P0010,Item_10,37974,334,2 days,7 days,In Stock,4.3,None,Yes,3.2/5,India
Shop_24,Shop_24_P0011,Item_11,44902,691,7 days,7 days,Out of Stock,4.3,None,Yes,4.3/5,India
Shop_24,Shop_24_P0012,Item_12,14715,559,6 days,7 days,In Stock,4.0,10% off,No,4.3/5,India
Shop_24,Shop_24_P0013,Item_13,28455,311,6 days,30 days,In Stock,4.4,10% off,Yes,3.6/5,India
Shop_24,Shop_24_P0014,Item_14,15116,80,2 days,30 days,In Stock,4.2,Free shipping,No,4.0/5,India
Shop_24,Shop_24_P0015,Item_15,45043,479,2 days,7 days,In Stock,3.2,10% off,No,3.6/5,India
Shop_24,Shop_24_P0016,Item_16,7574,478,5 days,30 days,In Stock,3.1,10% off,Yes,3.1/5,India
Shop_24,Shop_24_P0017,Item_17,31533,591,6 days,14 days,Out of Stock,3.2,10% off,No,4.4/5,India
Shop_24,Shop_24_P0018,Item_18,39316,77,1 days,30 days,In Stock,4.7,None,No,4.1/5,India
Shop_24,Shop_24_P0019,Item_19,3927,72,7 days,30 days,In Stock,3.8,10% off,No,4.8/5,India
Shop_24,Shop_24_P0020,Item_20,2418,167,7 days,7 days,Out of Stock,3.2,10% off,Yes,3.1/5,India
Shop_24,Shop_24_P0021,Item_21,5271,537,2 days,30 days,Out of Stock,4.3,Free shipping,Yes,4.2/5,India
Shop_24,Shop_24_P0022,Item_22,12791,328,6 days,30 days,Out of Stock,4.7,Free shipping,Yes,4.4/5,India
Shop_24,Shop_24_P0023,Item_23,43675,341,4 days,7 days,In Stock,4.5,10% off,Yes,3.2/5,India
Shop_24,Shop_24_P0024,Item_24,20191,460,1 days,14 days,Out of Stock,3.2,None,Yes,4.0/5,India
Shop_24,Shop_24_P0025,Item_25,8372,654,1 days,7 days,In Stock,4.1,Free shipping,No,3.6/5,India
Shop_24,Shop_24_P0026,Item_26,40425,148,7 days,30 days,Out of Stock,3.6,None,Yes,3.1/5,India
Shop_24,Shop_24_P0027,Item_27,7158,500,2 days,7 days,Out of Stock,3.4,10% off,No,3.2/5,India
Shop_24,Shop_24_P0028,Item_28,27800,476,5 days,30 days,In Stock,4.2,Free shipping,Yes,4.6/5,India
Shop_24,Shop_24_P0029,Item_29,39777,106,1 days,30 days,Out of Stock,4.4,10% off,No,3.0/5,India
Shop_24,Shop_24_P0030,Item_30,21297,585,4 days,30 days,Out of Stock,3.9,10% off,Yes,4.4/5,India
Shop_24,Shop_24_P0031,Item_31,2068,376,2 days,30 days,In Stock,4.1,10% off,No,4.1/5,India
Shop_24,Shop_24_P0032,Item_32,11661,106,5 days,7 days,Out of Stock,4.3,10% off,Yes,4.5/5,India
Shop_24,Shop_24_P0033,Item_33,39310,623,6 days,30 days,In Stock,4.6,Free shipping,Yes,3.6/5,India
Shop_24,Shop_24_P0034,Item_34,46299,587,6 days,30 days,Out of Stock,4.7,Free shipping,Yes,3.4/5,India
Shop_24,Shop_24_P0035,Item_35,33470,625,1 days,14 days,Out of Stock,3.9,None,Yes,4.8/5,India
Shop_24,Shop_24_P0036,Item_36,28094,492,4 days,14 days,In Stock,4.5,None,No,3.9/5,India
Shop_24,Shop_24_P0037,Item_37,41910,368,6 days,14 days,In Stock,3.1,10% off,Yes,3.3/5,India
Shop_24,Shop_24_P0038,Item_38,28422,332,4 days,30 days,In Stock,4.2,Free shipping,Yes,3.4/5,India
Shop_24,Shop_24_P0039,Item_39,3370,463,2 days,7 days,In Stock,3.5,None,Yes,4.1/5,India
Shop_24,Shop_24_P0040,Item_40,38354,638,2 days,30 days,In Stock,4.3,Free shipping,No,4.5/5,India
Shop_24,Shop_24_P0041,Item_41,18358,693,6 days,7 days,Out of Stock,4.4,Free shipping,Yes,3.6/5,India
Shop_24,Shop_24_P0042,Item_42,20233,586,4 days,7 days,Out of Stock,4.5,10% off,No,3.8/5,India
Shop_24,Shop_24_P0043,Item_43,15043,244,2 days,30 days,In Stock,4.5,None,Yes,3.0/5,India
Shop_24,Shop_24_P0044,Item_44,18965,408,4 days,30 days,Out of Stock,3.4,Free shipping,No,4.4/5,India
Shop_24,Shop_24_P0045,Item_45,31245,192,3 days,30 days,In Stock,3.9,None,No,4.8/5,India
Shop_24,Shop_24_P0046,Item_46,30637,147,6 days,7 days,Out of Stock,4.0,10% off,No,3.5/5,India
Shop_24,Shop_24_P0047,Item_47,28213,668,1 days,7 days,Out of Stock,4.4,None,Yes,3.4/5,India
Shop_24,Shop_24_P0048,Item_48,38370,548,5 days,14 days,Out of Stock,4.5,Free shipping,No,4.4/5,India
Shop_24,Shop_24_P0049,Item_49,13082,406,5 days,30 days,Out of Stock,3.8,None,Yes,4.0/5,India
Shop_24,Shop_24_P0050,Item_50,28892,553,6 days,30 days,In Stock,4.4,10% off,Yes,4.3/5,India
Shop_24,Shop_24_P0051,Item_51,33956,612,5 days,14 days,Out of Stock,5.0,Free shipping,Yes,4.9/5,India
Shop_24,Shop_24_P0052,Item_52,32959,232,5 days,14 days,In Stock,3.0,10% off,No,4.0/5,India
Shop_24,Shop_24_P0053,Item_53,15766,237,4 days,14 days,In Stock,4.3,None,No,4.2/5,India
Shop_24,Shop_24_P0054,Item_54,24923,354,6 days,30 days,Out of Stock,4.1,None,No,4.9/5,India
Shop_24,Shop_24_P0055,Item_55,34760,251,5 days,7 days,Out of Stock,4.0,10% off,Yes,3.9/5,India
Shop_24,Shop_24_P0056,Item_56,35282,50,3 days,7 days,In Stock,3.4,None,No,4.5/5,India
Shop_24,Shop_24_P0057,Item_57,33098,308,3 days,30 days,In Stock,3.4,Free shipping,No,4.3/5,India
Shop_24,Shop_24_P0058,Item_58,5373,246,5 days,7 days,Out of Stock,3.4,None,No,4.6/5,India
Shop_24,Shop_24_P0059,Item_59,9428,431,6 days,14 days,In Stock,3.3,Free shipping,No,3.7/5,India
Shop_24,Shop_24_P0060,Item_60,7750,677,4 days,7 days,Out of Stock,5.0,None,No,4.9/5,India
Shop_24,Shop_24_P0061,Item_61,45516,302,4 days,14 days,Out of Stock,3.3,Free shipping,No,4.2/5,India
Shop_24,Shop_24_P0062,Item_62,39514,229,6 days,7 days,In Stock,3.5,10% off,Yes,3.6/5,India
Shop_24,Shop_24_P0063,Item_63,25765,39,7 days,7 days,Out of Stock,4.1,10% off,No,3.0/5,India
Shop_24,Shop_24_P0064,Item_64,49649,621,5 days,7 days,In Stock,3.9,None,Yes,3.1/5,India
Shop_24,Shop_24_P0065,Item_65,43426,112,7 days,7 days,In Stock,4.2,10% off,No,3.7/5,India
Shop_24,Shop_24_P0066,Item_66,9487,490,6 days,30 days,Out of Stock,3.9,10% off,Yes,4.8/5,India
Shop_24,Shop_24_P0067,Item_67,20613,100,1 days,7 days,In Stock,4.9,Free shipping,No,5.0/5,India
Shop_24,Shop_24_P0068,Item_68,5139,43,3 days,14 days,In Stock,3.9,Free shipping,No,3.7/5,India
Shop_24,Shop_24_P0069,Item_69,3800,101,1 days,30 days,In Stock,4.6,Free shipping,Yes,4.7/5,India
Shop_24,Shop_24_P0070,Item_70,1201,190,3 days,7 days,Out of Stock,4.3,Free shipping,Yes,4.6/5,India
Shop_24,Shop_24_P0071,Item_71,46977,352,3 days,14 days,In Stock,4.1,10% off,No,3.6/5,India
Shop_24,Shop_24_P0072,Item_72,19348,473,6 days,7 days,Out of Stock,5.0,Free shipping,No,5.0/5,India
Shop_24,Shop_24_P0073,Item_73,43427,245,1 days,14 days,In Stock,3.5,10% off,Yes,3.0/5,India
Shop_24,Shop_24_P0074,Item_74,16598,559,4 days,30 days,In Stock,4.1,Free shipping,No,3.3/5,India
Shop_24,Shop_24_P0075,Item_75,4752,185,5 days,14 days,In Stock,4.1,10% off,Yes,3.8/5,India
Shop_24,Shop_24_P0076,Item_76,3231,299,5 days,14 days,Out of Stock,4.8,Free shipping,No,3.7/5,India
Shop_24,Shop_24_P0077,Item_77,14229,479,3 days,7 days,In Stock,3.3,Free shipping,Yes,3.8/5,India
Shop_24,Shop_24_P0078,Item_78,21524,186,7 days,30 days,Out of Stock,3.8,None,Yes,4.4/5,India
Shop_24,Shop_24_P0079,Item_79,13976,634,6 days,7 days,In Stock,4.2,None,No,3.2/5,India
Shop_24,Shop_24_P0080,Item_80,6068,63,6 days,14 days,Out of Stock,4.7,None,Yes,4.9/5,India
Shop_24,Shop_24_P0081,Item_81,7262,488,3 days,14 days,In Stock,3.3,10% off,Yes,4.8/5,India
Shop_24,Shop_24_P0082,Item_82,42021,339,6 days,30 days,Out of Stock,4.6,None,Yes,3.9/5,India
Shop_24,Shop_24_P0083,Item_83,35170,253,1 days,14 days,Out of Stock,4.2,10% off,Yes,4.1/5,India
Shop_24,Shop_24_P0084,Item_84,18491,82,1 days,14 days,In Stock,4.0,10% off,No,3.3/5,India
Shop_24,Shop_24_P0085,Item_85,35886,114,4 days,7 days,In Stock,3.3,Free shipping,No,4.4/5,India
Shop_24,Shop_24_P0086,Item_86,44323,96,6 days,14 days,In Stock,3.5,10% off,No,4.5/5,India
Shop_24,Shop_24_P0087,Item_87,35461,673,5 days,30 days,In Stock,4.5,None,Yes,3.0/5,India
Shop_24,Shop_24_P0088,Item_88,20487,595,5 days,30 days,In Stock,3.5,None,Yes,3.3/5,India
Shop_24,Shop_24_P0089,Item_89,11619,443,7 days,14 days,In Stock,3.4,10% off,Yes,5.0/5,India
Shop_24,Shop_24_P0090,Item_90,49641,612,4 days,30 days,Out of Stock,3.7,10% off,No,4.2/5,India
Shop_24,Shop_24_P0091,Item_91,9448,176,5 days,7 days,In Stock,4.4,Free shipping,No,3.2/5,India
Shop_24,Shop_24_P0092,Item_92,20289,463,1 days,7 days,Out of Stock,4.6,None,Yes,3.2/5,India
Shop_24,Shop_24_P0093,Item_93,31363,229,6 days,7 days,Out of Stock,3.8,Free shipping,No,3.7/5,India
Shop_24,Shop_24_P0094,Item_94,25370,485,1 days,30 days,Out of Stock,4.5,Free shipping,No,3.4/5,India
Shop_24,Shop_24_P0095,Item_95,10865,658,3 days,14 days,In Stock,3.9,Free shipping,Yes,4.4/5,India
Shop_24,Shop_24_P0096,Item_96,38548,486,2 days,7 days,Out of Stock,3.1,None,No,4.2/5,India
Shop_24,Shop_24_P0097,Item_97,36674,200,5 days,7 days,Out of Stock,3.9,10% off,Yes,3.4/5,India
Shop_24,Shop_24_P0098,Item_98,18533,620,5 days,30 days,In Stock,3.2,10% off,No,4.0/5,India
Shop_24,Shop_24_P0099,Item_99,11089,520,1 days,30 days,Out of Stock,3.1,Free shipping,No,4.2/5,India
Shop_24,Shop_24_P0100,Item_100,20769,256,7 days,30 days,In Stock,4.0,Free shipping,No,4.7/5,India
Shop_25,Shop_25_P0001,Item_1,44763,353,3 days,14 days,In Stock,4.6,10% off,No,4.4/5,India
Shop_25,Shop_25_P0002,Item_2,46507,81,2 days,7 days,In Stock,4.1,10% off,No,3.9/5,India
Shop_25,Shop_25_P0003,Item_3,35669,616,4 days,14 days,Out of Stock,3.7,Free shipping,No,4.5/5,India
Shop_25,Shop_25_P0004,Item_4,36208,410,2 days,7 days,In Stock,3.0,10% off,Yes,4.7/5,India
Shop_25,Shop_25_P0005,Item_5,26041,600,3 days,14 days,In Stock,4.9,None,Yes,3.4/5,India
Shop_25,Shop_25_P0006,Item_6,30931,134,2 days,14 days,Out of Stock,3.8,Free shipping,Yes,3.5/5,India
Shop_25,Shop_25_P0007,Item_7,16760,216,6 days,14 days,In Stock,4.7,None,Yes,3.2/5,India
Shop_25,Shop_25_P0008,Item_8,10371,74,2 days,14 days,In Stock,4.2,None,Yes,3.7/5,India
Shop_25,Shop_25_P0009,Item_9,22685,522,6 days,7 days,In Stock,3.4,10% off,No,4.2/5,India
Shop_25,Shop_25_P0010,Item_10,19462,344,1 days,30 days,In Stock,3.6,10% off,Yes,4.6/5,India
Shop_25,Shop_25_P0011,Item_11,38414,613,3 days,14 days,Out of Stock,4.1,10% off,Yes,4.5/5,India
Shop_25,Shop_25_P0012,Item_12,21340,474,5 days,14 days,In Stock,4.7,None,Yes,4.6/5,India
Shop_25,Shop_25_P0013,Item_13,43381,555,4 days,14 days,In Stock,4.3,Free shipping,Yes,4.5/5,India
Shop_25,Shop_25_P0014,Item_14,8575,132,7 days,30 days,In Stock,4.7,10% off,Yes,4.0/5,India
Shop_25,Shop_25_P0015,Item_15,24253,551,5 days,14 days,Out of Stock,4.0,None,Yes,3.6/5,India
Shop_25,Shop_25_P0016,Item_16,36850,610,1 days,30 days,Out of Stock,4.4,10% off,No,3.6/5,India
Shop_25,Shop_25_P0017,Item_17,39135,160,1 days,30 days,In Stock,4.2,Free shipping,No,4.7/5,India
Shop_25,Shop_25_P0018,Item_18,21445,349,3 days,14 days,In Stock,4.3,10% off,Yes,3.1/5,India
Shop_25,Shop_25_P0019,Item_19,13662,380,3 days,7 days,In Stock,4.5,Free shipping,No,3.7/5,India
Shop_25,Shop_25_P0020,Item_20,41483,680,7 days,30 days,In Stock,4.2,None,Yes,4.5/5,India
Shop_25,Shop_25_P0021,Item_21,31427,193,1 days,30 days,In Stock,4.9,None,Yes,4.3/5,India
Shop_25,Shop_25_P0022,Item_22,4165,386,7 days,7 days,Out of Stock,3.8,10% off,Yes,5.0/5,India
Shop_25,Shop_25_P0023,Item_23,27640,583,3 days,7 days,In Stock,4.3,Free shipping,Yes,3.4/5,India
Shop_25,Shop_25_P0024,Item_24,18458,240,6 days,30 days,Out of Stock,4.1,Free shipping,Yes,3.9/5,India
Shop_25,Shop_25_P0025,Item_25,36213,544,4 days,14 days,In Stock,4.0,None,Yes,3.8/5,India
Shop_25,Shop_25_P0026,Item_26,4720,150,5 days,14 days,Out of Stock,3.9,None,No,4.1/5,India
Shop_25,Shop_25_P0027,Item_27,17676,316,2 days,7 days,Out of Stock,3.4,10% off,No,3.9/5,India
Shop_25,Shop_25_P0028,Item_28,8457,623,5 days,14 days,Out of Stock,3.0,10% off,Yes,4.1/5,India
Shop_25,Shop_25_P0029,Item_29,18841,163,6 days,7 days,Out of Stock,3.8,10% off,Yes,4.9/5,India
Shop_25,Shop_25_P0030,Item_30,28327,601,6 days,14 days,Out of Stock,4.2,Free shipping,Yes,4.8/5,India
Shop_25,Shop_25_P0031,Item_31,38636,187,4 days,30 days,Out of Stock,5.0,None,Yes,3.2/5,India
Shop_25,Shop_25_P0032,Item_32,38064,121,6 days,30 days,In Stock,4.5,10% off,No,3.3/5,India
Shop_25,Shop_25_P0033,Item_33,43333,575,2 days,7 days,In Stock,3.7,None,No,3.1/5,India
Shop_25,Shop_25_P0034,Item_34,30511,647,6 days,14 days,Out of Stock,4.1,None,Yes,4.8/5,India
Shop_25,Shop_25_P0035,Item_35,35114,371,3 days,14 days,In Stock,4.8,10% off,No,3.7/5,India
Shop_25,Shop_25_P0036,Item_36,5459,632,3 days,14 days,In Stock,4.9,None,No,3.0/5,India
Shop_25,Shop_25_P0037,Item_37,14603,321,4 days,7 days,In Stock,3.9,None,No,3.7/5,India
Shop_25,Shop_25_P0038,Item_38,12270,151,4 days,14 days,In Stock,3.6,10% off,No,4.8/5,India
Shop_25,Shop_25_P0039,Item_39,17396,139,1 days,30 days,Out of Stock,4.3,10% off,No,4.0/5,India
Shop_25,Shop_25_P0040,Item_40,12695,464,7 days,14 days,Out of Stock,3.7,Free shipping,Yes,4.6/5,India
Shop_25,Shop_25_P0041,Item_41,6449,157,4 days,7 days,Out of Stock,3.8,Free shipping,No,4.5/5,India
Shop_25,Shop_25_P0042,Item_42,6026,613,1 days,7 days,In Stock,3.9,Free shipping,Yes,3.7/5,India
Shop_25,Shop_25_P0043,Item_43,16074,257,2 days,14 days,In Stock,5.0,None,Yes,4.3/5,India
Shop_25,Shop_25_P0044,Item_44,39077,412,5 days,14 days,Out of Stock,3.5,None,Yes,4.1/5,India
Shop_25,Shop_25_P0045,Item_45,46515,165,5 days,30 days,Out of Stock,3.1,10% off,Yes,4.7/5,India
Shop_25,Shop_25_P0046,Item_46,31134,23,7 days,14 days,In Stock,4.0,10% off,No,4.9/5,India
Shop_25,Shop_25_P0047,Item_47,43546,361,3 days,14 days,In Stock,3.4,10% off,No,4.0/5,India
Shop_25,Shop_25_P0048,Item_48,39615,74,7 days,7 days,Out of Stock,3.1,None,Yes,3.4/5,India
Shop_25,Shop_25_P0049,Item_49,30667,527,3 days,14 days,Out of Stock,4.6,None,No,3.4/5,India
Shop_25,Shop_25_P0050,Item_50,22044,357,3 days,7 days,In Stock,4.2,None,Yes,3.6/5,India
Shop_25,Shop_25_P0051,Item_51,9043,227,1 days,14 days,Out of Stock,4.0,10% off,No,4.2/5,India
Shop_25,Shop_25_P0052,Item_52,39545,648,7 days,30 days,In Stock,3.4,10% off,No,3.3/5,India
Shop_25,Shop_25_P0053,Item_53,10841,388,1 days,30 days,In Stock,3.1,Free shipping,No,4.0/5,India
Shop_25,Shop_25_P0054,Item_54,41669,166,5 days,7 days,Out of Stock,3.3,10% off,Yes,4.4/5,India
Shop_25,Shop_25_P0055,Item_55,23925,104,1 days,7 days,In Stock,3.6,Free shipping,Yes,3.1/5,India
Shop_25,Shop_25_P0056,Item_56,32134,373,7 days,14 days,Out of Stock,3.8,10% off,Yes,3.0/5,India
Shop_25,Shop_25_P0057,Item_57,22619,109,5 days,7 days,Out of Stock,4.6,10% off,Yes,4.3/5,India
Shop_25,Shop_25_P0058,Item_58,10387,351,6 days,14 days,In Stock,5.0,Free shipping,Yes,3.8/5,India
Shop_25,Shop_25_P0059,Item_59,9561,433,3 days,30 days,In Stock,3.6,10% off,Yes,4.9/5,India
Shop_25,Shop_25_P0060,Item_60,21912,642,1 days,30 days,In Stock,4.9,10% off,No,4.9/5,India
Shop_25,Shop_25_P0061,Item_61,49614,673,1 days,30 days,In Stock,3.3,None,Yes,4.8/5,India
Shop_25,Shop_25_P0062,Item_62,29635,509,2 days,30 days,In Stock,3.3,Free shipping,Yes,5.0/5,India
Shop_25,Shop_25_P0063,Item_63,34660,103,4 days,14 days,Out of Stock,4.9,Free shipping,No,3.3/5,India
Shop_25,Shop_25_P0064,Item_64,6783,666,3 days,14 days,In Stock,3.9,Free shipping,Yes,4.4/5,India
Shop_25,Shop_25_P0065,Item_65,6854,573,2 days,7 days,In Stock,4.9,10% off,Yes,5.0/5,India
Shop_25,Shop_25_P0066,Item_66,15397,430,4 days,14 days,In Stock,3.6,10% off,Yes,4.4/5,India
Shop_25,Shop_25_P0067,Item_67,25774,314,4 days,14 days,Out of Stock,4.4,Free shipping,No,3.5/5,India
Shop_25,Shop_25_P0068,Item_68,20521,203,2 days,7 days,In Stock,4.5,10% off,Yes,4.4/5,India
Shop_25,Shop_25_P0069,Item_69,18955,337,5 days,7 days,Out of Stock,5.0,None,No,3.3/5,India
Shop_25,Shop_25_P0070,Item_70,47439,158,6 days,7 days,In Stock,4.8,None,No,3.7/5,India
Shop_25,Shop_25_P0071,Item_71,47542,414,4 days,7 days,Out of Stock,3.7,None,Yes,3.5/5,India
Shop_25,Shop_25_P0072,Item_72,7639,206,4 days,14 days,In Stock,3.7,Free shipping,No,4.0/5,India
Shop_25,Shop_25_P0073,Item_73,1200,476,1 days,14 days,In Stock,4.6,Free shipping,Yes,4.8/5,India
Shop_25,Shop_25_P0074,Item_74,22583,118,3 days,14 days,In Stock,3.5,10% off,Yes,3.3/5,India
Shop_25,Shop_25_P0075,Item_75,26567,73,5 days,30 days,Out of Stock,4.2,10% off,No,4.8/5,India
Shop_25,Shop_25_P0076,Item_76,22222,373,1 days,30 days,Out of Stock,4.8,None,Yes,4.9/5,India
Shop_25,Shop_25_P0077,Item_77,10065,426,5 days,30 days,Out of Stock,3.2,None,Yes,3.3/5,India
Shop_25,Shop_25_P0078,Item_78,26174,661,3 days,14 days,In Stock,3.5,10% off,Yes,4.6/5,India
Shop_25,Shop_25_P0079,Item_79,43510,660,2 days,7 days,In Stock,3.9,Free shipping,No,3.4/5,India
Shop_25,Shop_25_P0080,Item_80,27779,290,3 days,7 days,In Stock,5.0,Free shipping,Yes,3.7/5,India
Shop_25,Shop_25_P0081,Item_81,30241,192,7 days,30 days,In Stock,4.5,10% off,Yes,4.2/5,India
Shop_25,Shop_25_P0082,Item_82,25742,517,7 days,30 days,Out of Stock,3.2,10% off,Yes,3.1/5,India
Shop_25,Shop_25_P0083,Item_83,22830,171,7 days,30 days,Out of Stock,4.0,Free shipping,No,4.3/5,India
Shop_25,Shop_25_P0084,Item_84,8825,208,6 days,30 days,Out of Stock,3.8,10% off,Yes,4.6/5,India
Shop_25,Shop_25_P0085,Item_85,21532,339,5 days,14 days,Out of Stock,3.3,Free shipping,No,4.4/5,India
Shop_25,Shop_25_P0086,Item_86,26268,656,4 days,14 days,Out of Stock,3.6,Free shipping,No,3.2/5,India
Shop_25,Shop_25_P0087,Item_87,1097,376,1 days,14 days,Out of Stock,4.8,Free shipping,No,4.1/5,India
Shop_25,Shop_25_P0088,Item_88,7340,39,1 days,14 days,In Stock,3.8,None,Yes,4.0/5,India
Shop_25,Shop_25_P0089,Item_89,49524,264,6 days,30 days,Out of Stock,4.2,Free shipping,Yes,4.3/5,India
Shop_25,Shop_25_P0090,Item_90,15396,535,1 days,7 days,Out of Stock,3.5,10% off,Yes,4.7/5,India
Shop_25,Shop_25_P0091,Item_91,49561,174,6 days,7 days,Out of Stock,3.2,10% off,No,4.6/5,India
Shop_25,Shop_25_P0092,Item_92,12133,99,2 days,14 days,In Stock,3.3,Free shipping,No,3.8/5,India
Shop_25,Shop_25_P0093,Item_93,16424,91,7 days,14 days,In Stock,4.4,10% off,Yes,3.8/5,India
Shop_25,Shop_25_P0094,Item_94,28429,280,6 days,30 days,In Stock,4.8,None,Yes,3.2/5,India
Shop_25,Shop_25_P0095,Item_95,35693,467,4 days,30 days,In Stock,4.0,Free shipping,Yes,3.5/5,India
Shop_25,Shop_25_P0096,Item_96,31032,139,3 days,7 days,Out of Stock,3.3,10% off,No,3.2/5,India
Shop_25,Shop_25_P0097,Item_97,14495,203,2 days,7 days,In Stock,4.0,Free shipping,Yes,4.7/5,India
Shop_25,Shop_25_P0098,Item_98,45220,141,6 days,30 days,In Stock,3.9,None,No,5.0/5,India
Shop_25,Shop_25_P0099,Item_99,48990,497,6 days,30 days,In Stock,3.6,Free shipping,No,4.2/5,India
Shop_25,Shop_25_P0100,Item_100,43670,389,5 days,30 days,Out of Stock,4.2,None,No,4.4/5,India
Shop_26,Shop_26_P0001,Item_1,31143,471,3 days,14 days,Out of Stock,3.6,Free shipping,Yes,4.2/5,India
Shop_26,Shop_26_P0002,Item_2,23162,38,7 days,30 days,Out of Stock,3.2,None,No,4.8/5,India
Shop_26,Shop_26_P0003,Item_3,22260,559,1 days,7 days,In Stock,3.8,10% off,Yes,4.9/5,India
Shop_26,Shop_26_P0004,Item_4,7896,171,7 days,30 days,In Stock,3.7,None,Yes,4.9/5,India
Shop_26,Shop_26_P0005,Item_5,40396,91,5 days,30 days,In Stock,3.9,10% off,No,3.6/5,India
Shop_26,Shop_26_P0006,Item_6,38868,647,4 days,30 days,Out of Stock,3.5,None,No,4.9/5,India
Shop_26,Shop_26_P0007,Item_7,14821,332,1 days,7 days,Out of Stock,3.4,Free shipping,Yes,3.7/5,India
Shop_26,Shop_26_P0008,Item_8,17039,574,5 days,30 days,In Stock,4.7,None,Yes,4.5/5,India
Shop_26,Shop_26_P0009,Item_9,29152,184,4 days,14 days,Out of Stock,3.5,Free shipping,No,3.6/5,India
Shop_26,Shop_26_P0010,Item_10,36717,349,3 days,30 days,Out of Stock,4.2,10% off,No,4.4/5,India
Shop_26,Shop_26_P0011,Item_11,35768,530,2 days,30 days,In Stock,3.8,None,No,4.3/5,India
Shop_26,Shop_26_P0012,Item_12,9669,637,2 days,30 days,Out of Stock,4.8,None,No,3.7/5,India
Shop_26,Shop_26_P0013,Item_13,37587,306,2 days,7 days,In Stock,5.0,10% off,No,3.6/5,India
Shop_26,Shop_26_P0014,Item_14,16385,575,5 days,30 days,In Stock,3.7,None,Yes,4.8/5,India
Shop_26,Shop_26_P0015,Item_15,13271,294,6 days,30 days,In Stock,3.1,10% off,No,4.8/5,India
Shop_26,Shop_26_P0016,Item_16,32805,627,6 days,7 days,In Stock,3.3,10% off,No,4.6/5,India
Shop_26,Shop_26_P0017,Item_17,1737,81,3 days,7 days,In Stock,4.0,10% off,Yes,4.6/5,India
Shop_26,Shop_26_P0018,Item_18,47378,217,4 days,30 days,Out of Stock,3.9,None,Yes,3.9/5,India
Shop_26,Shop_26_P0019,Item_19,12944,38,5 days,7 days,In Stock,3.7,10% off,No,4.0/5,India
Shop_26,Shop_26_P0020,Item_20,43695,512,1 days,7 days,Out of Stock,4.0,10% off,No,4.6/5,India
Shop_26,Shop_26_P0021,Item_21,30527,549,3 days,30 days,Out of Stock,4.0,None,No,3.8/5,India
Shop_26,Shop_26_P0022,Item_22,10875,439,3 days,30 days,Out of Stock,4.3,10% off,No,4.9/5,India
Shop_26,Shop_26_P0023,Item_23,32834,144,5 days,14 days,In Stock,3.1,Free shipping,Yes,4.9/5,India
Shop_26,Shop_26_P0024,Item_24,15825,109,6 days,30 days,Out of Stock,4.8,None,Yes,4.0/5,India
Shop_26,Shop_26_P0025,Item_25,36618,407,6 days,7 days,In Stock,3.9,10% off,No,4.2/5,India
Shop_26,Shop_26_P0026,Item_26,30270,417,1 days,14 days,In Stock,3.3,None,No,3.1/5,India
Shop_26,Shop_26_P0027,Item_27,6865,82,5 days,30 days,In Stock,3.4,Free shipping,Yes,4.5/5,India
Shop_26,Shop_26_P0028,Item_28,3741,168,2 days,14 days,Out of Stock,3.4,None,Yes,4.8/5,India
Shop_26,Shop_26_P0029,Item_29,26851,386,3 days,7 days,Out of Stock,4.7,Free shipping,No,4.0/5,India
Shop_26,Shop_26_P0030,Item_30,43751,692,4 days,30 days,In Stock,4.8,10% off,Yes,4.3/5,India
Shop_26,Shop_26_P0031,Item_31,34723,39,5 days,30 days,In Stock,3.9,None,No,4.6/5,India
Shop_26,Shop_26_P0032,Item_32,25746,351,1 days,14 days,Out of Stock,4.8,10% off,No,4.5/5,India
Shop_26,Shop_26_P0033,Item_33,6842,37,1 days,7 days,Out of Stock,3.3,10% off,Yes,4.6/5,India
Shop_26,Shop_26_P0034,Item_34,36600,173,7 days,14 days,Out of Stock,3.4,Free shipping,Yes,4.7/5,India
Shop_26,Shop_26_P0035,Item_35,13091,351,5 days,14 days,In Stock,3.3,Free shipping,Yes,3.7/5,India
Shop_26,Shop_26_P0036,Item_36,12110,401,5 days,14 days,In Stock,4.1,Free shipping,No,4.6/5,India
Shop_26,Shop_26_P0037,Item_37,40647,310,6 days,14 days,Out of Stock,3.1,10% off,Yes,4.3/5,India
Shop_26,Shop_26_P0038,Item_38,34714,68,6 days,30 days,In Stock,4.4,None,Yes,3.9/5,India
Shop_26,Shop_26_P0039,Item_39,13070,419,7 days,30 days,In Stock,3.4,None,Yes,3.5/5,India
Shop_26,Shop_26_P0040,Item_40,46906,501,6 days,7 days,In Stock,4.4,None,No,4.4/5,India
Shop_26,Shop_26_P0041,Item_41,22963,478,5 days,7 days,Out of Stock,4.5,None,No,4.4/5,India
Shop_26,Shop_26_P0042,Item_42,27883,336,5 days,14 days,In Stock,4.8,None,No,4.6/5,India
Shop_26,Shop_26_P0043,Item_43,45313,418,4 days,7 days,In Stock,3.1,None,Yes,4.1/5,India
Shop_26,Shop_26_P0044,Item_44,27490,168,6 days,7 days,In Stock,3.8,10% off,Yes,3.7/5,India
Shop_26,Shop_26_P0045,Item_45,30295,166,4 days,14 days,In Stock,4.0,None,No,3.8/5,India
Shop_26,Shop_26_P0046,Item_46,46321,165,4 days,14 days,In Stock,3.5,Free shipping,No,4.9/5,India
Shop_26,Shop_26_P0047,Item_47,13719,131,3 days,14 days,Out of Stock,3.2,Free shipping,Yes,3.4/5,India
Shop_26,Shop_26_P0048,Item_48,41800,699,4 days,30 days,Out of Stock,4.6,10% off,No,4.8/5,India
Shop_26,Shop_26_P0049,Item_49,30444,609,7 days,14 days,Out of Stock,3.8,10% off,Yes,4.6/5,India
Shop_26,Shop_26_P0050,Item_50,26234,582,4 days,14 days,Out of Stock,4.1,10% off,No,4.2/5,India
Shop_26,Shop_26_P0051,Item_51,8888,309,1 days,30 days,Out of Stock,3.8,10% off,No,3.1/5,India
Shop_26,Shop_26_P0052,Item_52,1102,43,2 days,14 days,In Stock,3.4,Free shipping,No,4.6/5,India
Shop_26,Shop_26_P0053,Item_53,19112,271,1 days,14 days,Out of Stock,3.1,10% off,Yes,3.1/5,India
Shop_26,Shop_26_P0054,Item_54,33944,68,7 days,14 days,Out of Stock,3.6,None,No,3.9/5,India
Shop_26,Shop_26_P0055,Item_55,24896,460,7 days,30 days,In Stock,4.7,None,Yes,4.1/5,India
Shop_26,Shop_26_P0056,Item_56,44608,686,5 days,7 days,In Stock,3.5,None,Yes,3.8/5,India
Shop_26,Shop_26_P0057,Item_57,47536,318,6 days,7 days,In Stock,4.3,Free shipping,Yes,4.3/5,India
Shop_26,Shop_26_P0058,Item_58,682,305,1 days,14 days,Out of Stock,4.1,10% off,No,3.6/5,India
Shop_26,Shop_26_P0059,Item_59,2080,129,5 days,30 days,Out of Stock,3.2,Free shipping,Yes,3.2/5,India
Shop_26,Shop_26_P0060,Item_60,28672,269,7 days,14 days,Out of Stock,3.8,None,Yes,3.7/5,India
Shop_26,Shop_26_P0061,Item_61,9323,609,5 days,7 days,In Stock,4.1,10% off,Yes,4.3/5,India
Shop_26,Shop_26_P0062,Item_62,15366,374,2 days,7 days,Out of Stock,3.7,Free shipping,No,4.0/5,India
Shop_26,Shop_26_P0063,Item_63,17165,464,2 days,7 days,Out of Stock,3.7,None,No,3.7/5,India
Shop_26,Shop_26_P0064,Item_64,31968,300,1 days,7 days,Out of Stock,3.7,Free shipping,No,3.4/5,India
Shop_26,Shop_26_P0065,Item_65,27674,161,2 days,30 days,Out of Stock,3.6,None,Yes,3.3/5,India
Shop_26,Shop_26_P0066,Item_66,40752,587,1 days,7 days,In Stock,3.5,Free shipping,Yes,5.0/5,India
Shop_26,Shop_26_P0067,Item_67,36950,577,6 days,30 days,Out of Stock,3.8,10% off,Yes,3.6/5,India
Shop_26,Shop_26_P0068,Item_68,33842,468,6 days,30 days,In Stock,3.0,10% off,No,3.6/5,India
Shop_26,Shop_26_P0069,Item_69,29106,341,7 days,30 days,In Stock,4.6,Free shipping,Yes,3.9/5,India
Shop_26,Shop_26_P0070,Item_70,12938,362,7 days,30 days,Out of Stock,5.0,None,Yes,3.2/5,India
Shop_26,Shop_26_P0071,Item_71,23004,480,2 days,7 days,In Stock,4.4,Free shipping,No,4.2/5,India
Shop_26,Shop_26_P0072,Item_72,32196,406,6 days,30 days,In Stock,4.9,None,Yes,3.4/5,India
Shop_26,Shop_26_P0073,Item_73,15252,461,4 days,14 days,In Stock,3.8,Free shipping,No,3.4/5,India
Shop_26,Shop_26_P0074,Item_74,10681,233,6 days,14 days,Out of Stock,4.9,None,Yes,3.7/5,India
Shop_26,Shop_26_P0075,Item_75,28187,601,6 days,30 days,In Stock,3.4,Free shipping,Yes,4.5/5,India
Shop_26,Shop_26_P0076,Item_76,41682,489,2 days,30 days,Out of Stock,3.4,Free shipping,Yes,4.0/5,India
Shop_26,Shop_26_P0077,Item_77,38519,132,5 days,30 days,In Stock,3.9,10% off,Yes,4.3/5,India
Shop_26,Shop_26_P0078,Item_78,10187,376,7 days,7 days,In Stock,3.9,Free shipping,Yes,3.0/5,India
Shop_26,Shop_26_P0079,Item_79,32981,129,2 days,14 days,Out of Stock,4.7,10% off,Yes,4.1/5,India
Shop_26,Shop_26_P0080,Item_80,5892,521,3 days,30 days,Out of Stock,3.1,None,Yes,4.7/5,India
Shop_26,Shop_26_P0081,Item_81,27640,110,2 days,30 days,Out of Stock,4.1,Free shipping,Yes,3.0/5,India
Shop_26,Shop_26_P0082,Item_82,27103,686,2 days,14 days,Out of Stock,4.7,Free shipping,No,4.9/5,India
Shop_26,Shop_26_P0083,Item_83,42180,683,5 days,7 days,In Stock,4.2,None,No,4.1/5,India
Shop_26,Shop_26_P0084,Item_84,24335,428,1 days,14 days,In Stock,4.4,10% off,Yes,4.0/5,India
Shop_26,Shop_26_P0085,Item_85,17096,159,7 days,7 days,In Stock,4.3,None,Yes,3.1/5,India
Shop_26,Shop_26_P0086,Item_86,35339,359,3 days,14 days,Out of Stock,5.0,10% off,No,3.8/5,India
Shop_26,Shop_26_P0087,Item_87,27477,214,2 days,14 days,Out of Stock,3.4,Free shipping,Yes,3.2/5,India
Shop_26,Shop_26_P0088,Item_88,34676,477,4 days,14 days,Out of Stock,3.1,None,No,3.2/5,India
Shop_26,Shop_26_P0089,Item_89,32951,356,1 days,7 days,In Stock,3.5,None,Yes,4.0/5,India
Shop_26,Shop_26_P0090,Item_90,5214,266,7 days,7 days,Out of Stock,4.5,None,No,3.0/5,India
Shop_26,Shop_26_P0091,Item_91,32414,40,1 days,7 days,Out of Stock,4.8,None,Yes,3.1/5,India
Shop_26,Shop_26_P0092,Item_92,43431,82,2 days,30 days,In Stock,3.9,None,Yes,3.2/5,India
Shop_26,Shop_26_P0093,Item_93,22810,625,6 days,30 days,In Stock,3.6,Free shipping,No,4.6/5,India
Shop_26,Shop_26_P0094,Item_94,49940,491,1 days,14 days,Out of Stock,4.2,10% off,No,4.0/5,India
Shop_26,Shop_26_P0095,Item_95,17162,96,4 days,7 days,In Stock,3.4,Free shipping,Yes,3.8/5,India
Shop_26,Shop_26_P0096,Item_96,47883,335,6 days,30 days,In Stock,4.6,None,Yes,3.8/5,India
Shop_26,Shop_26_P0097,Item_97,30542,512,3 days,30 days,Out of Stock,3.6,10% off,Yes,3.4/5,India
Shop_26,Shop_26_P0098,Item_98,35722,600,5 days,7 days,Out of Stock,4.6,Free shipping,No,3.8/5,India
Shop_26,Shop_26_P0099,Item_99,14765,67,3 days,14 days,Out of Stock,4.7,None,No,3.2/5,India
Shop_26,Shop_26_P0100,Item_100,34719,466,4 days,7 days,In Stock,3.7,Free shipping,Yes,3.5/5,India
Shop_27,Shop_27_P0001,Item_1,42309,361,2 days,30 days,Out of Stock,4.6,10% off,Yes,4.9/5,India
Shop_27,Shop_27_P0002,Item_2,3344,531,5 days,30 days,Out of Stock,3.3,None,Yes,3.9/5,India
Shop_27,Shop_27_P0003,Item_3,20417,644,5 days,30 days,In Stock,4.3,Free shipping,Yes,3.4/5,India
Shop_27,Shop_27_P0004,Item_4,7021,365,1 days,7 days,In Stock,3.5,None,Yes,4.3/5,India
Shop_27,Shop_27_P0005,Item_5,35352,678,3 days,14 days,In Stock,4.0,None,Yes,3.9/5,India
Shop_27,Shop_27_P0006,Item_6,15516,527,1 days,30 days,In Stock,3.3,10% off,Yes,3.2/5,India
Shop_27,Shop_27_P0007,Item_7,1886,592,5 days,14 days,In Stock,3.4,Free shipping,Yes,4.5/5,India
Shop_27,Shop_27_P0008,Item_8,38899,448,7 days,14 days,Out of Stock,4.4,Free shipping,Yes,4.1/5,India
Shop_27,Shop_27_P0009,Item_9,44564,555,2 days,30 days,Out of Stock,3.0,Free shipping,Yes,4.2/5,India
Shop_27,Shop_27_P0010,Item_10,21569,108,3 days,7 days,In Stock,4.4,Free shipping,Yes,3.1/5,India
Shop_27,Shop_27_P0011,Item_11,38377,45,3 days,7 days,In Stock,3.3,None,No,4.9/5,India
Shop_27,Shop_27_P0012,Item_12,41054,300,2 days,7 days,Out of Stock,4.9,Free shipping,Yes,4.3/5,India
Shop_27,Shop_27_P0013,Item_13,10958,336,3 days,14 days,Out of Stock,3.2,None,No,3.1/5,India
Shop_27,Shop_27_P0014,Item_14,49110,687,5 days,7 days,Out of Stock,4.2,None,Yes,5.0/5,India
Shop_27,Shop_27_P0015,Item_15,910,95,4 days,14 days,In Stock,3.2,Free shipping,No,3.9/5,India
Shop_27,Shop_27_P0016,Item_16,33389,502,1 days,7 days,In Stock,3.7,Free shipping,No,4.8/5,India
Shop_27,Shop_27_P0017,Item_17,20728,449,2 days,14 days,Out of Stock,3.8,Free shipping,No,4.2/5,India
Shop_27,Shop_27_P0018,Item_18,12215,470,4 days,7 days,Out of Stock,3.4,10% off,Yes,3.5/5,India
Shop_27,Shop_27_P0019,Item_19,47318,475,6 days,7 days,Out of Stock,3.3,10% off,No,3.8/5,India
Shop_27,Shop_27_P0020,Item_20,48835,113,1 days,7 days,In Stock,3.9,Free shipping,No,4.6/5,India
Shop_27,Shop_27_P0021,Item_21,32968,67,7 days,14 days,Out of Stock,3.9,Free shipping,No,4.6/5,India
Shop_27,Shop_27_P0022,Item_22,26317,446,2 days,14 days,In Stock,3.6,None,No,4.1/5,India
Shop_27,Shop_27_P0023,Item_23,19501,600,2 days,14 days,Out of Stock,4.4,10% off,No,3.6/5,India
Shop_27,Shop_27_P0024,Item_24,44428,197,4 days,7 days,Out of Stock,4.2,None,Yes,3.7/5,India
Shop_27,Shop_27_P0025,Item_25,29014,586,4 days,30 days,Out of Stock,3.6,None,Yes,3.4/5,India
Shop_27,Shop_27_P0026,Item_26,46284,495,1 days,30 days,In Stock,3.1,10% off,No,3.6/5,India
Shop_27,Shop_27_P0027,Item_27,37215,190,6 days,7 days,Out of Stock,4.0,10% off,No,3.9/5,India
Shop_27,Shop_27_P0028,Item_28,39261,159,3 days,30 days,In Stock,4.6,None,Yes,3.6/5,India
Shop_27,Shop_27_P0029,Item_29,48967,74,6 days,14 days,Out of Stock,3.5,10% off,Yes,5.0/5,India
Shop_27,Shop_27_P0030,Item_30,41612,56,6 days,14 days,In Stock,3.3,Free shipping,Yes,4.1/5,India
Shop_27,Shop_27_P0031,Item_31,41130,315,3 days,14 days,Out of Stock,3.3,Free shipping,Yes,4.8/5,India
Shop_27,Shop_27_P0032,Item_32,2291,624,1 days,7 days,Out of Stock,3.1,10% off,Yes,3.0/5,India
Shop_27,Shop_27_P0033,Item_33,9854,673,3 days,7 days,In Stock,3.4,None,No,3.4/5,India
Shop_27,Shop_27_P0034,Item_34,7432,148,1 days,30 days,In Stock,3.5,None,Yes,3.3/5,India
Shop_27,Shop_27_P0035,Item_35,13632,333,5 days,30 days,In Stock,4.8,10% off,Yes,3.9/5,India
Shop_27,Shop_27_P0036,Item_36,43378,222,6 days,7 days,In Stock,4.9,Free shipping,Yes,3.3/5,India
Shop_27,Shop_27_P0037,Item_37,5599,513,6 days,14 days,Out of Stock,4.2,10% off,Yes,4.0/5,India
Shop_27,Shop_27_P0038,Item_38,25641,202,1 days,14 days,Out of Stock,4.4,10% off,Yes,3.6/5,India
Shop_27,Shop_27_P0039,Item_39,16895,135,7 days,30 days,In Stock,4.5,10% off,No,3.1/5,India
Shop_27,Shop_27_P0040,Item_40,22680,153,1 days,30 days,Out of Stock,4.6,10% off,No,4.0/5,India
Shop_27,Shop_27_P0041,Item_41,30177,433,6 days,30 days,In Stock,3.1,Free shipping,No,4.6/5,India
Shop_27,Shop_27_P0042,Item_42,19953,200,1 days,7 days,Out of Stock,3.5,None,No,4.4/5,India
Shop_27,Shop_27_P0043,Item_43,28024,164,6 days,14 days,Out of Stock,4.9,10% off,No,3.3/5,India
Shop_27,Shop_27_P0044,Item_44,13989,458,6 days,14 days,Out of Stock,3.3,Free shipping,Yes,3.3/5,India
Shop_27,Shop_27_P0045,Item_45,12911,536,1 days,30 days,Out of Stock,3.8,Free shipping,Yes,4.0/5,India
Shop_27,Shop_27_P0046,Item_46,22794,697,1 days,14 days,Out of Stock,4.7,Free shipping,Yes,3.6/5,India
Shop_27,Shop_27_P0047,Item_47,49381,279,5 days,7 days,In Stock,3.8,Free shipping,Yes,4.0/5,India
Shop_27,Shop_27_P0048,Item_48,29704,137,1 days,7 days,In Stock,3.2,Free shipping,Yes,3.9/5,India
Shop_27,Shop_27_P0049,Item_49,26065,66,1 days,7 days,In Stock,3.7,Free shipping,Yes,4.1/5,India
Shop_27,Shop_27_P0050,Item_50,22356,492,7 days,14 days,In Stock,4.6,10% off,Yes,3.5/5,India
Shop_27,Shop_27_P0051,Item_51,6161,670,6 days,7 days,Out of Stock,4.1,10% off,No,3.7/5,India
Shop_27,Shop_27_P0052,Item_52,15518,543,6 days,7 days,In Stock,4.3,None,Yes,4.8/5,India
Shop_27,Shop_27_P0053,Item_53,39575,111,5 days,7 days,Out of Stock,3.1,10% off,Yes,4.9/5,India
Shop_27,Shop_27_P0054,Item_54,48559,345,7 days,14 days,Out of Stock,4.1,None,No,3.8/5,India
Shop_27,Shop_27_P0055,Item_55,26655,398,4 days,30 days,In Stock,3.3,None,Yes,4.3/5,India
Shop_27,Shop_27_P0056,Item_56,41482,466,1 days,14 days,In Stock,4.7,None,No,4.9/5,India
Shop_27,Shop_27_P0057,Item_57,23138,376,7 days,30 days,In Stock,4.4,10% off,No,3.4/5,India
Shop_27,Shop_27_P0058,Item_58,35040,513,1 days,7 days,In Stock,3.3,10% off,No,4.5/5,India
Shop_27,Shop_27_P0059,Item_59,37742,197,6 days,14 days,Out of Stock,4.1,Free shipping,Yes,4.6/5,India
Shop_27,Shop_27_P0060,Item_60,39895,413,4 days,30 days,Out of Stock,4.6,10% off,Yes,3.1/5,India
Shop_27,Shop_27_P0061,Item_61,36892,348,2 days,30 days,In Stock,4.0,10% off,Yes,3.2/5,India
Shop_27,Shop_27_P0062,Item_62,39670,212,7 days,30 days,Out of Stock,4.4,10% off,Yes,3.9/5,India
Shop_27,Shop_27_P0063,Item_63,11970,385,3 days,7 days,In Stock,4.1,Free shipping,No,4.2/5,India
Shop_27,Shop_27_P0064,Item_64,47219,584,4 days,30 days,In Stock,3.4,10% off,No,3.7/5,India
Shop_27,Shop_27_P0065,Item_65,48893,371,4 days,30 days,In Stock,4.9,None,No,3.2/5,India
Shop_27,Shop_27_P0066,Item_66,31409,392,4 days,30 days,Out of Stock,3.8,10% off,Yes,3.3/5,India
Shop_27,Shop_27_P0067,Item_67,34224,380,7 days,30 days,In Stock,3.6,10% off,No,3.9/5,India
Shop_27,Shop_27_P0068,Item_68,37142,155,5 days,14 days,In Stock,4.3,Free shipping,No,3.6/5,India
Shop_27,Shop_27_P0069,Item_69,24844,452,5 days,14 days,Out of Stock,4.7,None,No,3.5/5,India
Shop_27,Shop_27_P0070,Item_70,4752,522,1 days,7 days,In Stock,4.2,Free shipping,Yes,4.3/5,India
Shop_27,Shop_27_P0071,Item_71,18591,301,6 days,14 days,Out of Stock,4.3,10% off,No,4.9/5,India
Shop_27,Shop_27_P0072,Item_72,6652,208,7 days,30 days,Out of Stock,3.5,None,Yes,3.7/5,India
Shop_27,Shop_27_P0073,Item_73,17813,448,7 days,30 days,Out of Stock,4.8,10% off,Yes,4.1/5,India
Shop_27,Shop_27_P0074,Item_74,1575,542,5 days,7 days,In Stock,4.7,None,Yes,4.0/5,India
Shop_27,Shop_27_P0075,Item_75,43208,220,6 days,7 days,Out of Stock,4.1,Free shipping,No,4.9/5,India
Shop_27,Shop_27_P0076,Item_76,37332,365,3 days,14 days,In Stock,4.9,10% off,Yes,3.7/5,India
Shop_27,Shop_27_P0077,Item_77,27404,27,7 days,7 days,Out of Stock,3.4,Free shipping,Yes,4.4/5,India
Shop_27,Shop_27_P0078,Item_78,7430,275,7 days,30 days,In Stock,3.3,None,Yes,3.0/5,India
Shop_27,Shop_27_P0079,Item_79,48232,179,7 days,14 days,In Stock,4.5,Free shipping,No,3.2/5,India
Shop_27,Shop_27_P0080,Item_80,15222,43,2 days,7 days,In Stock,3.3,10% off,No,4.8/5,India
Shop_27,Shop_27_P0081,Item_81,17906,523,7 days,14 days,In Stock,4.8,10% off,Yes,3.8/5,India
Shop_27,Shop_27_P0082,Item_82,17274,85,6 days,30 days,In Stock,3.4,None,No,4.4/5,India
Shop_27,Shop_27_P0083,Item_83,25350,569,7 days,30 days,In Stock,4.3,None,Yes,3.7/5,India
Shop_27,Shop_27_P0084,Item_84,12039,654,7 days,30 days,In Stock,3.7,10% off,Yes,4.3/5,India
Shop_27,Shop_27_P0085,Item_85,30654,94,7 days,14 days,In Stock,3.2,10% off,Yes,3.6/5,India
Shop_27,Shop_27_P0086,Item_86,35631,238,1 days,14 days,Out of Stock,4.9,10% off,Yes,4.0/5,India
Shop_27,Shop_27_P0087,Item_87,17301,219,5 days,14 days,Out of Stock,4.0,None,Yes,3.2/5,India
Shop_27,Shop_27_P0088,Item_88,6566,394,1 days,30 days,Out of Stock,4.7,Free shipping,No,3.0/5,India
Shop_27,Shop_27_P0089,Item_89,32125,612,1 days,14 days,Out of Stock,3.7,Free shipping,Yes,4.3/5,India
Shop_27,Shop_27_P0090,Item_90,30916,178,3 days,30 days,Out of Stock,3.5,None,No,3.3/5,India
Shop_27,Shop_27_P0091,Item_91,44761,92,7 days,7 days,In Stock,4.8,None,No,3.4/5,India
Shop_27,Shop_27_P0092,Item_92,21761,657,7 days,14 days,In Stock,3.5,Free shipping,No,4.8/5,India
Shop_27,Shop_27_P0093,Item_93,23239,227,4 days,14 days,Out of Stock,3.3,None,No,4.4/5,India
Shop_27,Shop_27_P0094,Item_94,9154,101,5 days,30 days,Out of Stock,3.6,Free shipping,No,3.6/5,India
Shop_27,Shop_27_P0095,Item_95,44569,524,5 days,30 days,In Stock,4.5,10% off,No,4.9/5,India
Shop_27,Shop_27_P0096,Item_96,4664,49,1 days,14 days,In Stock,3.9,None,Yes,4.5/5,India
Shop_27,Shop_27_P0097,Item_97,17631,641,3 days,30 days,In Stock,3.9,Free shipping,Yes,4.4/5,India
Shop_27,Shop_27_P0098,Item_98,14374,84,3 days,7 days,In Stock,3.9,10% off,Yes,3.2/5,India
Shop_27,Shop_27_P0099,Item_99,35918,517,5 days,7 days,Out of Stock,4.6,Free shipping,Yes,3.5/5,India
Shop_27,Shop_27_P0100,Item_100,12459,219,5 days,14 days,Out of Stock,4.7,Free shipping,Yes,3.6/5,India
Shop_28,Shop_28_P0001,Item_1,5238,569,5 days,14 days,Out of Stock,3.3,Free shipping,No,4.7/5,India
Shop_28,Shop_28_P0002,Item_2,38533,298,4 days,7 days,In Stock,4.9,None,No,3.5/5,India
Shop_28,Shop_28_P0003,Item_3,17178,430,4 days,30 days,In Stock,4.2,None,Yes,3.0/5,India
Shop_28,Shop_28_P0004,Item_4,13024,45,2 days,14 days,Out of Stock,3.6,Free shipping,Yes,3.1/5,India
Shop_28,Shop_28_P0005,Item_5,29070,428,2 days,7 days,Out of Stock,4.6,10% off,Yes,3.0/5,India
Shop_28,Shop_28_P0006,Item_6,24887,617,5 days,14 days,In Stock,3.9,10% off,Yes,3.1/5,India
Shop_28,Shop_28_P0007,Item_7,20528,247,1 days,7 days,In Stock,4.8,10% off,No,4.8/5,India
Shop_28,Shop_28_P0008,Item_8,30669,450,4 days,14 days,In Stock,4.8,None,No,4.5/5,India
Shop_28,Shop_28_P0009,Item_9,45606,674,5 days,14 days,In Stock,4.8,None,Yes,3.8/5,India
Shop_28,Shop_28_P0010,Item_10,12280,34,5 days,14 days,In Stock,4.9,None,No,3.7/5,India
Shop_28,Shop_28_P0011,Item_11,17382,119,6 days,7 days,In Stock,4.2,None,No,4.4/5,India
Shop_28,Shop_28_P0012,Item_12,20137,655,7 days,14 days,In Stock,3.9,None,No,4.7/5,India
Shop_28,Shop_28_P0013,Item_13,11953,221,3 days,30 days,Out of Stock,4.7,10% off,Yes,5.0/5,India
Shop_28,Shop_28_P0014,Item_14,35479,503,5 days,7 days,Out of Stock,3.4,None,No,3.6/5,India
Shop_28,Shop_28_P0015,Item_15,28107,156,5 days,7 days,Out of Stock,4.8,None,No,4.9/5,India
Shop_28,Shop_28_P0016,Item_16,24255,568,3 days,7 days,Out of Stock,4.9,10% off,No,3.1/5,India
Shop_28,Shop_28_P0017,Item_17,4231,71,1 days,14 days,Out of Stock,4.8,10% off,Yes,4.3/5,India
Shop_28,Shop_28_P0018,Item_18,11863,45,7 days,30 days,Out of Stock,3.9,None,Yes,4.3/5,India
Shop_28,Shop_28_P0019,Item_19,48254,73,2 days,30 days,Out of Stock,4.5,Free shipping,Yes,5.0/5,India
Shop_28,Shop_28_P0020,Item_20,47406,397,2 days,14 days,In Stock,3.1,Free shipping,Yes,3.1/5,India
Shop_28,Shop_28_P0021,Item_21,32315,501,3 days,30 days,Out of Stock,4.2,Free shipping,Yes,3.9/5,India
Shop_28,Shop_28_P0022,Item_22,5035,384,5 days,30 days,In Stock,4.7,Free shipping,Yes,3.7/5,India
Shop_28,Shop_28_P0023,Item_23,11668,552,5 days,14 days,Out of Stock,4.1,10% off,Yes,3.2/5,India
Shop_28,Shop_28_P0024,Item_24,18660,466,7 days,30 days,In Stock,4.0,Free shipping,No,4.8/5,India
Shop_28,Shop_28_P0025,Item_25,34744,119,4 days,14 days,Out of Stock,3.1,Free shipping,Yes,3.5/5,India
Shop_28,Shop_28_P0026,Item_26,16943,524,2 days,7 days,Out of Stock,4.0,None,No,4.4/5,India
Shop_28,Shop_28_P0027,Item_27,18637,318,3 days,30 days,Out of Stock,3.8,None,Yes,3.6/5,India
Shop_28,Shop_28_P0028,Item_28,31691,82,3 days,14 days,In Stock,4.0,Free shipping,Yes,4.3/5,India
Shop_28,Shop_28_P0029,Item_29,9396,547,4 days,30 days,Out of Stock,3.9,10% off,No,4.4/5,India
Shop_28,Shop_28_P0030,Item_30,40825,203,7 days,7 days,Out of Stock,3.6,Free shipping,Yes,4.7/5,India
Shop_28,Shop_28_P0031,Item_31,16878,95,2 days,14 days,Out of Stock,4.4,None,Yes,3.1/5,India
Shop_28,Shop_28_P0032,Item_32,17894,655,6 days,7 days,Out of Stock,3.1,Free shipping,Yes,4.4/5,India
Shop_28,Shop_28_P0033,Item_33,11053,663,2 days,30 days,Out of Stock,3.7,Free shipping,Yes,4.3/5,India
Shop_28,Shop_28_P0034,Item_34,1503,523,1 days,30 days,In Stock,3.4,Free shipping,Yes,3.2/5,India
Shop_28,Shop_28_P0035,Item_35,32071,306,7 days,7 days,Out of Stock,3.7,10% off,Yes,4.2/5,India
Shop_28,Shop_28_P0036,Item_36,23248,425,6 days,14 days,In Stock,3.1,Free shipping,No,3.1/5,India
Shop_28,Shop_28_P0037,Item_37,16589,522,1 days,14 days,Out of Stock,3.7,None,Yes,3.8/5,India
Shop_28,Shop_28_P0038,Item_38,41841,467,3 days,30 days,In Stock,3.1,Free shipping,No,4.9/5,India
Shop_28,Shop_28_P0039,Item_39,47768,324,2 days,30 days,In Stock,4.9,10% off,No,4.4/5,India
Shop_28,Shop_28_P0040,Item_40,48410,557,7 days,7 days,In Stock,4.6,10% off,Yes,4.6/5,India
Shop_28,Shop_28_P0041,Item_41,48132,93,7 days,14 days,In Stock,4.9,Free shipping,Yes,3.3/5,India
Shop_28,Shop_28_P0042,Item_42,42947,567,6 days,14 days,Out of Stock,4.1,Free shipping,No,3.6/5,India
Shop_28,Shop_28_P0043,Item_43,5415,99,5 days,7 days,Out of Stock,4.4,Free shipping,Yes,4.2/5,India
Shop_28,Shop_28_P0044,Item_44,38861,305,3 days,30 days,Out of Stock,4.8,10% off,Yes,3.9/5,India
Shop_28,Shop_28_P0045,Item_45,13158,67,1 days,30 days,Out of Stock,4.3,None,Yes,3.2/5,India
Shop_28,Shop_28_P0046,Item_46,11085,573,2 days,30 days,In Stock,3.2,None,Yes,4.7/5,India
Shop_28,Shop_28_P0047,Item_47,46110,99,3 days,14 days,Out of Stock,4.1,Free shipping,Yes,4.1/5,India
Shop_28,Shop_28_P0048,Item_48,731,665,5 days,30 days,Out of Stock,3.1,10% off,Yes,3.8/5,India
Shop_28,Shop_28_P0049,Item_49,24733,202,4 days,7 days,In Stock,4.8,None,No,3.8/5,India
Shop_28,Shop_28_P0050,Item_50,43082,166,5 days,14 days,In Stock,3.0,Free shipping,Yes,3.2/5,India
Shop_28,Shop_28_P0051,Item_51,9282,184,2 days,30 days,Out of Stock,3.9,None,Yes,3.7/5,India
Shop_28,Shop_28_P0052,Item_52,17016,208,3 days,14 days,In Stock,3.2,None,No,3.5/5,India
Shop_28,Shop_28_P0053,Item_53,17590,524,5 days,30 days,In Stock,4.6,Free shipping,Yes,4.6/5,India
Shop_28,Shop_28_P0054,Item_54,36433,670,1 days,14 days,In Stock,3.5,None,No,4.6/5,India
Shop_28,Shop_28_P0055,Item_55,41066,429,3 days,30 days,Out of Stock,3.6,10% off,Yes,4.8/5,India
Shop_28,Shop_28_P0056,Item_56,49289,541,4 days,14 days,Out of Stock,3.3,Free shipping,Yes,3.0/5,India
Shop_28,Shop_28_P0057,Item_57,21765,534,2 days,30 days,In Stock,4.8,Free shipping,No,4.3/5,India
Shop_28,Shop_28_P0058,Item_58,32273,154,2 days,30 days,Out of Stock,3.6,10% off,No,4.1/5,India
Shop_28,Shop_28_P0059,Item_59,6524,557,6 days,30 days,In Stock,3.4,Free shipping,No,3.0/5,India
Shop_28,Shop_28_P0060,Item_60,30252,290,1 days,7 days,Out of Stock,3.6,Free shipping,No,3.8/5,India
Shop_28,Shop_28_P0061,Item_61,36529,664,6 days,14 days,Out of Stock,3.8,Free shipping,Yes,4.4/5,India
Shop_28,Shop_28_P0062,Item_62,35775,525,3 days,30 days,Out of Stock,4.7,None,Yes,4.2/5,India
Shop_28,Shop_28_P0063,Item_63,15403,519,2 days,7 days,Out of Stock,3.7,10% off,Yes,4.2/5,India
Shop_28,Shop_28_P0064,Item_64,46460,166,6 days,30 days,Out of Stock,3.8,None,Yes,4.6/5,India
Shop_28,Shop_28_P0065,Item_65,22379,230,2 days,14 days,Out of Stock,3.6,Free shipping,Yes,4.9/5,India
Shop_28,Shop_28_P0066,Item_66,46161,168,3 days,14 days,In Stock,4.0,None,Yes,4.2/5,India
Shop_28,Shop_28_P0067,Item_67,49982,149,7 days,14 days,In Stock,3.4,None,Yes,3.0/5,India
Shop_28,Shop_28_P0068,Item_68,35621,432,7 days,30 days,Out of Stock,3.6,10% off,No,3.6/5,India
Shop_28,Shop_28_P0069,Item_69,27511,673,2 days,7 days,Out of Stock,4.1,None,Yes,4.9/5,India
Shop_28,Shop_28_P0070,Item_70,3041,335,5 days,14 days,Out of Stock,4.5,Free shipping,Yes,3.1/5,India
Shop_28,Shop_28_P0071,Item_71,2160,92,1 days,7 days,Out of Stock,3.3,Free shipping,Yes,4.9/5,India
Shop_28,Shop_28_P0072,Item_72,32137,598,6 days,14 days,In Stock,4.3,Free shipping,Yes,5.0/5,India
Shop_28,Shop_28_P0073,Item_73,45972,358,3 days,14 days,Out of Stock,5.0,10% off,Yes,4.0/5,India
Shop_28,Shop_28_P0074,Item_74,44161,575,2 days,30 days,In Stock,3.8,None,No,3.8/5,India
Shop_28,Shop_28_P0075,Item_75,28940,157,3 days,7 days,In Stock,3.9,Free shipping,No,3.5/5,India
Shop_28,Shop_28_P0076,Item_76,15095,373,4 days,7 days,In Stock,4.2,Free shipping,No,3.3/5,India
Shop_28,Shop_28_P0077,Item_77,19809,627,5 days,7 days,In Stock,4.7,10% off,No,3.8/5,India
Shop_28,Shop_28_P0078,Item_78,14788,63,6 days,7 days,In Stock,3.9,10% off,No,3.2/5,India
Shop_28,Shop_28_P0079,Item_79,26931,277,1 days,14 days,In Stock,4.5,None,Yes,3.0/5,India
Shop_28,Shop_28_P0080,Item_80,36954,201,1 days,7 days,Out of Stock,4.3,Free shipping,No,3.7/5,India
Shop_28,Shop_28_P0081,Item_81,36486,473,7 days,14 days,Out of Stock,3.4,None,No,3.5/5,India
Shop_28,Shop_28_P0082,Item_82,40834,697,7 days,7 days,Out of Stock,3.8,None,No,4.0/5,India
Shop_28,Shop_28_P0083,Item_83,35373,523,6 days,7 days,Out of Stock,3.8,None,Yes,3.1/5,India
Shop_28,Shop_28_P0084,Item_84,1991,651,4 days,14 days,In Stock,4.4,None,No,3.2/5,India
Shop_28,Shop_28_P0085,Item_85,37916,72,5 days,14 days,In Stock,4.3,Free shipping,No,3.6/5,India
Shop_28,Shop_28_P0086,Item_86,24041,632,1 days,30 days,In Stock,3.9,None,Yes,3.1/5,India
Shop_28,Shop_28_P0087,Item_87,18375,78,1 days,14 days,In Stock,3.3,Free shipping,No,3.4/5,India
Shop_28,Shop_28_P0088,Item_88,47167,214,1 days,7 days,Out of Stock,3.6,None,Yes,3.3/5,India
Shop_28,Shop_28_P0089,Item_89,38273,120,7 days,30 days,Out of Stock,3.7,10% off,Yes,5.0/5,India
Shop_28,Shop_28_P0090,Item_90,7594,655,3 days,14 days,Out of Stock,3.3,Free shipping,No,4.8/5,India
Shop_28,Shop_28_P0091,Item_91,4181,574,2 days,14 days,Out of Stock,4.9,Free shipping,Yes,4.6/5,India
Shop_28,Shop_28_P0092,Item_92,7980,270,7 days,30 days,In Stock,3.4,10% off,Yes,3.1/5,India
Shop_28,Shop_28_P0093,Item_93,33661,485,7 days,30 days,In Stock,4.0,Free shipping,Yes,5.0/5,India
Shop_28,Shop_28_P0094,Item_94,2297,453,7 days,7 days,Out of Stock,4.5,None,No,4.9/5,India
Shop_28,Shop_28_P0095,Item_95,48471,56,7 days,7 days,In Stock,3.6,None,Yes,5.0/5,India
Shop_28,Shop_28_P0096,Item_96,8615,437,6 days,30 days,In Stock,4.1,Free shipping,No,4.6/5,India
Shop_28,Shop_28_P0097,Item_97,19304,303,3 days,30 days,In Stock,4.8,Free shipping,Yes,4.9/5,India
Shop_28,Shop_28_P0098,Item_98,38201,566,5 days,7 days,In Stock,4.3,Free shipping,No,4.5/5,India
Shop_28,Shop_28_P0099,Item_99,10488,689,6 days,30 days,In Stock,3.6,10% off,Yes,3.8/5,India
Shop_28,Shop_28_P0100,Item_100,17719,214,2 days,30 days,Out of Stock,3.1,10% off,No,4.7/5,India
Shop_29,Shop_29_P0001,Item_1,18620,653,5 days,14 days,In Stock,3.3,10% off,Yes,3.9/5,India
Shop_29,Shop_29_P0002,Item_2,30270,179,7 days,7 days,In Stock,3.2,None,No,3.2/5,India
Shop_29,Shop_29_P0003,Item_3,46659,399,2 days,14 days,Out of Stock,3.2,Free shipping,Yes,4.6/5,India
Shop_29,Shop_29_P0004,Item_4,42492,182,5 days,7 days,Out of Stock,4.4,None,Yes,4.3/5,India
Shop_29,Shop_29_P0005,Item_5,35249,372,7 days,30 days,In Stock,4.2,10% off,Yes,5.0/5,India
Shop_29,Shop_29_P0006,Item_6,36931,366,6 days,14 days,In Stock,3.6,Free shipping,No,3.2/5,India
Shop_29,Shop_29_P0007,Item_7,44269,683,3 days,30 days,In Stock,3.5,None,No,4.7/5,India
Shop_29,Shop_29_P0008,Item_8,13080,423,3 days,30 days,In Stock,3.7,None,Yes,4.3/5,India
Shop_29,Shop_29_P0009,Item_9,7220,426,5 days,30 days,Out of Stock,4.9,None,No,3.3/5,India
Shop_29,Shop_29_P0010,Item_10,11825,237,7 days,14 days,Out of Stock,4.4,Free shipping,No,4.0/5,India
Shop_29,Shop_29_P0011,Item_11,24016,583,6 days,14 days,Out of Stock,3.0,Free shipping,No,3.6/5,India
Shop_29,Shop_29_P0012,Item_12,19297,132,5 days,30 days,In Stock,4.9,Free shipping,No,4.7/5,India
Shop_29,Shop_29_P0013,Item_13,17090,168,5 days,30 days,In Stock,4.0,None,Yes,3.8/5,India
Shop_29,Shop_29_P0014,Item_14,6957,57,3 days,30 days,Out of Stock,4.5,10% off,No,4.9/5,India
Shop_29,Shop_29_P0015,Item_15,3578,498,7 days,30 days,Out of Stock,3.2,Free shipping,Yes,4.6/5,India
Shop_29,Shop_29_P0016,Item_16,36953,623,4 days,30 days,Out of Stock,4.9,Free shipping,Yes,4.3/5,India
Shop_29,Shop_29_P0017,Item_17,34907,68,4 days,30 days,In Stock,3.8,Free shipping,Yes,4.8/5,India
Shop_29,Shop_29_P0018,Item_18,1123,533,5 days,7 days,Out of Stock,4.8,10% off,No,4.0/5,India
Shop_29,Shop_29_P0019,Item_19,19936,289,6 days,30 days,Out of Stock,4.6,Free shipping,Yes,3.8/5,India
Shop_29,Shop_29_P0020,Item_20,48467,347,6 days,30 days,In Stock,4.6,None,No,4.6/5,India
Shop_29,Shop_29_P0021,Item_21,26776,267,6 days,30 days,In Stock,3.4,None,No,4.8/5,India
Shop_29,Shop_29_P0022,Item_22,13577,201,1 days,30 days,Out of Stock,3.5,None,Yes,3.3/5,India
Shop_29,Shop_29_P0023,Item_23,7819,154,5 days,7 days,Out of Stock,4.8,Free shipping,Yes,3.4/5,India
Shop_29,Shop_29_P0024,Item_24,4746,661,1 days,30 days,Out of Stock,3.5,Free shipping,No,4.5/5,India
Shop_29,Shop_29_P0025,Item_25,49926,324,2 days,30 days,In Stock,3.3,None,Yes,3.1/5,India
Shop_29,Shop_29_P0026,Item_26,2008,149,7 days,14 days,In Stock,3.3,Free shipping,No,4.8/5,India
Shop_29,Shop_29_P0027,Item_27,20676,315,1 days,14 days,Out of Stock,3.2,10% off,No,4.0/5,India
Shop_29,Shop_29_P0028,Item_28,29806,380,5 days,14 days,In Stock,4.3,Free shipping,No,4.4/5,India
Shop_29,Shop_29_P0029,Item_29,35663,416,4 days,14 days,Out of Stock,3.6,Free shipping,Yes,4.8/5,India
Shop_29,Shop_29_P0030,Item_30,7172,35,4 days,30 days,Out of Stock,4.7,10% off,Yes,3.5/5,India
Shop_29,Shop_29_P0031,Item_31,36231,660,2 days,7 days,In Stock,4.6,None,Yes,3.2/5,India
Shop_29,Shop_29_P0032,Item_32,8503,267,4 days,30 days,In Stock,3.8,None,Yes,3.3/5,India
Shop_29,Shop_29_P0033,Item_33,4178,100,7 days,30 days,In Stock,3.0,None,Yes,4.5/5,India
Shop_29,Shop_29_P0034,Item_34,39596,317,1 days,7 days,Out of Stock,3.3,10% off,No,4.3/5,India
Shop_29,Shop_29_P0035,Item_35,40654,166,6 days,30 days,Out of Stock,4.9,Free shipping,Yes,3.0/5,India
Shop_29,Shop_29_P0036,Item_36,29367,434,1 days,30 days,In Stock,3.4,None,No,4.3/5,India
Shop_29,Shop_29_P0037,Item_37,32506,449,7 days,30 days,Out of Stock,4.9,Free shipping,No,4.8/5,India
Shop_29,Shop_29_P0038,Item_38,35146,309,5 days,7 days,In Stock,4.8,10% off,Yes,3.7/5,India
Shop_29,Shop_29_P0039,Item_39,10120,166,3 days,14 days,Out of Stock,3.4,10% off,No,4.5/5,India
Shop_29,Shop_29_P0040,Item_40,10363,660,5 days,14 days,Out of Stock,4.2,None,Yes,4.5/5,India
Shop_29,Shop_29_P0041,Item_41,25917,652,5 days,30 days,In Stock,3.5,Free shipping,No,4.5/5,India
Shop_29,Shop_29_P0042,Item_42,36089,490,1 days,14 days,In Stock,4.8,10% off,Yes,3.9/5,India
Shop_29,Shop_29_P0043,Item_43,5914,178,1 days,14 days,Out of Stock,3.3,Free shipping,Yes,4.5/5,India
Shop_29,Shop_29_P0044,Item_44,43957,492,3 days,7 days,In Stock,3.5,10% off,Yes,4.6/5,India
Shop_29,Shop_29_P0045,Item_45,29267,481,7 days,30 days,Out of Stock,3.4,None,Yes,3.9/5,India
Shop_29,Shop_29_P0046,Item_46,10936,337,7 days,30 days,Out of Stock,4.5,10% off,No,3.9/5,India
Shop_29,Shop_29_P0047,Item_47,14369,507,5 days,30 days,In Stock,4.4,10% off,Yes,3.1/5,India
Shop_29,Shop_29_P0048,Item_48,27752,71,7 days,14 days,Out of Stock,3.8,Free shipping,No,3.7/5,India
Shop_29,Shop_29_P0049,Item_49,18616,41,4 days,14 days,Out of Stock,4.0,10% off,Yes,4.8/5,India
Shop_29,Shop_29_P0050,Item_50,49256,661,4 days,14 days,In Stock,3.1,None,No,3.1/5,India
Shop_29,Shop_29_P0051,Item_51,15673,698,3 days,30 days,In Stock,4.9,None,Yes,3.3/5,India
Shop_29,Shop_29_P0052,Item_52,23003,301,4 days,30 days,Out of Stock,3.9,10% off,No,3.3/5,India
Shop_29,Shop_29_P0053,Item_53,42126,59,7 days,30 days,In Stock,3.8,None,Yes,4.2/5,India
Shop_29,Shop_29_P0054,Item_54,19771,469,3 days,30 days,Out of Stock,4.1,Free shipping,Yes,3.7/5,India
Shop_29,Shop_29_P0055,Item_55,14134,295,2 days,14 days,In Stock,4.4,Free shipping,No,3.3/5,India
Shop_29,Shop_29_P0056,Item_56,11900,634,6 days,14 days,Out of Stock,4.9,10% off,Yes,4.5/5,India
Shop_29,Shop_29_P0057,Item_57,18445,512,2 days,7 days,Out of Stock,3.4,10% off,No,3.4/5,India
Shop_29,Shop_29_P0058,Item_58,3856,435,7 days,14 days,Out of Stock,3.7,None,Yes,3.7/5,India
Shop_29,Shop_29_P0059,Item_59,45767,585,7 days,30 days,In Stock,3.6,10% off,No,4.4/5,India
Shop_29,Shop_29_P0060,Item_60,13276,358,5 days,30 days,Out of Stock,4.2,Free shipping,Yes,5.0/5,India
Shop_29,Shop_29_P0061,Item_61,24953,49,1 days,7 days,In Stock,4.8,Free shipping,No,3.5/5,India
Shop_29,Shop_29_P0062,Item_62,49263,317,3 days,30 days,Out of Stock,4.4,None,Yes,4.5/5,India
Shop_29,Shop_29_P0063,Item_63,20695,199,4 days,7 days,Out of Stock,4.4,10% off,No,3.5/5,India
Shop_29,Shop_29_P0064,Item_64,32793,445,1 days,30 days,Out of Stock,3.7,Free shipping,No,3.3/5,India
Shop_29,Shop_29_P0065,Item_65,39128,625,5 days,7 days,Out of Stock,4.4,None,Yes,3.3/5,India
Shop_29,Shop_29_P0066,Item_66,18842,59,5 days,7 days,In Stock,4.0,None,Yes,3.6/5,India
Shop_29,Shop_29_P0067,Item_67,38923,398,5 days,14 days,In Stock,4.7,10% off,Yes,4.2/5,India
Shop_29,Shop_29_P0068,Item_68,7347,90,4 days,30 days,Out of Stock,3.5,10% off,Yes,4.5/5,India
Shop_29,Shop_29_P0069,Item_69,42572,332,1 days,14 days,In Stock,4.0,Free shipping,No,4.4/5,India
Shop_29,Shop_29_P0070,Item_70,8573,366,3 days,30 days,In Stock,4.7,None,Yes,4.9/5,India
Shop_29,Shop_29_P0071,Item_71,29101,631,2 days,7 days,Out of Stock,4.1,10% off,Yes,4.0/5,India
Shop_29,Shop_29_P0072,Item_72,9826,592,2 days,7 days,In Stock,4.6,10% off,Yes,4.1/5,India
Shop_29,Shop_29_P0073,Item_73,22538,599,1 days,14 days,Out of Stock,4.5,None,No,3.9/5,India
Shop_29,Shop_29_P0074,Item_74,24785,518,6 days,7 days,Out of Stock,4.2,None,No,4.0/5,India
Shop_29,Shop_29_P0075,Item_75,49028,667,1 days,14 days,In Stock,3.4,None,Yes,4.7/5,India
Shop_29,Shop_29_P0076,Item_76,43152,531,1 days,7 days,In Stock,4.0,10% off,No,4.4/5,India
Shop_29,Shop_29_P0077,Item_77,44466,185,7 days,30 days,In Stock,3.9,10% off,No,3.6/5,India
Shop_29,Shop_29_P0078,Item_78,37749,690,3 days,14 days,In Stock,3.5,Free shipping,Yes,3.7/5,India
Shop_29,Shop_29_P0079,Item_79,47272,119,6 days,30 days,Out of Stock,3.9,10% off,Yes,4.4/5,India
Shop_29,Shop_29_P0080,Item_80,10372,77,4 days,7 days,Out of Stock,3.6,10% off,Yes,4.4/5,India
Shop_29,Shop_29_P0081,Item_81,10718,31,3 days,7 days,In Stock,4.2,10% off,Yes,3.3/5,India
Shop_29,Shop_29_P0082,Item_82,37298,430,6 days,14 days,In Stock,3.7,10% off,Yes,4.5/5,India
Shop_29,Shop_29_P0083,Item_83,28499,581,4 days,30 days,Out of Stock,3.5,10% off,Yes,4.8/5,India
Shop_29,Shop_29_P0084,Item_84,17888,311,2 days,7 days,Out of Stock,4.2,None,Yes,4.9/5,India
Shop_29,Shop_29_P0085,Item_85,26637,259,7 days,30 days,In Stock,4.2,Free shipping,No,4.9/5,India
Shop_29,Shop_29_P0086,Item_86,27376,271,6 days,30 days,In Stock,4.4,None,No,3.6/5,India
Shop_29,Shop_29_P0087,Item_87,30781,664,2 days,30 days,Out of Stock,3.4,10% off,No,4.4/5,India
Shop_29,Shop_29_P0088,Item_88,13740,642,1 days,14 days,Out of Stock,4.1,Free shipping,Yes,4.4/5,India
Shop_29,Shop_29_P0089,Item_89,2889,358,6 days,14 days,In Stock,4.8,None,Yes,3.1/5,India
Shop_29,Shop_29_P0090,Item_90,43064,653,2 days,30 days,In Stock,3.9,10% off,Yes,3.3/5,India
Shop_29,Shop_29_P0091,Item_91,37207,266,7 days,30 days,Out of Stock,4.5,None,No,4.3/5,India
Shop_29,Shop_29_P0092,Item_92,3827,657,6 days,14 days,In Stock,3.2,None,No,3.1/5,India
Shop_29,Shop_29_P0093,Item_93,29344,674,7 days,30 days,In Stock,3.5,Free shipping,Yes,4.8/5,India
Shop_29,Shop_29_P0094,Item_94,16757,237,3 days,7 days,In Stock,3.4,Free shipping,No,3.5/5,India
Shop_29,Shop_29_P0095,Item_95,47100,448,4 days,7 days,In Stock,3.8,Free shipping,No,3.4/5,India
Shop_29,Shop_29_P0096,Item_96,5374,696,1 days,14 days,Out of Stock,4.6,None,Yes,4.7/5,India
Shop_29,Shop_29_P0097,Item_97,19839,476,4 days,7 days,Out of Stock,3.6,None,No,4.5/5,India
Shop_29,Shop_29_P0098,Item_98,1254,110,1 days,14 days,In Stock,3.2,10% off,No,4.6/5,India
Shop_29,Shop_29_P0099,Item_99,42150,461,7 days,7 days,In Stock,3.7,10% off,No,4.2/5,India
Shop_29,Shop_29_P0100,Item_100,34997,516,7 days,7 days,In Stock,4.9,10% off,Yes,4.2/5,India
Shop_30,Shop_30_P0001,Item_1,45859,364,4 days,14 days,Out of Stock,3.1,10% off,No,3.7/5,India
Shop_30,Shop_30_P0002,Item_2,940,391,1 days,30 days,In Stock,3.7,Free shipping,Yes,3.3/5,India
Shop_30,Shop_30_P0003,Item_3,27291,369,3 days,14 days,Out of Stock,3.2,Free shipping,Yes,3.7/5,India
Shop_30,Shop_30_P0004,Item_4,48814,299,7 days,7 days,In Stock,3.3,None,Yes,3.1/5,India
Shop_30,Shop_30_P0005,Item_5,35859,144,2 days,30 days,Out of Stock,3.5,Free shipping,No,3.3/5,India
Shop_30,Shop_30_P0006,Item_6,43212,473,4 days,30 days,In Stock,3.1,10% off,No,4.3/5,India
Shop_30,Shop_30_P0007,Item_7,4038,367,3 days,30 days,Out of Stock,3.9,10% off,No,3.4/5,India
Shop_30,Shop_30_P0008,Item_8,3779,105,1 days,7 days,In Stock,3.1,10% off,Yes,4.6/5,India
Shop_30,Shop_30_P0009,Item_9,48670,200,6 days,14 days,Out of Stock,4.6,Free shipping,No,4.1/5,India
Shop_30,Shop_30_P0010,Item_10,17853,281,6 days,7 days,In Stock,4.7,None,No,4.5/5,India
Shop_30,Shop_30_P0011,Item_11,19326,681,3 days,30 days,In Stock,3.3,10% off,Yes,3.9/5,India
Shop_30,Shop_30_P0012,Item_12,35580,251,6 days,7 days,In Stock,3.3,10% off,Yes,3.7/5,India
Shop_30,Shop_30_P0013,Item_13,32439,27,7 days,7 days,In Stock,4.2,None,No,3.3/5,India
Shop_30,Shop_30_P0014,Item_14,42189,76,2 days,30 days,Out of Stock,3.5,Free shipping,Yes,4.8/5,India
Shop_30,Shop_30_P0015,Item_15,28280,45,1 days,30 days,Out of Stock,3.2,None,No,3.1/5,India
Shop_30,Shop_30_P0016,Item_16,19197,113,4 days,14 days,In Stock,4.9,10% off,No,4.9/5,India
Shop_30,Shop_30_P0017,Item_17,6785,75,3 days,7 days,In Stock,4.9,10% off,Yes,3.4/5,India
Shop_30,Shop_30_P0018,Item_18,24192,229,4 days,14 days,In Stock,4.7,10% off,No,3.0/5,India
Shop_30,Shop_30_P0019,Item_19,4355,165,7 days,14 days,In Stock,3.2,Free shipping,Yes,4.2/5,India
Shop_30,Shop_30_P0020,Item_20,32253,514,1 days,30 days,In Stock,4.2,Free shipping,Yes,3.7/5,India
Shop_30,Shop_30_P0021,Item_21,38744,623,3 days,30 days,In Stock,4.1,None,No,4.9/5,India
Shop_30,Shop_30_P0022,Item_22,29134,229,2 days,14 days,In Stock,4.3,None,No,4.4/5,India
Shop_30,Shop_30_P0023,Item_23,2084,642,3 days,7 days,Out of Stock,4.1,None,Yes,3.1/5,India
Shop_30,Shop_30_P0024,Item_24,39939,35,1 days,7 days,In Stock,4.2,None,Yes,3.6/5,India
Shop_30,Shop_30_P0025,Item_25,40333,646,4 days,14 days,Out of Stock,3.5,10% off,No,3.1/5,India
Shop_30,Shop_30_P0026,Item_26,5251,410,4 days,14 days,Out of Stock,3.6,None,No,4.7/5,India
Shop_30,Shop_30_P0027,Item_27,47035,216,6 days,14 days,In Stock,4.7,10% off,Yes,3.6/5,India
Shop_30,Shop_30_P0028,Item_28,35856,46,6 days,30 days,In Stock,3.2,Free shipping,Yes,4.8/5,India
Shop_30,Shop_30_P0029,Item_29,33167,159,2 days,14 days,In Stock,4.0,Free shipping,Yes,4.2/5,India
Shop_30,Shop_30_P0030,Item_30,46993,268,1 days,7 days,In Stock,3.6,None,No,4.3/5,India
Shop_30,Shop_30_P0031,Item_31,8966,150,1 days,30 days,In Stock,4.6,None,No,3.4/5,India
Shop_30,Shop_30_P0032,Item_32,46161,662,2 days,14 days,Out of Stock,4.5,Free shipping,Yes,4.2/5,India
Shop_30,Shop_30_P0033,Item_33,42427,307,4 days,14 days,Out of Stock,3.6,Free shipping,Yes,4.1/5,India
Shop_30,Shop_30_P0034,Item_34,7660,273,3 days,14 days,Out of Stock,3.7,None,Yes,4.2/5,India
Shop_30,Shop_30_P0035,Item_35,25573,182,3 days,7 days,Out of Stock,3.0,10% off,Yes,3.9/5,India
Shop_30,Shop_30_P0036,Item_36,39295,227,5 days,30 days,Out of Stock,4.5,10% off,Yes,4.3/5,India
Shop_30,Shop_30_P0037,Item_37,24260,584,5 days,30 days,Out of Stock,3.5,10% off,No,3.2/5,India
Shop_30,Shop_30_P0038,Item_38,18728,84,6 days,30 days,In Stock,4.1,10% off,No,4.0/5,India
Shop_30,Shop_30_P0039,Item_39,1471,194,5 days,14 days,Out of Stock,3.0,None,No,3.2/5,India
Shop_30,Shop_30_P0040,Item_40,43991,577,7 days,30 days,Out of Stock,4.8,Free shipping,Yes,4.8/5,India
Shop_30,Shop_30_P0041,Item_41,32613,359,1 days,14 days,Out of Stock,3.4,None,Yes,3.7/5,India
Shop_30,Shop_30_P0042,Item_42,3695,402,1 days,7 days,In Stock,3.2,10% off,Yes,4.2/5,India
Shop_30,Shop_30_P0043,Item_43,4064,138,7 days,14 days,Out of Stock,4.9,Free shipping,No,3.9/5,India
Shop_30,Shop_30_P0044,Item_44,24870,273,1 days,30 days,In Stock,3.2,None,Yes,4.4/5,India
Shop_30,Shop_30_P0045,Item_45,36631,289,6 days,14 days,In Stock,4.8,10% off,No,4.8/5,India
Shop_30,Shop_30_P0046,Item_46,4454,90,7 days,30 days,Out of Stock,4.0,None,No,4.0/5,India
Shop_30,Shop_30_P0047,Item_47,19518,519,3 days,7 days,Out of Stock,3.1,Free shipping,No,3.2/5,India
Shop_30,Shop_30_P0048,Item_48,27360,398,7 days,14 days,Out of Stock,3.6,10% off,No,5.0/5,India
Shop_30,Shop_30_P0049,Item_49,13639,555,6 days,14 days,Out of Stock,4.1,Free shipping,Yes,3.7/5,India
Shop_30,Shop_30_P0050,Item_50,48555,281,5 days,14 days,In Stock,4.2,Free shipping,No,4.0/5,India
Shop_30,Shop_30_P0051,Item_51,1175,75,7 days,7 days,Out of Stock,4.8,Free shipping,No,3.2/5,India
Shop_30,Shop_30_P0052,Item_52,48243,685,5 days,7 days,In Stock,4.4,Free shipping,No,3.7/5,India
Shop_30,Shop_30_P0053,Item_53,40935,604,7 days,14 days,In Stock,5.0,Free shipping,Yes,4.5/5,India
Shop_30,Shop_30_P0054,Item_54,32158,300,6 days,7 days,Out of Stock,4.5,Free shipping,Yes,4.4/5,India
Shop_30,Shop_30_P0055,Item_55,30810,425,6 days,30 days,Out of Stock,4.9,10% off,No,3.6/5,India
Shop_30,Shop_30_P0056,Item_56,38811,145,3 days,14 days,Out of Stock,4.8,10% off,Yes,3.2/5,India
Shop_30,Shop_30_P0057,Item_57,10563,260,2 days,30 days,Out of Stock,4.1,Free shipping,No,3.6/5,India
Shop_30,Shop_30_P0058,Item_58,45790,608,2 days,14 days,Out of Stock,3.8,Free shipping,Yes,4.8/5,India
Shop_30,Shop_30_P0059,Item_59,15911,631,3 days,30 days,Out of Stock,4.2,None,No,4.0/5,India
Shop_30,Shop_30_P0060,Item_60,28356,347,2 days,30 days,In Stock,3.7,None,Yes,4.1/5,India
Shop_30,Shop_30_P0061,Item_61,15464,611,5 days,14 days,Out of Stock,3.0,None,No,3.0/5,India
Shop_30,Shop_30_P0062,Item_62,3024,541,3 days,7 days,In Stock,3.3,10% off,Yes,3.8/5,India
Shop_30,Shop_30_P0063,Item_63,2632,553,5 days,14 days,In Stock,3.9,10% off,Yes,3.7/5,India
Shop_30,Shop_30_P0064,Item_64,42215,362,7 days,14 days,In Stock,3.5,Free shipping,No,3.2/5,India
Shop_30,Shop_30_P0065,Item_65,35023,530,3 days,30 days,In Stock,4.4,Free shipping,No,4.2/5,India
Shop_30,Shop_30_P0066,Item_66,39439,491,1 days,7 days,In Stock,4.5,Free shipping,Yes,3.1/5,India
Shop_30,Shop_30_P0067,Item_67,47075,241,1 days,7 days,Out of Stock,3.4,10% off,Yes,4.4/5,India
Shop_30,Shop_30_P0068,Item_68,35383,123,3 days,14 days,Out of Stock,4.6,None,Yes,4.4/5,India
Shop_30,Shop_30_P0069,Item_69,22973,602,1 days,7 days,In Stock,3.1,Free shipping,No,4.7/5,India
Shop_30,Shop_30_P0070,Item_70,22311,132,6 days,30 days,Out of Stock,3.3,None,No,4.3/5,India
Shop_30,Shop_30_P0071,Item_71,25532,411,7 days,7 days,In Stock,3.9,None,No,3.1/5,India
Shop_30,Shop_30_P0072,Item_72,2884,384,5 days,30 days,In Stock,4.8,None,Yes,4.0/5,India
Shop_30,Shop_30_P0073,Item_73,11215,311,5 days,30 days,In Stock,4.9,None,Yes,3.7/5,India
Shop_30,Shop_30_P0074,Item_74,20906,339,7 days,14 days,Out of Stock,3.1,None,Yes,4.0/5,India
Shop_30,Shop_30_P0075,Item_75,2791,698,6 days,30 days,Out of Stock,3.9,None,No,3.0/5,India
Shop_30,Shop_30_P0076,Item_76,1593,587,4 days,30 days,Out of Stock,4.7,Free shipping,Yes,4.1/5,India
Shop_30,Shop_30_P0077,Item_77,15401,192,6 days,14 days,In Stock,4.3,Free shipping,No,4.0/5,India
Shop_30,Shop_30_P0078,Item_78,14467,103,2 days,30 days,Out of Stock,3.3,10% off,No,4.3/5,India
Shop_30,Shop_30_P0079,Item_79,39655,540,1 days,7 days,Out of Stock,3.1,10% off,Yes,4.9/5,India
Shop_30,Shop_30_P0080,Item_80,31156,497,7 days,7 days,Out of Stock,5.0,Free shipping,No,4.5/5,India
Shop_30,Shop_30_P0081,Item_81,32479,657,1 days,14 days,Out of Stock,4.7,Free shipping,No,4.8/5,India
Shop_30,Shop_30_P0082,Item_82,5349,180,4 days,30 days,In Stock,4.6,None,No,3.2/5,India
Shop_30,Shop_30_P0083,Item_83,45936,469,2 days,30 days,Out of Stock,4.7,Free shipping,No,4.2/5,India
Shop_30,Shop_30_P0084,Item_84,45155,513,3 days,30 days,Out of Stock,3.5,10% off,Yes,3.4/5,India
Shop_30,Shop_30_P0085,Item_85,22938,674,1 days,7 days,In Stock,3.3,None,Yes,5.0/5,India
Shop_30,Shop_30_P0086,Item_86,27501,488,5 days,7 days,Out of Stock,3.1,Free shipping,No,4.8/5,India
Shop_30,Shop_30_P0087,Item_87,13108,254,7 days,30 days,In Stock,4.5,10% off,No,3.2/5,India
Shop_30,Shop_30_P0088,Item_88,18569,658,5 days,14 days,In Stock,3.8,None,Yes,3.3/5,India
Shop_30,Shop_30_P0089,Item_89,7769,20,3 days,7 days,In Stock,3.8,10% off,No,3.4/5,India
Shop_30,Shop_30_P0090,Item_90,31052,561,4 days,7 days,In Stock,4.2,10% off,Yes,3.1/5,India
Shop_30,Shop_30_P0091,Item_91,28951,421,1 days,30 days,Out of Stock,4.9,Free shipping,No,3.3/5,India
Shop_30,Shop_30_P0092,Item_92,4055,472,3 days,7 days,Out of Stock,4.5,10% off,Yes,4.2/5,India
Shop_30,Shop_30_P0093,Item_93,7520,201,4 days,7 days,Out of Stock,4.1,10% off,No,3.6/5,India
Shop_30,Shop_30_P0094,Item_94,11168,537,1 days,7 days,Out of Stock,4.0,Free shipping,Yes,3.7/5,India
Shop_30,Shop_30_P0095,Item_95,38247,600,2 days,14 days,In Stock,3.8,None,Yes,5.0/5,India
Shop_30,Shop_30_P0096,Item_96,38722,639,4 days,7 days,In Stock,4.9,None,No,3.4/5,India
Shop_30,Shop_30_P0097,Item_97,20459,183,1 days,7 days,In Stock,4.6,Free shipping,No,4.5/5,India
Shop_30,Shop_30_P0098,Item_98,37500,184,5 days,30 days,Out of Stock,5.0,10% off,Yes,4.2/5,India
Shop_30,Shop_30_P0099,Item_99,14491,436,4 days,7 days,In Stock,3.4,None,No,4.3/5,India
Shop_30,Shop_30_P0100,Item_100,11410,144,1 days,14 days,In Stock,3.8,None,Yes,3.4/5,India
Shop_31,Shop_31_P0001,Item_1,1291,492,7 days,14 days,In Stock,4.0,10% off,Yes,3.4/5,India
Shop_31,Shop_31_P0002,Item_2,20437,322,6 days,14 days,In Stock,4.3,10% off,Yes,4.6/5,India
Shop_31,Shop_31_P0003,Item_3,36006,175,3 days,7 days,Out of Stock,4.5,None,No,3.5/5,India
Shop_31,Shop_31_P0004,Item_4,13192,363,3 days,30 days,Out of Stock,4.1,Free shipping,Yes,4.7/5,India
Shop_31,Shop_31_P0005,Item_5,26374,348,5 days,14 days,In Stock,3.8,None,No,4.6/5,India
Shop_31,Shop_31_P0006,Item_6,40413,246,7 days,14 days,Out of Stock,3.7,None,Yes,4.2/5,India
Shop_31,Shop_31_P0007,Item_7,10652,288,1 days,14 days,In Stock,3.9,None,No,3.1/5,India
Shop_31,Shop_31_P0008,Item_8,3067,366,4 days,30 days,In Stock,4.7,10% off,Yes,4.9/5,India
Shop_31,Shop_31_P0009,Item_9,31759,163,4 days,14 days,Out of Stock,4.7,None,No,4.6/5,India
Shop_31,Shop_31_P0010,Item_10,47473,397,3 days,14 days,Out of Stock,4.0,None,Yes,3.8/5,India
Shop_31,Shop_31_P0011,Item_11,49719,530,4 days,7 days,In Stock,3.2,None,No,3.9/5,India
Shop_31,Shop_31_P0012,Item_12,8136,380,3 days,14 days,Out of Stock,3.1,None,Yes,4.2/5,India
Shop_31,Shop_31_P0013,Item_13,26305,456,4 days,30 days,Out of Stock,3.3,None,Yes,4.6/5,India
Shop_31,Shop_31_P0014,Item_14,39626,644,7 days,30 days,In Stock,4.9,None,Yes,4.5/5,India
Shop_31,Shop_31_P0015,Item_15,9738,455,7 days,7 days,In Stock,3.0,10% off,No,3.8/5,India
Shop_31,Shop_31_P0016,Item_16,22691,180,5 days,30 days,In Stock,4.9,Free shipping,Yes,4.0/5,India
Shop_31,Shop_31_P0017,Item_17,33444,529,3 days,30 days,Out of Stock,3.4,10% off,Yes,3.4/5,India
Shop_31,Shop_31_P0018,Item_18,4987,74,5 days,14 days,Out of Stock,3.1,None,No,4.9/5,India
Shop_31,Shop_31_P0019,Item_19,14214,418,5 days,7 days,In Stock,4.7,10% off,No,4.9/5,India
Shop_31,Shop_31_P0020,Item_20,40144,417,3 days,14 days,In Stock,4.6,None,Yes,4.8/5,India
Shop_31,Shop_31_P0021,Item_21,5140,195,2 days,14 days,Out of Stock,4.5,Free shipping,No,4.8/5,India
Shop_31,Shop_31_P0022,Item_22,34101,97,3 days,14 days,In Stock,3.5,None,No,4.1/5,India
Shop_31,Shop_31_P0023,Item_23,35117,200,1 days,14 days,In Stock,3.7,None,Yes,4.3/5,India
Shop_31,Shop_31_P0024,Item_24,49647,378,6 days,7 days,Out of Stock,4.2,Free shipping,Yes,3.8/5,India
Shop_31,Shop_31_P0025,Item_25,7995,241,3 days,30 days,In Stock,3.7,Free shipping,Yes,5.0/5,India
Shop_31,Shop_31_P0026,Item_26,5709,454,1 days,30 days,In Stock,3.1,Free shipping,Yes,4.7/5,India
Shop_31,Shop_31_P0027,Item_27,11300,59,4 days,14 days,Out of Stock,4.0,Free shipping,No,3.4/5,India
Shop_31,Shop_31_P0028,Item_28,29463,297,7 days,7 days,In Stock,4.3,None,Yes,3.2/5,India
Shop_31,Shop_31_P0029,Item_29,21969,525,2 days,14 days,Out of Stock,4.0,Free shipping,Yes,4.6/5,India
Shop_31,Shop_31_P0030,Item_30,12179,588,7 days,14 days,In Stock,3.7,Free shipping,Yes,4.9/5,India
Shop_31,Shop_31_P0031,Item_31,24916,147,4 days,7 days,In Stock,4.6,10% off,No,4.3/5,India
Shop_31,Shop_31_P0032,Item_32,35453,146,3 days,7 days,In Stock,4.1,Free shipping,Yes,4.6/5,India
Shop_31,Shop_31_P0033,Item_33,40914,613,7 days,30 days,Out of Stock,3.7,10% off,No,3.6/5,India
Shop_31,Shop_31_P0034,Item_34,24026,675,7 days,30 days,Out of Stock,4.7,10% off,No,3.1/5,India
Shop_31,Shop_31_P0035,Item_35,32863,193,6 days,30 days,In Stock,3.6,Free shipping,Yes,3.5/5,India
Shop_31,Shop_31_P0036,Item_36,10724,359,6 days,7 days,In Stock,4.8,10% off,Yes,4.0/5,India
Shop_31,Shop_31_P0037,Item_37,35939,242,7 days,14 days,In Stock,3.5,None,No,3.4/5,India
Shop_31,Shop_31_P0038,Item_38,38755,123,3 days,7 days,In Stock,4.0,None,No,3.0/5,India
Shop_31,Shop_31_P0039,Item_39,1497,443,7 days,30 days,Out of Stock,3.7,None,Yes,4.7/5,India
Shop_31,Shop_31_P0040,Item_40,6087,312,5 days,7 days,In Stock,4.5,None,Yes,4.3/5,India
Shop_31,Shop_31_P0041,Item_41,43192,337,1 days,14 days,In Stock,4.4,Free shipping,Yes,3.2/5,India
Shop_31,Shop_31_P0042,Item_42,5889,602,1 days,14 days,Out of Stock,4.6,None,Yes,3.0/5,India
Shop_31,Shop_31_P0043,Item_43,7904,452,2 days,14 days,In Stock,4.0,None,Yes,4.9/5,India
Shop_31,Shop_31_P0044,Item_44,24664,651,5 days,7 days,In Stock,3.8,10% off,No,3.0/5,India
Shop_31,Shop_31_P0045,Item_45,47082,529,5 days,30 days,Out of Stock,3.0,None,No,4.1/5,India
Shop_31,Shop_31_P0046,Item_46,9523,339,1 days,14 days,Out of Stock,3.2,Free shipping,Yes,4.8/5,India
Shop_31,Shop_31_P0047,Item_47,614,246,3 days,14 days,Out of Stock,3.4,10% off,Yes,3.8/5,India
Shop_31,Shop_31_P0048,Item_48,39669,37,4 days,30 days,In Stock,4.3,10% off,Yes,3.0/5,India
Shop_31,Shop_31_P0049,Item_49,39690,21,3 days,30 days,Out of Stock,3.4,Free shipping,Yes,3.7/5,India
Shop_31,Shop_31_P0050,Item_50,23345,410,4 days,7 days,In Stock,4.9,10% off,Yes,4.5/5,India
Shop_31,Shop_31_P0051,Item_51,43023,640,1 days,14 days,In Stock,4.0,None,No,4.3/5,India
Shop_31,Shop_31_P0052,Item_52,46983,27,3 days,14 days,In Stock,4.1,None,No,3.9/5,India
Shop_31,Shop_31_P0053,Item_53,2925,240,3 days,7 days,In Stock,3.5,Free shipping,No,4.1/5,India
Shop_31,Shop_31_P0054,Item_54,38939,73,3 days,30 days,In Stock,4.6,None,Yes,4.5/5,India
Shop_31,Shop_31_P0055,Item_55,1944,619,7 days,14 days,In Stock,3.3,None,Yes,3.5/5,India
Shop_31,Shop_31_P0056,Item_56,19071,47,3 days,7 days,Out of Stock,3.6,10% off,Yes,4.9/5,India
Shop_31,Shop_31_P0057,Item_57,31063,486,3 days,30 days,Out of Stock,3.2,None,No,4.7/5,India
Shop_31,Shop_31_P0058,Item_58,36296,668,1 days,7 days,In Stock,3.1,Free shipping,Yes,4.0/5,India
Shop_31,Shop_31_P0059,Item_59,48641,181,4 days,7 days,In Stock,3.8,10% off,No,4.2/5,India
Shop_31,Shop_31_P0060,Item_60,22115,431,6 days,7 days,In Stock,4.2,None,No,4.4/5,India
Shop_31,Shop_31_P0061,Item_61,21030,564,5 days,30 days,Out of Stock,3.5,Free shipping,Yes,4.6/5,India
Shop_31,Shop_31_P0062,Item_62,15144,678,5 days,30 days,In Stock,4.6,10% off,No,4.9/5,India
Shop_31,Shop_31_P0063,Item_63,36202,565,3 days,30 days,Out of Stock,3.7,Free shipping,Yes,3.4/5,India
Shop_31,Shop_31_P0064,Item_64,41452,111,1 days,30 days,Out of Stock,3.9,None,No,4.7/5,India
Shop_31,Shop_31_P0065,Item_65,1837,632,4 days,7 days,Out of Stock,4.3,None,Yes,3.6/5,India
Shop_31,Shop_31_P0066,Item_66,15366,658,4 days,14 days,Out of Stock,4.3,Free shipping,Yes,4.4/5,India
Shop_31,Shop_31_P0067,Item_67,49903,675,2 days,14 days,Out of Stock,4.0,None,No,4.0/5,India
Shop_31,Shop_31_P0068,Item_68,4078,522,1 days,30 days,Out of Stock,4.9,None,Yes,3.7/5,India
Shop_31,Shop_31_P0069,Item_69,18883,242,3 days,7 days,Out of Stock,4.5,None,No,3.5/5,India
Shop_31,Shop_31_P0070,Item_70,45269,626,3 days,30 days,Out of Stock,4.6,None,Yes,3.8/5,India
Shop_31,Shop_31_P0071,Item_71,37155,283,5 days,7 days,In Stock,3.1,Free shipping,Yes,3.6/5,India
Shop_31,Shop_31_P0072,Item_72,48987,538,3 days,30 days,Out of Stock,4.5,None,Yes,4.7/5,India
Shop_31,Shop_31_P0073,Item_73,38077,266,7 days,14 days,In Stock,3.9,10% off,Yes,3.9/5,India
Shop_31,Shop_31_P0074,Item_74,33054,442,2 days,30 days,In Stock,4.1,10% off,Yes,3.6/5,India
Shop_31,Shop_31_P0075,Item_75,6489,343,4 days,14 days,Out of Stock,3.6,10% off,Yes,4.9/5,India
Shop_31,Shop_31_P0076,Item_76,43338,506,2 days,30 days,In Stock,4.1,Free shipping,No,3.8/5,India
Shop_31,Shop_31_P0077,Item_77,36240,166,3 days,30 days,In Stock,3.3,Free shipping,No,3.4/5,India
Shop_31,Shop_31_P0078,Item_78,39014,552,7 days,30 days,In Stock,3.5,10% off,Yes,3.8/5,India
Shop_31,Shop_31_P0079,Item_79,35012,398,3 days,14 days,Out of Stock,4.1,None,Yes,3.9/5,India
Shop_31,Shop_31_P0080,Item_80,9570,499,6 days,14 days,In Stock,4.3,Free shipping,Yes,4.1/5,India
Shop_31,Shop_31_P0081,Item_81,26948,104,2 days,7 days,Out of Stock,4.2,Free shipping,No,4.2/5,India
Shop_31,Shop_31_P0082,Item_82,46055,494,1 days,30 days,In Stock,4.5,Free shipping,No,4.8/5,India
Shop_31,Shop_31_P0083,Item_83,29358,578,5 days,14 days,Out of Stock,4.0,Free shipping,Yes,4.8/5,India
Shop_31,Shop_31_P0084,Item_84,35638,201,6 days,7 days,Out of Stock,3.8,None,Yes,4.6/5,India
Shop_31,Shop_31_P0085,Item_85,44845,426,1 days,14 days,Out of Stock,4.1,10% off,Yes,5.0/5,India
Shop_31,Shop_31_P0086,Item_86,49237,435,4 days,7 days,In Stock,3.5,None,Yes,3.8/5,India
Shop_31,Shop_31_P0087,Item_87,15675,213,2 days,14 days,In Stock,3.0,None,Yes,4.8/5,India
Shop_31,Shop_31_P0088,Item_88,35299,149,1 days,14 days,In Stock,3.3,Free shipping,Yes,3.9/5,India
Shop_31,Shop_31_P0089,Item_89,1940,584,5 days,14 days,In Stock,3.6,10% off,Yes,4.8/5,India
Shop_31,Shop_31_P0090,Item_90,7435,583,2 days,7 days,In Stock,4.8,10% off,Yes,4.1/5,India
Shop_31,Shop_31_P0091,Item_91,38075,615,3 days,14 days,In Stock,3.1,None,Yes,3.8/5,India
Shop_31,Shop_31_P0092,Item_92,41794,176,1 days,14 days,Out of Stock,3.3,None,No,4.3/5,India
Shop_31,Shop_31_P0093,Item_93,25789,117,7 days,7 days,In Stock,4.1,10% off,No,4.5/5,India
Shop_31,Shop_31_P0094,Item_94,14083,621,4 days,7 days,In Stock,4.9,None,No,4.9/5,India
Shop_31,Shop_31_P0095,Item_95,5889,28,6 days,7 days,Out of Stock,3.2,None,No,4.2/5,India
Shop_31,Shop_31_P0096,Item_96,44605,355,2 days,14 days,In Stock,3.7,Free shipping,Yes,3.5/5,India
Shop_31,Shop_31_P0097,Item_97,38361,471,3 days,14 days,In Stock,4.6,None,No,3.5/5,India
Shop_31,Shop_31_P0098,Item_98,33511,243,6 days,14 days,In Stock,3.2,Free shipping,Yes,3.9/5,India
Shop_31,Shop_31_P0099,Item_99,40227,383,2 days,14 days,In Stock,3.5,None,No,3.1/5,India
Shop_31,Shop_31_P0100,Item_100,37566,287,7 days,30 days,In Stock,3.9,10% off,Yes,3.3/5,India
Shop_32,Shop_32_P0001,Item_1,5178,37,3 days,14 days,In Stock,3.2,10% off,Yes,3.1/5,India
Shop_32,Shop_32_P0002,Item_2,36930,644,3 days,7 days,In Stock,3.7,Free shipping,No,3.3/5,India
Shop_32,Shop_32_P0003,Item_3,15774,300,6 days,30 days,In Stock,3.0,Free shipping,No,3.9/5,India
Shop_32,Shop_32_P0004,Item_4,11646,495,4 days,30 days,In Stock,3.1,Free shipping,No,4.1/5,India
Shop_32,Shop_32_P0005,Item_5,45406,631,7 days,7 days,In Stock,4.8,10% off,Yes,4.1/5,India
Shop_32,Shop_32_P0006,Item_6,25848,546,1 days,7 days,Out of Stock,4.1,None,Yes,3.4/5,India
Shop_32,Shop_32_P0007,Item_7,6100,78,7 days,14 days,Out of Stock,3.0,10% off,Yes,4.3/5,India
Shop_32,Shop_32_P0008,Item_8,34608,490,2 days,30 days,In Stock,4.9,10% off,No,4.4/5,India
Shop_32,Shop_32_P0009,Item_9,49118,570,2 days,30 days,In Stock,4.2,Free shipping,Yes,4.3/5,India
Shop_32,Shop_32_P0010,Item_10,3269,95,1 days,7 days,In Stock,3.5,Free shipping,No,3.1/5,India
Shop_32,Shop_32_P0011,Item_11,16278,132,3 days,14 days,In Stock,4.3,10% off,Yes,4.5/5,India
Shop_32,Shop_32_P0012,Item_12,41353,558,6 days,14 days,Out of Stock,3.1,Free shipping,Yes,4.3/5,India
Shop_32,Shop_32_P0013,Item_13,20999,128,7 days,14 days,Out of Stock,4.6,None,No,3.4/5,India
Shop_32,Shop_32_P0014,Item_14,24230,318,3 days,30 days,In Stock,4.7,10% off,Yes,4.3/5,India
Shop_32,Shop_32_P0015,Item_15,49605,442,5 days,30 days,Out of Stock,5.0,Free shipping,No,4.7/5,India
Shop_32,Shop_32_P0016,Item_16,44932,693,5 days,14 days,In Stock,3.2,Free shipping,No,4.1/5,India
Shop_32,Shop_32_P0017,Item_17,18121,419,5 days,30 days,Out of Stock,3.4,Free shipping,Yes,4.7/5,India
Shop_32,Shop_32_P0018,Item_18,20872,564,1 days,30 days,In Stock,4.6,None,No,3.6/5,India
Shop_32,Shop_32_P0019,Item_19,2005,141,2 days,30 days,Out of Stock,4.5,10% off,No,3.9/5,India
Shop_32,Shop_32_P0020,Item_20,7088,52,5 days,7 days,In Stock,3.9,Free shipping,No,3.3/5,India
Shop_32,Shop_32_P0021,Item_21,32447,349,7 days,7 days,Out of Stock,3.1,10% off,No,3.9/5,India
Shop_32,Shop_32_P0022,Item_22,42155,74,2 days,14 days,Out of Stock,4.9,Free shipping,Yes,4.2/5,India
Shop_32,Shop_32_P0023,Item_23,29730,93,6 days,14 days,Out of Stock,3.6,Free shipping,Yes,3.6/5,India
Shop_32,Shop_32_P0024,Item_24,22665,539,6 days,7 days,Out of Stock,3.9,Free shipping,Yes,3.2/5,India
Shop_32,Shop_32_P0025,Item_25,34746,419,1 days,7 days,Out of Stock,3.0,10% off,No,3.4/5,India
Shop_32,Shop_32_P0026,Item_26,20486,264,7 days,7 days,Out of Stock,3.6,Free shipping,Yes,3.1/5,India
Shop_32,Shop_32_P0027,Item_27,7196,301,3 days,7 days,Out of Stock,3.5,Free shipping,No,4.9/5,India
Shop_32,Shop_32_P0028,Item_28,15941,634,7 days,30 days,Out of Stock,3.3,10% off,No,4.3/5,India
Shop_32,Shop_32_P0029,Item_29,40461,185,5 days,30 days,Out of Stock,4.7,None,No,3.3/5,India
Shop_32,Shop_32_P0030,Item_30,31093,217,1 days,30 days,Out of Stock,3.6,Free shipping,Yes,4.4/5,India
Shop_32,Shop_32_P0031,Item_31,8712,341,4 days,7 days,Out of Stock,3.6,10% off,No,3.1/5,India
Shop_32,Shop_32_P0032,Item_32,35707,463,1 days,30 days,In Stock,3.2,None,Yes,4.4/5,India
Shop_32,Shop_32_P0033,Item_33,18012,523,7 days,30 days,Out of Stock,5.0,None,No,3.3/5,India
Shop_32,Shop_32_P0034,Item_34,20463,75,3 days,7 days,Out of Stock,4.2,Free shipping,No,3.5/5,India
Shop_32,Shop_32_P0035,Item_35,8240,174,4 days,30 days,In Stock,4.3,Free shipping,No,3.5/5,India
Shop_32,Shop_32_P0036,Item_36,13410,433,3 days,30 days,In Stock,4.8,10% off,Yes,3.1/5,India
Shop_32,Shop_32_P0037,Item_37,31032,81,5 days,7 days,Out of Stock,3.0,Free shipping,No,3.7/5,India
Shop_32,Shop_32_P0038,Item_38,8267,92,1 days,14 days,In Stock,4.8,Free shipping,No,3.4/5,India
Shop_32,Shop_32_P0039,Item_39,23260,599,1 days,7 days,In Stock,3.7,Free shipping,No,4.2/5,India
Shop_32,Shop_32_P0040,Item_40,20716,540,6 days,30 days,Out of Stock,3.3,10% off,Yes,4.0/5,India
Shop_32,Shop_32_P0041,Item_41,5619,639,3 days,7 days,Out of Stock,3.9,Free shipping,Yes,3.5/5,India
Shop_32,Shop_32_P0042,Item_42,41100,524,7 days,14 days,Out of Stock,3.1,10% off,No,4.8/5,India
Shop_32,Shop_32_P0043,Item_43,37096,401,1 days,30 days,Out of Stock,3.6,Free shipping,No,3.2/5,India
Shop_32,Shop_32_P0044,Item_44,27396,359,4 days,7 days,In Stock,4.6,10% off,Yes,4.2/5,India
Shop_32,Shop_32_P0045,Item_45,45582,295,1 days,30 days,In Stock,3.1,Free shipping,Yes,3.2/5,India
Shop_32,Shop_32_P0046,Item_46,47114,513,6 days,7 days,Out of Stock,4.1,Free shipping,Yes,4.0/5,India
Shop_32,Shop_32_P0047,Item_47,11105,570,4 days,30 days,Out of Stock,4.3,None,No,4.8/5,India
Shop_32,Shop_32_P0048,Item_48,15074,381,7 days,30 days,Out of Stock,3.9,10% off,Yes,4.9/5,India
Shop_32,Shop_32_P0049,Item_49,12187,239,3 days,7 days,Out of Stock,4.2,None,No,3.8/5,India
Shop_32,Shop_32_P0050,Item_50,41470,549,6 days,14 days,In Stock,4.3,10% off,Yes,5.0/5,India
Shop_32,Shop_32_P0051,Item_51,34304,539,6 days,30 days,In Stock,4.9,None,No,4.6/5,India
Shop_32,Shop_32_P0052,Item_52,8758,99,2 days,14 days,In Stock,4.6,Free shipping,No,3.6/5,India
Shop_32,Shop_32_P0053,Item_53,713,265,2 days,7 days,In Stock,3.3,10% off,No,4.5/5,India
Shop_32,Shop_32_P0054,Item_54,27856,423,2 days,7 days,Out of Stock,3.2,Free shipping,Yes,3.0/5,India
Shop_32,Shop_32_P0055,Item_55,43518,399,3 days,7 days,In Stock,3.5,None,No,3.9/5,India
Shop_32,Shop_32_P0056,Item_56,31587,603,6 days,14 days,In Stock,3.7,Free shipping,Yes,3.1/5,India
Shop_32,Shop_32_P0057,Item_57,14239,284,1 days,30 days,In Stock,3.0,Free shipping,Yes,4.3/5,India
Shop_32,Shop_32_P0058,Item_58,44861,263,1 days,30 days,In Stock,3.5,Free shipping,Yes,3.9/5,India
Shop_32,Shop_32_P0059,Item_59,44971,185,4 days,14 days,Out of Stock,3.6,None,No,3.1/5,India
Shop_32,Shop_32_P0060,Item_60,42395,236,4 days,30 days,Out of Stock,4.7,10% off,Yes,4.1/5,India
Shop_32,Shop_32_P0061,Item_61,43347,381,5 days,14 days,Out of Stock,3.0,Free shipping,No,4.5/5,India
Shop_32,Shop_32_P0062,Item_62,39754,657,3 days,14 days,Out of Stock,3.5,Free shipping,No,3.7/5,India
Shop_32,Shop_32_P0063,Item_63,46300,307,7 days,7 days,In Stock,3.1,10% off,No,3.2/5,India
Shop_32,Shop_32_P0064,Item_64,11218,689,1 days,14 days,Out of Stock,3.1,10% off,Yes,4.3/5,India
Shop_32,Shop_32_P0065,Item_65,33514,136,7 days,14 days,Out of Stock,4.8,10% off,Yes,4.0/5,India
Shop_32,Shop_32_P0066,Item_66,36099,635,6 days,14 days,Out of Stock,3.1,Free shipping,Yes,4.6/5,India
Shop_32,Shop_32_P0067,Item_67,20044,28,3 days,14 days,Out of Stock,4.1,10% off,Yes,3.8/5,India
Shop_32,Shop_32_P0068,Item_68,17310,389,7 days,7 days,Out of Stock,3.3,10% off,Yes,3.7/5,India
Shop_32,Shop_32_P0069,Item_69,35677,589,3 days,7 days,Out of Stock,4.7,Free shipping,Yes,4.9/5,India
Shop_32,Shop_32_P0070,Item_70,9520,511,5 days,14 days,In Stock,3.1,None,Yes,3.5/5,India
Shop_32,Shop_32_P0071,Item_71,1617,113,6 days,7 days,Out of Stock,3.7,10% off,Yes,4.6/5,India
Shop_32,Shop_32_P0072,Item_72,47162,376,3 days,30 days,In Stock,4.7,None,Yes,4.1/5,India
Shop_32,Shop_32_P0073,Item_73,28348,668,1 days,7 days,Out of Stock,4.7,Free shipping,Yes,4.3/5,India
Shop_32,Shop_32_P0074,Item_74,27868,373,2 days,30 days,In Stock,4.1,10% off,Yes,3.7/5,India
Shop_32,Shop_32_P0075,Item_75,8608,560,1 days,14 days,Out of Stock,4.9,Free shipping,No,3.3/5,India
Shop_32,Shop_32_P0076,Item_76,28149,445,4 days,7 days,Out of Stock,3.9,10% off,No,4.2/5,India
Shop_32,Shop_32_P0077,Item_77,26187,626,4 days,14 days,Out of Stock,3.9,None,No,4.8/5,India
Shop_32,Shop_32_P0078,Item_78,5610,679,7 days,7 days,Out of Stock,4.6,10% off,Yes,4.5/5,India
Shop_32,Shop_32_P0079,Item_79,1121,488,7 days,7 days,Out of Stock,3.4,10% off,No,3.6/5,India
Shop_32,Shop_32_P0080,Item_80,34096,135,3 days,30 days,Out of Stock,4.5,None,Yes,3.6/5,India
Shop_32,Shop_32_P0081,Item_81,11346,219,3 days,14 days,In Stock,4.6,Free shipping,No,3.5/5,India
Shop_32,Shop_32_P0082,Item_82,16772,428,6 days,7 days,In Stock,3.5,Free shipping,No,3.2/5,India
Shop_32,Shop_32_P0083,Item_83,44590,695,3 days,30 days,In Stock,3.1,10% off,Yes,3.2/5,India
Shop_32,Shop_32_P0084,Item_84,8790,470,5 days,14 days,In Stock,4.6,10% off,Yes,4.7/5,India
Shop_32,Shop_32_P0085,Item_85,13267,313,5 days,7 days,Out of Stock,3.6,Free shipping,No,4.0/5,India
Shop_32,Shop_32_P0086,Item_86,5100,91,3 days,7 days,In Stock,4.0,Free shipping,Yes,3.3/5,India
Shop_32,Shop_32_P0087,Item_87,6419,410,2 days,7 days,In Stock,3.2,None,Yes,4.4/5,India
Shop_32,Shop_32_P0088,Item_88,27574,522,3 days,30 days,Out of Stock,4.3,None,No,4.4/5,India
Shop_32,Shop_32_P0089,Item_89,14222,24,7 days,14 days,Out of Stock,3.8,Free shipping,No,3.6/5,India
Shop_32,Shop_32_P0090,Item_90,29201,176,1 days,7 days,Out of Stock,3.8,None,Yes,4.5/5,India
Shop_32,Shop_32_P0091,Item_91,17907,599,2 days,14 days,Out of Stock,3.4,None,No,3.5/5,India
Shop_32,Shop_32_P0092,Item_92,18057,698,1 days,7 days,Out of Stock,4.8,10% off,No,4.0/5,India
Shop_32,Shop_32_P0093,Item_93,5925,529,5 days,7 days,Out of Stock,3.8,None,Yes,3.8/5,India
Shop_32,Shop_32_P0094,Item_94,22467,565,6 days,14 days,Out of Stock,4.4,None,Yes,4.2/5,India
Shop_32,Shop_32_P0095,Item_95,26254,574,7 days,7 days,Out of Stock,3.5,10% off,No,3.8/5,India
Shop_32,Shop_32_P0096,Item_96,8276,221,3 days,30 days,Out of Stock,4.2,None,No,3.1/5,India
Shop_32,Shop_32_P0097,Item_97,28725,680,3 days,14 days,In Stock,4.1,10% off,Yes,3.1/5,India
Shop_32,Shop_32_P0098,Item_98,48017,670,5 days,14 days,In Stock,3.3,10% off,Yes,3.1/5,India
Shop_32,Shop_32_P0099,Item_99,10386,591,7 days,7 days,Out of Stock,3.8,Free shipping,Yes,4.2/5,India
Shop_32,Shop_32_P0100,Item_100,40436,20,2 days,30 days,In Stock,3.7,10% off,Yes,4.1/5,India
Shop_33,Shop_33_P0001,Item_1,3116,48,4 days,14 days,Out of Stock,3.9,Free shipping,Yes,4.3/5,India
Shop_33,Shop_33_P0002,Item_2,2104,50,2 days,14 days,Out of Stock,3.2,Free shipping,Yes,4.3/5,India
Shop_33,Shop_33_P0003,Item_3,3014,586,3 days,14 days,Out of Stock,3.8,None,No,3.7/5,India
Shop_33,Shop_33_P0004,Item_4,48964,37,1 days,14 days,Out of Stock,4.0,Free shipping,Yes,3.0/5,India
Shop_33,Shop_33_P0005,Item_5,28429,645,6 days,30 days,In Stock,3.6,Free shipping,Yes,3.6/5,India
Shop_33,Shop_33_P0006,Item_6,9797,681,3 days,7 days,Out of Stock,5.0,None,Yes,4.0/5,India
Shop_33,Shop_33_P0007,Item_7,22239,539,7 days,14 days,In Stock,4.8,10% off,Yes,4.6/5,India
Shop_33,Shop_33_P0008,Item_8,47018,445,6 days,30 days,Out of Stock,4.9,10% off,No,4.6/5,India
Shop_33,Shop_33_P0009,Item_9,25899,329,3 days,14 days,In Stock,3.4,Free shipping,Yes,3.4/5,India
Shop_33,Shop_33_P0010,Item_10,39408,672,4 days,7 days,Out of Stock,4.4,Free shipping,Yes,4.3/5,India
Shop_33,Shop_33_P0011,Item_11,17951,201,7 days,14 days,Out of Stock,5.0,Free shipping,No,3.7/5,India
Shop_33,Shop_33_P0012,Item_12,43566,250,2 days,30 days,In Stock,3.9,10% off,Yes,3.8/5,India
Shop_33,Shop_33_P0013,Item_13,8514,205,7 days,30 days,In Stock,4.6,Free shipping,Yes,3.1/5,India
Shop_33,Shop_33_P0014,Item_14,1692,75,2 days,14 days,In Stock,3.6,10% off,No,4.1/5,India
Shop_33,Shop_33_P0015,Item_15,43011,132,5 days,14 days,Out of Stock,4.7,Free shipping,No,3.7/5,India
Shop_33,Shop_33_P0016,Item_16,15736,503,6 days,7 days,Out of Stock,4.0,None,Yes,4.1/5,India
Shop_33,Shop_33_P0017,Item_17,40328,681,1 days,30 days,In Stock,4.5,None,No,3.8/5,India
Shop_33,Shop_33_P0018,Item_18,9985,642,2 days,7 days,In Stock,3.8,None,No,3.7/5,India
Shop_33,Shop_33_P0019,Item_19,45294,317,2 days,7 days,Out of Stock,3.0,None,No,4.7/5,India
Shop_33,Shop_33_P0020,Item_20,34910,450,2 days,7 days,Out of Stock,3.0,10% off,No,4.9/5,India
Shop_33,Shop_33_P0021,Item_21,20873,682,6 days,7 days,Out of Stock,4.4,10% off,Yes,4.2/5,India
Shop_33,Shop_33_P0022,Item_22,21774,142,5 days,14 days,Out of Stock,4.3,10% off,No,4.2/5,India
Shop_33,Shop_33_P0023,Item_23,18938,600,4 days,14 days,In Stock,3.2,Free shipping,No,4.9/5,India
Shop_33,Shop_33_P0024,Item_24,9767,642,3 days,30 days,In Stock,3.3,10% off,No,3.7/5,India
Shop_33,Shop_33_P0025,Item_25,25655,341,3 days,14 days,In Stock,4.2,Free shipping,No,5.0/5,India
Shop_33,Shop_33_P0026,Item_26,31007,595,2 days,30 days,In Stock,3.5,Free shipping,No,3.6/5,India
Shop_33,Shop_33_P0027,Item_27,16663,480,1 days,14 days,Out of Stock,3.9,10% off,No,4.8/5,India
Shop_33,Shop_33_P0028,Item_28,19222,402,4 days,14 days,In Stock,3.7,10% off,Yes,5.0/5,India
Shop_33,Shop_33_P0029,Item_29,45730,381,3 days,7 days,In Stock,4.3,Free shipping,No,4.8/5,India
Shop_33,Shop_33_P0030,Item_30,5925,583,7 days,30 days,In Stock,3.7,10% off,Yes,3.9/5,India
Shop_33,Shop_33_P0031,Item_31,18549,574,4 days,7 days,In Stock,3.5,Free shipping,No,4.7/5,India
Shop_33,Shop_33_P0032,Item_32,34143,24,4 days,7 days,Out of Stock,4.0,10% off,Yes,4.6/5,India
Shop_33,Shop_33_P0033,Item_33,46938,426,1 days,14 days,In Stock,3.5,None,No,3.2/5,India
Shop_33,Shop_33_P0034,Item_34,44758,690,2 days,7 days,In Stock,4.8,10% off,Yes,3.1/5,India
Shop_33,Shop_33_P0035,Item_35,21353,295,6 days,30 days,Out of Stock,3.4,10% off,No,4.9/5,India
Shop_33,Shop_33_P0036,Item_36,49294,647,6 days,7 days,Out of Stock,4.4,Free shipping,No,3.9/5,India
Shop_33,Shop_33_P0037,Item_37,37319,322,5 days,30 days,Out of Stock,3.7,Free shipping,Yes,3.4/5,India
Shop_33,Shop_33_P0038,Item_38,31139,499,1 days,7 days,In Stock,3.5,Free shipping,No,4.0/5,India
Shop_33,Shop_33_P0039,Item_39,39113,133,3 days,30 days,Out of Stock,4.9,Free shipping,Yes,4.2/5,India
Shop_33,Shop_33_P0040,Item_40,500,625,1 days,14 days,In Stock,4.3,Free shipping,Yes,4.2/5,India
Shop_33,Shop_33_P0041,Item_41,32046,358,4 days,14 days,In Stock,3.9,Free shipping,Yes,4.8/5,India
Shop_33,Shop_33_P0042,Item_42,13078,559,3 days,30 days,Out of Stock,3.8,None,No,4.3/5,India
Shop_33,Shop_33_P0043,Item_43,17647,42,2 days,14 days,Out of Stock,4.3,None,Yes,5.0/5,India
Shop_33,Shop_33_P0044,Item_44,6542,151,1 days,30 days,Out of Stock,3.6,Free shipping,Yes,3.7/5,India
Shop_33,Shop_33_P0045,Item_45,37566,410,7 days,30 days,In Stock,3.5,Free shipping,Yes,3.7/5,India
Shop_33,Shop_33_P0046,Item_46,7302,23,4 days,7 days,Out of Stock,3.3,10% off,Yes,3.5/5,India
Shop_33,Shop_33_P0047,Item_47,18081,116,7 days,7 days,In Stock,3.6,10% off,No,3.2/5,India
Shop_33,Shop_33_P0048,Item_48,8479,71,4 days,30 days,Out of Stock,3.0,10% off,No,4.5/5,India
Shop_33,Shop_33_P0049,Item_49,4911,381,2 days,14 days,Out of Stock,4.5,10% off,Yes,4.1/5,India
Shop_33,Shop_33_P0050,Item_50,37179,447,3 days,30 days,Out of Stock,3.1,10% off,Yes,5.0/5,India
Shop_33,Shop_33_P0051,Item_51,19596,600,3 days,14 days,In Stock,3.8,Free shipping,Yes,4.7/5,India
Shop_33,Shop_33_P0052,Item_52,39850,279,3 days,7 days,In Stock,4.2,None,Yes,4.7/5,India
Shop_33,Shop_33_P0053,Item_53,32242,291,4 days,7 days,Out of Stock,3.1,Free shipping,Yes,4.4/5,India
Shop_33,Shop_33_P0054,Item_54,37857,634,2 days,7 days,In Stock,3.7,None,No,3.9/5,India
Shop_33,Shop_33_P0055,Item_55,26911,157,3 days,30 days,Out of Stock,4.0,10% off,No,3.8/5,India
Shop_33,Shop_33_P0056,Item_56,49197,648,1 days,7 days,In Stock,4.0,Free shipping,Yes,3.3/5,India
Shop_33,Shop_33_P0057,Item_57,9470,553,2 days,14 days,In Stock,3.2,None,Yes,4.6/5,India
Shop_33,Shop_33_P0058,Item_58,25332,656,6 days,7 days,In Stock,4.1,None,Yes,3.6/5,India
Shop_33,Shop_33_P0059,Item_59,45890,480,3 days,14 days,Out of Stock,3.3,None,No,4.9/5,India
Shop_33,Shop_33_P0060,Item_60,36610,426,1 days,14 days,In Stock,3.9,None,Yes,3.2/5,India
Shop_33,Shop_33_P0061,Item_61,15358,84,6 days,7 days,In Stock,4.8,10% off,Yes,3.1/5,India
Shop_33,Shop_33_P0062,Item_62,38579,322,4 days,7 days,In Stock,4.6,10% off,No,4.3/5,India
Shop_33,Shop_33_P0063,Item_63,24862,374,5 days,30 days,In Stock,4.7,Free shipping,No,4.6/5,India
Shop_33,Shop_33_P0064,Item_64,25630,503,4 days,7 days,Out of Stock,3.3,Free shipping,No,3.7/5,India
Shop_33,Shop_33_P0065,Item_65,43074,606,5 days,30 days,In Stock,3.7,Free shipping,Yes,4.6/5,India
Shop_33,Shop_33_P0066,Item_66,10027,581,3 days,7 days,Out of Stock,3.6,None,Yes,4.7/5,India
Shop_33,Shop_33_P0067,Item_67,7241,635,1 days,7 days,In Stock,3.8,None,No,4.3/5,India
Shop_33,Shop_33_P0068,Item_68,42925,75,7 days,14 days,Out of Stock,4.0,Free shipping,No,4.2/5,India
Shop_33,Shop_33_P0069,Item_69,15932,249,2 days,14 days,Out of Stock,3.8,10% off,No,3.8/5,India
Shop_33,Shop_33_P0070,Item_70,39262,622,5 days,30 days,In Stock,4.0,Free shipping,No,3.2/5,India
Shop_33,Shop_33_P0071,Item_71,15848,72,7 days,7 days,Out of Stock,4.4,Free shipping,Yes,4.8/5,India
Shop_33,Shop_33_P0072,Item_72,15142,245,7 days,30 days,In Stock,4.9,10% off,Yes,3.2/5,India
Shop_33,Shop_33_P0073,Item_73,26424,332,2 days,7 days,Out of Stock,4.3,10% off,No,3.6/5,India
Shop_33,Shop_33_P0074,Item_74,1545,47,1 days,30 days,Out of Stock,3.6,Free shipping,No,4.3/5,India
Shop_33,Shop_33_P0075,Item_75,49264,544,5 days,7 days,Out of Stock,4.1,10% off,Yes,4.2/5,India
Shop_33,Shop_33_P0076,Item_76,18850,402,4 days,7 days,In Stock,4.5,10% off,No,3.7/5,India
Shop_33,Shop_33_P0077,Item_77,19305,369,1 days,30 days,Out of Stock,3.1,10% off,Yes,3.0/5,India
Shop_33,Shop_33_P0078,Item_78,1556,40,2 days,14 days,In Stock,4.4,10% off,Yes,4.4/5,India
Shop_33,Shop_33_P0079,Item_79,30359,650,7 days,14 days,In Stock,3.3,10% off,Yes,3.1/5,India
Shop_33,Shop_33_P0080,Item_80,49784,557,4 days,7 days,Out of Stock,3.3,Free shipping,Yes,3.3/5,India
Shop_33,Shop_33_P0081,Item_81,30956,632,7 days,7 days,In Stock,4.8,Free shipping,Yes,3.8/5,India
Shop_33,Shop_33_P0082,Item_82,8668,632,1 days,7 days,In Stock,3.7,10% off,No,3.1/5,India
Shop_33,Shop_33_P0083,Item_83,36585,91,5 days,30 days,In Stock,3.6,10% off,Yes,4.3/5,India
Shop_33,Shop_33_P0084,Item_84,29107,448,1 days,14 days,In Stock,4.0,10% off,No,3.6/5,India
Shop_33,Shop_33_P0085,Item_85,26477,360,6 days,14 days,In Stock,3.6,Free shipping,No,3.4/5,India
Shop_33,Shop_33_P0086,Item_86,8813,584,3 days,30 days,In Stock,3.5,Free shipping,Yes,3.5/5,India
Shop_33,Shop_33_P0087,Item_87,6364,578,3 days,14 days,Out of Stock,4.7,None,Yes,3.1/5,India
Shop_33,Shop_33_P0088,Item_88,36258,329,7 days,30 days,Out of Stock,3.3,None,No,4.4/5,India
Shop_33,Shop_33_P0089,Item_89,7536,539,6 days,14 days,Out of Stock,3.2,Free shipping,No,4.0/5,India
Shop_33,Shop_33_P0090,Item_90,526,232,3 days,7 days,In Stock,4.2,Free shipping,Yes,3.4/5,India
Shop_33,Shop_33_P0091,Item_91,22752,58,5 days,7 days,In Stock,4.3,10% off,Yes,4.1/5,India
Shop_33,Shop_33_P0092,Item_92,17021,65,6 days,14 days,In Stock,3.6,None,Yes,3.6/5,India
Shop_33,Shop_33_P0093,Item_93,48786,70,6 days,7 days,Out of Stock,4.8,Free shipping,No,4.5/5,India
Shop_33,Shop_33_P0094,Item_94,2234,621,2 days,30 days,In Stock,3.8,None,No,4.2/5,India
Shop_33,Shop_33_P0095,Item_95,30175,563,5 days,14 days,In Stock,4.3,None,No,4.9/5,India
Shop_33,Shop_33_P0096,Item_96,46586,105,5 days,30 days,In Stock,4.0,None,No,3.2/5,India
Shop_33,Shop_33_P0097,Item_97,15384,561,5 days,7 days,Out of Stock,4.2,Free shipping,No,4.2/5,India
Shop_33,Shop_33_P0098,Item_98,8100,644,4 days,30 days,In Stock,4.5,None,No,4.7/5,India
Shop_33,Shop_33_P0099,Item_99,25016,173,1 days,14 days,In Stock,4.6,10% off,No,3.8/5,India
Shop_33,Shop_33_P0100,Item_100,40166,331,5 days,7 days,Out of Stock,4.6,None,Yes,3.7/5,India
Shop_34,Shop_34_P0001,Item_1,11299,303,2 days,30 days,Out of Stock,4.7,10% off,Yes,3.9/5,India
Shop_34,Shop_34_P0002,Item_2,48075,124,4 days,30 days,In Stock,4.3,None,Yes,3.6/5,India
Shop_34,Shop_34_P0003,Item_3,37876,162,4 days,14 days,In Stock,4.4,Free shipping,No,4.8/5,India
Shop_34,Shop_34_P0004,Item_4,26887,681,2 days,7 days,In Stock,3.1,None,No,3.8/5,India
Shop_34,Shop_34_P0005,Item_5,45540,493,3 days,30 days,In Stock,4.9,10% off,Yes,3.7/5,India
Shop_34,Shop_34_P0006,Item_6,33800,545,1 days,7 days,In Stock,4.2,None,No,4.7/5,India
Shop_34,Shop_34_P0007,Item_7,32513,510,6 days,30 days,In Stock,3.9,10% off,No,4.4/5,India
Shop_34,Shop_34_P0008,Item_8,28859,528,2 days,14 days,Out of Stock,4.5,None,No,4.7/5,India
Shop_34,Shop_34_P0009,Item_9,41056,691,2 days,7 days,Out of Stock,3.8,10% off,Yes,3.2/5,India
Shop_34,Shop_34_P0010,Item_10,2633,376,2 days,30 days,In Stock,4.4,Free shipping,No,4.3/5,India
Shop_34,Shop_34_P0011,Item_11,43364,75,7 days,30 days,In Stock,3.4,Free shipping,Yes,4.9/5,India
Shop_34,Shop_34_P0012,Item_12,1421,298,4 days,7 days,In Stock,4.2,10% off,Yes,3.6/5,India
Shop_34,Shop_34_P0013,Item_13,3672,563,3 days,14 days,Out of Stock,4.9,10% off,No,4.6/5,India
Shop_34,Shop_34_P0014,Item_14,5545,282,6 days,30 days,In Stock,4.1,Free shipping,Yes,4.9/5,India
Shop_34,Shop_34_P0015,Item_15,16876,78,1 days,14 days,Out of Stock,3.7,10% off,No,4.1/5,India
Shop_34,Shop_34_P0016,Item_16,37412,239,5 days,14 days,In Stock,4.4,Free shipping,No,3.6/5,India
Shop_34,Shop_34_P0017,Item_17,43423,92,4 days,7 days,Out of Stock,3.1,10% off,Yes,4.0/5,India
Shop_34,Shop_34_P0018,Item_18,19297,388,2 days,30 days,In Stock,3.4,Free shipping,Yes,4.8/5,India
Shop_34,Shop_34_P0019,Item_19,43070,104,2 days,30 days,In Stock,3.7,Free shipping,Yes,3.7/5,India
Shop_34,Shop_34_P0020,Item_20,9085,679,7 days,30 days,In Stock,3.1,Free shipping,No,3.3/5,India
Shop_34,Shop_34_P0021,Item_21,7670,410,4 days,30 days,In Stock,3.3,10% off,Yes,3.2/5,India
Shop_34,Shop_34_P0022,Item_22,44266,644,7 days,30 days,Out of Stock,3.0,10% off,Yes,3.4/5,India
Shop_34,Shop_34_P0023,Item_23,13353,293,4 days,30 days,Out of Stock,3.8,10% off,No,3.2/5,India
Shop_34,Shop_34_P0024,Item_24,23816,499,4 days,7 days,In Stock,4.3,10% off,No,4.7/5,India
Shop_34,Shop_34_P0025,Item_25,42543,402,1 days,7 days,Out of Stock,4.1,None,No,4.6/5,India
Shop_34,Shop_34_P0026,Item_26,45212,411,6 days,7 days,Out of Stock,4.1,None,Yes,4.6/5,India
Shop_34,Shop_34_P0027,Item_27,27531,180,1 days,30 days,In Stock,4.4,None,Yes,3.8/5,India
Shop_34,Shop_34_P0028,Item_28,33751,344,7 days,14 days,Out of Stock,3.8,10% off,No,4.5/5,India
Shop_34,Shop_34_P0029,Item_29,42945,229,1 days,30 days,Out of Stock,3.8,Free shipping,No,4.1/5,India
Shop_34,Shop_34_P0030,Item_30,6471,561,2 days,30 days,Out of Stock,4.8,None,No,4.3/5,India
Shop_34,Shop_34_P0031,Item_31,30328,474,7 days,14 days,In Stock,4.0,10% off,Yes,3.4/5,India
Shop_34,Shop_34_P0032,Item_32,44831,342,1 days,7 days,In Stock,3.3,None,No,3.0/5,India
Shop_34,Shop_34_P0033,Item_33,10798,525,4 days,7 days,Out of Stock,3.2,Free shipping,Yes,4.1/5,India
Shop_34,Shop_34_P0034,Item_34,33765,499,6 days,7 days,Out of Stock,4.1,None,No,3.5/5,India
Shop_34,Shop_34_P0035,Item_35,21398,72,4 days,14 days,In Stock,4.2,None,Yes,4.0/5,India
Shop_34,Shop_34_P0036,Item_36,29957,308,6 days,30 days,Out of Stock,4.5,10% off,Yes,4.4/5,India
Shop_34,Shop_34_P0037,Item_37,23525,300,3 days,30 days,In Stock,4.4,Free shipping,No,3.5/5,India
Shop_34,Shop_34_P0038,Item_38,25579,69,4 days,30 days,Out of Stock,4.1,10% off,No,4.1/5,India
Shop_34,Shop_34_P0039,Item_39,37436,158,6 days,30 days,In Stock,4.5,None,No,4.1/5,India
Shop_34,Shop_34_P0040,Item_40,38861,462,3 days,30 days,In Stock,4.2,None,No,3.1/5,India
Shop_34,Shop_34_P0041,Item_41,15658,640,4 days,30 days,Out of Stock,3.6,Free shipping,Yes,3.8/5,India
Shop_34,Shop_34_P0042,Item_42,23265,161,2 days,14 days,In Stock,4.2,None,No,4.4/5,India
Shop_34,Shop_34_P0043,Item_43,46127,325,3 days,14 days,Out of Stock,4.4,None,No,4.8/5,India
Shop_34,Shop_34_P0044,Item_44,12615,646,2 days,14 days,In Stock,3.0,None,Yes,3.5/5,India
Shop_34,Shop_34_P0045,Item_45,14953,374,4 days,30 days,Out of Stock,4.2,10% off,Yes,3.1/5,India
Shop_34,Shop_34_P0046,Item_46,9910,123,5 days,14 days,In Stock,3.9,None,No,3.9/5,India
Shop_34,Shop_34_P0047,Item_47,2566,668,2 days,30 days,Out of Stock,3.7,10% off,No,4.4/5,India
Shop_34,Shop_34_P0048,Item_48,12401,560,7 days,7 days,In Stock,3.5,Free shipping,Yes,4.1/5,India
Shop_34,Shop_34_P0049,Item_49,32004,141,3 days,30 days,Out of Stock,3.3,None,Yes,3.7/5,India
Shop_34,Shop_34_P0050,Item_50,14445,667,4 days,14 days,Out of Stock,3.7,10% off,No,3.4/5,India
Shop_34,Shop_34_P0051,Item_51,15088,637,6 days,30 days,Out of Stock,3.3,None,Yes,3.7/5,India
Shop_34,Shop_34_P0052,Item_52,43903,62,3 days,14 days,In Stock,4.3,10% off,Yes,4.0/5,India
Shop_34,Shop_34_P0053,Item_53,7075,587,5 days,14 days,Out of Stock,3.5,None,Yes,4.3/5,India
Shop_34,Shop_34_P0054,Item_54,45451,143,5 days,14 days,In Stock,4.4,Free shipping,Yes,3.6/5,India
Shop_34,Shop_34_P0055,Item_55,35365,161,4 days,30 days,In Stock,3.5,Free shipping,Yes,3.8/5,India
Shop_34,Shop_34_P0056,Item_56,22736,93,2 days,30 days,Out of Stock,3.1,10% off,No,3.2/5,India
Shop_34,Shop_34_P0057,Item_57,29125,341,3 days,7 days,In Stock,3.1,Free shipping,Yes,3.1/5,India
Shop_34,Shop_34_P0058,Item_58,38350,492,6 days,7 days,Out of Stock,4.7,Free shipping,Yes,4.1/5,India
Shop_34,Shop_34_P0059,Item_59,7756,612,3 days,14 days,Out of Stock,4.2,Free shipping,No,4.0/5,India
Shop_34,Shop_34_P0060,Item_60,39915,363,5 days,30 days,Out of Stock,4.4,None,Yes,4.6/5,India
Shop_34,Shop_34_P0061,Item_61,26206,679,4 days,7 days,Out of Stock,4.4,10% off,No,3.3/5,India
Shop_34,Shop_34_P0062,Item_62,33828,103,6 days,14 days,Out of Stock,5.0,Free shipping,No,3.8/5,India
Shop_34,Shop_34_P0063,Item_63,5938,297,5 days,30 days,Out of Stock,4.3,10% off,No,3.1/5,India
Shop_34,Shop_34_P0064,Item_64,48731,275,7 days,30 days,In Stock,4.7,10% off,Yes,4.0/5,India
Shop_34,Shop_34_P0065,Item_65,26063,382,7 days,30 days,In Stock,4.3,None,Yes,3.0/5,India
Shop_34,Shop_34_P0066,Item_66,33182,465,7 days,14 days,In Stock,4.8,10% off,No,4.2/5,India
Shop_34,Shop_34_P0067,Item_67,4049,343,1 days,14 days,In Stock,3.7,10% off,No,4.5/5,India
Shop_34,Shop_34_P0068,Item_68,2501,553,4 days,14 days,Out of Stock,4.3,10% off,Yes,4.6/5,India
Shop_34,Shop_34_P0069,Item_69,13072,96,4 days,30 days,In Stock,4.6,Free shipping,Yes,4.4/5,India
Shop_34,Shop_34_P0070,Item_70,31005,563,6 days,30 days,Out of Stock,3.2,Free shipping,Yes,3.5/5,India
Shop_34,Shop_34_P0071,Item_71,46667,518,6 days,30 days,Out of Stock,3.0,None,Yes,4.1/5,India
Shop_34,Shop_34_P0072,Item_72,11585,180,6 days,14 days,In Stock,4.2,10% off,No,3.1/5,India
Shop_34,Shop_34_P0073,Item_73,10597,632,4 days,7 days,Out of Stock,4.8,10% off,No,4.8/5,India
Shop_34,Shop_34_P0074,Item_74,17771,57,3 days,14 days,In Stock,4.3,10% off,No,4.3/5,India
Shop_34,Shop_34_P0075,Item_75,13987,386,1 days,14 days,Out of Stock,3.0,10% off,No,4.7/5,India
Shop_34,Shop_34_P0076,Item_76,34096,154,1 days,7 days,In Stock,4.2,Free shipping,Yes,3.2/5,India
Shop_34,Shop_34_P0077,Item_77,31180,112,7 days,30 days,In Stock,3.8,Free shipping,Yes,4.9/5,India
Shop_34,Shop_34_P0078,Item_78,43681,629,5 days,30 days,Out of Stock,4.9,Free shipping,Yes,3.2/5,India
Shop_34,Shop_34_P0079,Item_79,40006,242,7 days,7 days,Out of Stock,3.3,Free shipping,Yes,3.2/5,India
Shop_34,Shop_34_P0080,Item_80,42279,331,5 days,7 days,Out of Stock,4.7,10% off,No,4.4/5,India
Shop_34,Shop_34_P0081,Item_81,8866,62,6 days,30 days,In Stock,3.4,None,No,4.3/5,India
Shop_34,Shop_34_P0082,Item_82,43361,319,2 days,30 days,In Stock,4.2,10% off,No,4.1/5,India
Shop_34,Shop_34_P0083,Item_83,5415,556,4 days,7 days,Out of Stock,4.5,10% off,No,3.8/5,India
Shop_34,Shop_34_P0084,Item_84,14995,572,3 days,7 days,In Stock,4.7,Free shipping,No,4.3/5,India
Shop_34,Shop_34_P0085,Item_85,1058,429,7 days,14 days,Out of Stock,4.4,Free shipping,No,4.8/5,India
Shop_34,Shop_34_P0086,Item_86,23349,354,5 days,7 days,Out of Stock,3.7,10% off,No,4.8/5,India
Shop_34,Shop_34_P0087,Item_87,16341,517,7 days,14 days,Out of Stock,3.3,10% off,Yes,4.3/5,India
Shop_34,Shop_34_P0088,Item_88,49963,354,6 days,7 days,In Stock,3.3,10% off,Yes,3.3/5,India
Shop_34,Shop_34_P0089,Item_89,37378,211,4 days,30 days,In Stock,3.5,Free shipping,Yes,4.6/5,India
Shop_34,Shop_34_P0090,Item_90,7162,326,5 days,30 days,Out of Stock,3.3,10% off,Yes,4.4/5,India
Shop_34,Shop_34_P0091,Item_91,23341,183,2 days,30 days,In Stock,3.5,None,Yes,3.9/5,India
Shop_34,Shop_34_P0092,Item_92,35762,98,3 days,30 days,In Stock,3.5,Free shipping,Yes,4.6/5,India
Shop_34,Shop_34_P0093,Item_93,29074,284,7 days,14 days,Out of Stock,3.1,10% off,Yes,3.2/5,India
Shop_34,Shop_34_P0094,Item_94,24879,422,7 days,30 days,In Stock,3.7,10% off,No,4.0/5,India
Shop_34,Shop_34_P0095,Item_95,32427,672,6 days,7 days,Out of Stock,4.2,None,No,3.9/5,India
Shop_34,Shop_34_P0096,Item_96,13253,484,6 days,7 days,Out of Stock,4.5,None,Yes,3.6/5,India
Shop_34,Shop_34_P0097,Item_97,11831,245,2 days,7 days,Out of Stock,3.5,10% off,Yes,4.3/5,India
Shop_34,Shop_34_P0098,Item_98,41284,218,3 days,30 days,In Stock,4.8,None,Yes,3.2/5,India
Shop_34,Shop_34_P0099,Item_99,1975,140,4 days,30 days,Out of Stock,3.6,10% off,Yes,3.9/5,India
Shop_34,Shop_34_P0100,Item_100,38046,256,3 days,30 days,In Stock,3.1,10% off,No,4.6/5,India
Shop_35,Shop_35_P0001,Item_1,49857,628,7 days,30 days,In Stock,3.4,10% off,No,3.2/5,India
Shop_35,Shop_35_P0002,Item_2,6269,425,6 days,7 days,Out of Stock,3.2,None,No,3.6/5,India
Shop_35,Shop_35_P0003,Item_3,3206,430,5 days,7 days,In Stock,3.7,None,No,5.0/5,India
Shop_35,Shop_35_P0004,Item_4,6533,605,2 days,7 days,Out of Stock,3.8,Free shipping,No,3.1/5,India
Shop_35,Shop_35_P0005,Item_5,45476,345,3 days,30 days,Out of Stock,4.6,10% off,Yes,4.7/5,India
Shop_35,Shop_35_P0006,Item_6,35256,427,6 days,7 days,Out of Stock,4.8,10% off,Yes,4.4/5,India
Shop_35,Shop_35_P0007,Item_7,32665,504,6 days,14 days,Out of Stock,4.3,None,No,3.4/5,India
Shop_35,Shop_35_P0008,Item_8,7432,465,7 days,7 days,Out of Stock,3.6,10% off,Yes,4.7/5,India
Shop_35,Shop_35_P0009,Item_9,42875,74,6 days,7 days,In Stock,3.1,None,Yes,4.3/5,India
Shop_35,Shop_35_P0010,Item_10,42247,184,6 days,7 days,Out of Stock,4.0,10% off,Yes,3.6/5,India
Shop_35,Shop_35_P0011,Item_11,37624,633,5 days,7 days,In Stock,5.0,None,Yes,4.9/5,India
Shop_35,Shop_35_P0012,Item_12,25280,120,7 days,14 days,Out of Stock,3.2,10% off,No,3.3/5,India
Shop_35,Shop_35_P0013,Item_13,2854,493,3 days,14 days,Out of Stock,3.0,None,No,3.9/5,India
Shop_35,Shop_35_P0014,Item_14,24469,78,5 days,30 days,In Stock,4.2,None,No,3.3/5,India
Shop_35,Shop_35_P0015,Item_15,22317,323,5 days,30 days,In Stock,4.7,None,No,3.1/5,India
Shop_35,Shop_35_P0016,Item_16,22684,479,2 days,7 days,Out of Stock,3.1,Free shipping,Yes,3.8/5,India
Shop_35,Shop_35_P0017,Item_17,32529,415,2 days,30 days,In Stock,3.3,None,No,3.2/5,India
Shop_35,Shop_35_P0018,Item_18,15718,687,7 days,14 days,Out of Stock,3.6,Free shipping,No,3.5/5,India
Shop_35,Shop_35_P0019,Item_19,40500,83,4 days,7 days,In Stock,4.4,10% off,Yes,3.3/5,India
Shop_35,Shop_35_P0020,Item_20,33022,139,6 days,14 days,Out of Stock,3.4,10% off,Yes,3.2/5,India
Shop_35,Shop_35_P0021,Item_21,5670,674,2 days,7 days,Out of Stock,4.8,None,No,4.7/5,India
Shop_35,Shop_35_P0022,Item_22,20594,168,1 days,14 days,In Stock,3.3,10% off,No,3.1/5,India
Shop_35,Shop_35_P0023,Item_23,25632,504,3 days,30 days,In Stock,3.7,None,No,5.0/5,India
Shop_35,Shop_35_P0024,Item_24,45395,558,4 days,7 days,Out of Stock,4.0,Free shipping,No,4.8/5,India
Shop_35,Shop_35_P0025,Item_25,15441,338,1 days,7 days,Out of Stock,3.0,None,No,4.1/5,India
Shop_35,Shop_35_P0026,Item_26,3003,144,7 days,30 days,In Stock,4.0,Free shipping,No,3.1/5,India
Shop_35,Shop_35_P0027,Item_27,38831,293,6 days,30 days,Out of Stock,4.8,10% off,No,4.5/5,India
Shop_35,Shop_35_P0028,Item_28,4272,233,7 days,30 days,Out of Stock,4.6,None,No,4.4/5,India
Shop_35,Shop_35_P0029,Item_29,48801,336,7 days,30 days,In Stock,3.6,Free shipping,Yes,4.9/5,India
Shop_35,Shop_35_P0030,Item_30,23630,662,1 days,30 days,Out of Stock,4.1,10% off,No,4.7/5,India
Shop_35,Shop_35_P0031,Item_31,37439,608,3 days,7 days,Out of Stock,4.1,10% off,Yes,3.3/5,India
Shop_35,Shop_35_P0032,Item_32,41928,668,7 days,7 days,Out of Stock,3.6,None,No,4.9/5,India
Shop_35,Shop_35_P0033,Item_33,13795,482,2 days,30 days,In Stock,4.1,10% off,Yes,3.8/5,India
Shop_35,Shop_35_P0034,Item_34,10953,499,6 days,14 days,In Stock,3.8,10% off,Yes,4.2/5,India
Shop_35,Shop_35_P0035,Item_35,38385,55,2 days,7 days,In Stock,4.4,Free shipping,Yes,3.4/5,India
Shop_35,Shop_35_P0036,Item_36,17087,421,6 days,14 days,Out of Stock,4.1,None,No,4.1/5,India
Shop_35,Shop_35_P0037,Item_37,12620,332,3 days,30 days,Out of Stock,4.1,10% off,Yes,4.7/5,India
Shop_35,Shop_35_P0038,Item_38,24144,142,7 days,7 days,In Stock,4.3,10% off,Yes,3.7/5,India
Shop_35,Shop_35_P0039,Item_39,22454,647,1 days,14 days,In Stock,5.0,Free shipping,Yes,4.7/5,India
Shop_35,Shop_35_P0040,Item_40,28922,427,1 days,7 days,Out of Stock,3.6,None,No,3.7/5,India
Shop_35,Shop_35_P0041,Item_41,17762,555,1 days,30 days,Out of Stock,4.3,Free shipping,No,4.4/5,India
Shop_35,Shop_35_P0042,Item_42,25960,280,5 days,14 days,Out of Stock,4.2,10% off,No,3.4/5,India
Shop_35,Shop_35_P0043,Item_43,7593,540,4 days,30 days,Out of Stock,3.1,Free shipping,Yes,4.1/5,India
Shop_35,Shop_35_P0044,Item_44,39521,554,6 days,7 days,In Stock,3.3,10% off,No,4.9/5,India
Shop_35,Shop_35_P0045,Item_45,21072,232,7 days,14 days,In Stock,5.0,None,Yes,3.6/5,India
Shop_35,Shop_35_P0046,Item_46,31731,480,3 days,7 days,Out of Stock,4.9,None,Yes,3.3/5,India
Shop_35,Shop_35_P0047,Item_47,41541,346,3 days,7 days,Out of Stock,4.4,None,No,4.8/5,India
Shop_35,Shop_35_P0048,Item_48,15908,501,6 days,30 days,In Stock,3.3,None,No,4.1/5,India
Shop_35,Shop_35_P0049,Item_49,30443,105,7 days,7 days,Out of Stock,4.1,None,No,3.0/5,India
Shop_35,Shop_35_P0050,Item_50,43949,358,4 days,30 days,Out of Stock,4.1,10% off,No,4.9/5,India
Shop_35,Shop_35_P0051,Item_51,7826,504,4 days,7 days,Out of Stock,4.3,Free shipping,Yes,3.7/5,India
Shop_35,Shop_35_P0052,Item_52,46085,547,7 days,14 days,In Stock,3.4,None,Yes,4.5/5,India
Shop_35,Shop_35_P0053,Item_53,893,159,1 days,7 days,In Stock,4.4,10% off,Yes,4.7/5,India
Shop_35,Shop_35_P0054,Item_54,31328,48,1 days,7 days,In Stock,3.3,Free shipping,No,4.7/5,India
Shop_35,Shop_35_P0055,Item_55,9611,648,1 days,7 days,Out of Stock,3.9,10% off,No,4.9/5,India
Shop_35,Shop_35_P0056,Item_56,13932,264,4 days,14 days,In Stock,4.5,None,No,4.5/5,India
Shop_35,Shop_35_P0057,Item_57,31205,175,5 days,7 days,In Stock,4.5,Free shipping,Yes,4.6/5,India
Shop_35,Shop_35_P0058,Item_58,3662,370,7 days,7 days,In Stock,4.0,None,Yes,4.4/5,India
Shop_35,Shop_35_P0059,Item_59,693,56,4 days,7 days,In Stock,3.5,None,No,3.4/5,India
Shop_35,Shop_35_P0060,Item_60,47001,248,2 days,14 days,Out of Stock,3.4,10% off,Yes,3.9/5,India
Shop_35,Shop_35_P0061,Item_61,49995,575,4 days,7 days,Out of Stock,3.1,Free shipping,Yes,3.2/5,India
Shop_35,Shop_35_P0062,Item_62,39805,428,4 days,30 days,In Stock,4.4,Free shipping,No,3.8/5,India
Shop_35,Shop_35_P0063,Item_63,31229,171,3 days,14 days,Out of Stock,4.9,Free shipping,Yes,3.2/5,India
Shop_35,Shop_35_P0064,Item_64,13989,331,6 days,30 days,In Stock,4.0,Free shipping,Yes,3.9/5,India
Shop_35,Shop_35_P0065,Item_65,31679,655,3 days,30 days,In Stock,3.7,10% off,Yes,4.7/5,India
Shop_35,Shop_35_P0066,Item_66,42579,556,3 days,14 days,In Stock,3.3,10% off,Yes,3.7/5,India
Shop_35,Shop_35_P0067,Item_67,27035,475,7 days,14 days,In Stock,4.5,Free shipping,Yes,4.3/5,India
Shop_35,Shop_35_P0068,Item_68,24419,519,3 days,14 days,In Stock,4.9,10% off,No,4.5/5,India
Shop_35,Shop_35_P0069,Item_69,1120,356,1 days,14 days,In Stock,4.3,10% off,No,3.2/5,India
Shop_35,Shop_35_P0070,Item_70,29314,522,3 days,30 days,Out of Stock,3.8,None,Yes,4.5/5,India
Shop_35,Shop_35_P0071,Item_71,38408,102,6 days,14 days,In Stock,3.4,None,Yes,3.3/5,India
Shop_35,Shop_35_P0072,Item_72,11581,57,7 days,30 days,In Stock,3.9,10% off,No,3.6/5,India
Shop_35,Shop_35_P0073,Item_73,9243,325,2 days,14 days,In Stock,4.5,Free shipping,Yes,4.3/5,India
Shop_35,Shop_35_P0074,Item_74,23128,60,7 days,7 days,Out of Stock,4.7,Free shipping,No,4.9/5,India
Shop_35,Shop_35_P0075,Item_75,37243,42,1 days,14 days,Out of Stock,5.0,None,Yes,3.4/5,India
Shop_35,Shop_35_P0076,Item_76,2387,279,6 days,7 days,Out of Stock,3.4,None,Yes,4.1/5,India
Shop_35,Shop_35_P0077,Item_77,26189,658,3 days,30 days,Out of Stock,3.1,10% off,No,4.2/5,India
Shop_35,Shop_35_P0078,Item_78,26775,151,3 days,7 days,Out of Stock,4.5,10% off,No,3.4/5,India
Shop_35,Shop_35_P0079,Item_79,29038,442,4 days,7 days,Out of Stock,4.9,10% off,No,3.5/5,India
Shop_35,Shop_35_P0080,Item_80,8360,305,1 days,7 days,In Stock,4.5,10% off,No,4.7/5,India
Shop_35,Shop_35_P0081,Item_81,32646,146,7 days,7 days,Out of Stock,3.4,None,Yes,3.5/5,India
Shop_35,Shop_35_P0082,Item_82,16900,259,5 days,30 days,Out of Stock,3.9,None,No,3.8/5,India
Shop_35,Shop_35_P0083,Item_83,9537,50,4 days,14 days,Out of Stock,3.4,Free shipping,No,3.3/5,India
Shop_35,Shop_35_P0084,Item_84,3529,450,6 days,7 days,In Stock,4.3,None,No,4.4/5,India
Shop_35,Shop_35_P0085,Item_85,3058,359,6 days,14 days,In Stock,3.3,Free shipping,Yes,3.2/5,India
Shop_35,Shop_35_P0086,Item_86,23632,41,6 days,7 days,Out of Stock,4.0,10% off,No,4.8/5,India
Shop_35,Shop_35_P0087,Item_87,33572,327,5 days,30 days,In Stock,4.4,10% off,No,4.4/5,India
Shop_35,Shop_35_P0088,Item_88,21924,275,7 days,30 days,Out of Stock,4.2,10% off,No,4.3/5,India
Shop_35,Shop_35_P0089,Item_89,20219,601,1 days,14 days,In Stock,4.2,10% off,Yes,3.0/5,India
Shop_35,Shop_35_P0090,Item_90,17968,319,2 days,30 days,In Stock,3.9,Free shipping,Yes,4.8/5,India
Shop_35,Shop_35_P0091,Item_91,1295,80,4 days,7 days,In Stock,4.4,10% off,Yes,4.6/5,India
Shop_35,Shop_35_P0092,Item_92,49882,629,2 days,14 days,Out of Stock,3.1,10% off,Yes,3.6/5,India
Shop_35,Shop_35_P0093,Item_93,20413,692,6 days,30 days,Out of Stock,3.2,10% off,No,4.2/5,India
Shop_35,Shop_35_P0094,Item_94,45785,365,1 days,7 days,In Stock,4.5,Free shipping,No,4.4/5,India
Shop_35,Shop_35_P0095,Item_95,46068,589,4 days,7 days,Out of Stock,3.6,10% off,Yes,4.1/5,India
Shop_35,Shop_35_P0096,Item_96,9509,667,5 days,7 days,Out of Stock,4.5,Free shipping,No,4.5/5,India
Shop_35,Shop_35_P0097,Item_97,19077,450,5 days,30 days,Out of Stock,3.7,Free shipping,No,4.8/5,India
Shop_35,Shop_35_P0098,Item_98,39136,33,4 days,14 days,In Stock,3.7,10% off,No,3.1/5,India
Shop_35,Shop_35_P0099,Item_99,37609,518,6 days,7 days,Out of Stock,4.2,None,No,4.1/5,India
Shop_35,Shop_35_P0100,Item_100,27135,602,5 days,14 days,In Stock,5.0,None,Yes,3.6/5,India
Shop_36,Shop_36_P0001,Item_1,6109,548,5 days,14 days,Out of Stock,4.2,Free shipping,Yes,3.2/5,India
Shop_36,Shop_36_P0002,Item_2,1125,404,4 days,30 days,In Stock,3.8,10% off,No,3.3/5,India
Shop_36,Shop_36_P0003,Item_3,13741,575,5 days,30 days,In Stock,4.4,None,Yes,3.0/5,India
Shop_36,Shop_36_P0004,Item_4,39452,685,7 days,30 days,Out of Stock,3.4,10% off,No,4.6/5,India
Shop_36,Shop_36_P0005,Item_5,27100,175,5 days,14 days,Out of Stock,3.7,10% off,Yes,3.0/5,India
Shop_36,Shop_36_P0006,Item_6,23650,391,3 days,7 days,In Stock,4.7,10% off,Yes,3.3/5,India
Shop_36,Shop_36_P0007,Item_7,9133,143,3 days,7 days,In Stock,4.8,None,No,3.2/5,India
Shop_36,Shop_36_P0008,Item_8,40529,240,1 days,7 days,In Stock,4.7,Free shipping,Yes,4.4/5,India
Shop_36,Shop_36_P0009,Item_9,6128,70,2 days,7 days,Out of Stock,3.5,None,Yes,4.8/5,India
Shop_36,Shop_36_P0010,Item_10,15240,183,5 days,14 days,Out of Stock,4.6,10% off,Yes,3.8/5,India
Shop_36,Shop_36_P0011,Item_11,47303,261,6 days,14 days,In Stock,4.6,Free shipping,Yes,3.5/5,India
Shop_36,Shop_36_P0012,Item_12,10149,694,3 days,14 days,In Stock,3.6,10% off,No,3.4/5,India
Shop_36,Shop_36_P0013,Item_13,33838,494,3 days,14 days,In Stock,4.4,None,Yes,4.5/5,India
Shop_36,Shop_36_P0014,Item_14,18310,628,3 days,14 days,Out of Stock,3.2,10% off,No,4.9/5,India
Shop_36,Shop_36_P0015,Item_15,3694,515,3 days,30 days,In Stock,4.2,Free shipping,No,3.4/5,India
Shop_36,Shop_36_P0016,Item_16,27036,213,4 days,14 days,Out of Stock,4.1,Free shipping,No,3.7/5,India
Shop_36,Shop_36_P0017,Item_17,43169,445,2 days,14 days,In Stock,3.8,10% off,No,4.7/5,India
Shop_36,Shop_36_P0018,Item_18,17121,685,4 days,14 days,In Stock,3.4,Free shipping,Yes,4.5/5,India
Shop_36,Shop_36_P0019,Item_19,36089,48,2 days,7 days,In Stock,4.3,Free shipping,Yes,4.9/5,India
Shop_36,Shop_36_P0020,Item_20,24276,107,6 days,7 days,In Stock,3.6,Free shipping,No,4.0/5,India
Shop_36,Shop_36_P0021,Item_21,29588,323,4 days,30 days,In Stock,4.4,10% off,No,3.5/5,India
Shop_36,Shop_36_P0022,Item_22,40943,636,5 days,14 days,In Stock,4.2,None,No,4.5/5,India
Shop_36,Shop_36_P0023,Item_23,35446,420,3 days,30 days,Out of Stock,3.0,None,Yes,3.9/5,India
Shop_36,Shop_36_P0024,Item_24,24569,374,6 days,14 days,Out of Stock,4.5,None,No,4.6/5,India
Shop_36,Shop_36_P0025,Item_25,19488,200,4 days,14 days,In Stock,4.8,Free shipping,No,3.8/5,India
Shop_36,Shop_36_P0026,Item_26,5263,212,2 days,14 days,Out of Stock,4.5,Free shipping,No,3.0/5,India
Shop_36,Shop_36_P0027,Item_27,49563,402,3 days,30 days,Out of Stock,4.8,10% off,Yes,3.3/5,India
Shop_36,Shop_36_P0028,Item_28,30856,424,7 days,30 days,Out of Stock,4.3,None,Yes,4.3/5,India
Shop_36,Shop_36_P0029,Item_29,25660,561,4 days,14 days,In Stock,4.5,None,No,4.6/5,India
Shop_36,Shop_36_P0030,Item_30,43581,513,2 days,30 days,Out of Stock,3.8,Free shipping,Yes,4.0/5,India
Shop_36,Shop_36_P0031,Item_31,46143,632,5 days,14 days,In Stock,4.3,None,Yes,3.3/5,India
Shop_36,Shop_36_P0032,Item_32,16882,28,1 days,14 days,In Stock,4.3,Free shipping,Yes,4.8/5,India
Shop_36,Shop_36_P0033,Item_33,24114,222,3 days,7 days,Out of Stock,3.6,None,Yes,3.4/5,India
Shop_36,Shop_36_P0034,Item_34,29277,115,7 days,14 days,Out of Stock,4.4,Free shipping,No,3.3/5,India
Shop_36,Shop_36_P0035,Item_35,20061,230,1 days,30 days,In Stock,3.1,None,No,3.2/5,India
Shop_36,Shop_36_P0036,Item_36,47261,161,1 days,7 days,Out of Stock,4.3,Free shipping,No,3.2/5,India
Shop_36,Shop_36_P0037,Item_37,40147,600,1 days,14 days,In Stock,4.6,None,No,4.3/5,India
Shop_36,Shop_36_P0038,Item_38,32390,20,3 days,14 days,In Stock,4.5,10% off,Yes,4.3/5,India
Shop_36,Shop_36_P0039,Item_39,4279,392,7 days,7 days,In Stock,3.6,Free shipping,Yes,3.8/5,India
Shop_36,Shop_36_P0040,Item_40,2016,169,3 days,14 days,Out of Stock,3.2,None,Yes,4.2/5,India
Shop_36,Shop_36_P0041,Item_41,4689,366,2 days,14 days,Out of Stock,4.4,None,Yes,4.2/5,India
Shop_36,Shop_36_P0042,Item_42,906,80,1 days,30 days,Out of Stock,4.4,Free shipping,Yes,4.9/5,India
Shop_36,Shop_36_P0043,Item_43,39661,164,6 days,30 days,In Stock,3.8,10% off,No,3.2/5,India
Shop_36,Shop_36_P0044,Item_44,6127,469,4 days,7 days,In Stock,4.9,Free shipping,No,3.9/5,India
Shop_36,Shop_36_P0045,Item_45,36320,175,7 days,7 days,In Stock,4.5,10% off,Yes,4.6/5,India
Shop_36,Shop_36_P0046,Item_46,30980,139,5 days,30 days,In Stock,4.4,Free shipping,No,4.2/5,India
Shop_36,Shop_36_P0047,Item_47,27102,657,5 days,7 days,In Stock,3.6,10% off,Yes,3.8/5,India
Shop_36,Shop_36_P0048,Item_48,31998,357,1 days,30 days,In Stock,4.5,None,No,4.2/5,India
Shop_36,Shop_36_P0049,Item_49,44212,433,3 days,30 days,Out of Stock,3.8,None,Yes,3.9/5,India
Shop_36,Shop_36_P0050,Item_50,12339,203,5 days,30 days,In Stock,3.1,10% off,No,4.1/5,India
Shop_36,Shop_36_P0051,Item_51,30656,547,7 days,30 days,Out of Stock,4.3,None,No,3.1/5,India
Shop_36,Shop_36_P0052,Item_52,9714,246,4 days,14 days,In Stock,3.1,10% off,Yes,4.5/5,India
Shop_36,Shop_36_P0053,Item_53,34815,686,5 days,30 days,Out of Stock,4.8,Free shipping,Yes,4.2/5,India
Shop_36,Shop_36_P0054,Item_54,26624,170,2 days,14 days,In Stock,4.1,None,Yes,3.3/5,India
Shop_36,Shop_36_P0055,Item_55,44089,626,2 days,14 days,Out of Stock,4.7,10% off,Yes,4.4/5,India
Shop_36,Shop_36_P0056,Item_56,4358,347,6 days,7 days,Out of Stock,4.3,Free shipping,No,4.7/5,India
Shop_36,Shop_36_P0057,Item_57,26438,593,3 days,14 days,Out of Stock,3.6,None,Yes,3.9/5,India
Shop_36,Shop_36_P0058,Item_58,18203,634,3 days,14 days,In Stock,4.1,None,Yes,4.3/5,India
Shop_36,Shop_36_P0059,Item_59,25483,315,2 days,7 days,Out of Stock,3.7,10% off,No,3.9/5,India
Shop_36,Shop_36_P0060,Item_60,42349,175,2 days,7 days,Out of Stock,3.2,None,Yes,3.7/5,India
Shop_36,Shop_36_P0061,Item_61,40547,285,7 days,7 days,In Stock,4.2,None,No,3.9/5,India
Shop_36,Shop_36_P0062,Item_62,3178,636,2 days,7 days,Out of Stock,3.9,10% off,No,3.0/5,India
Shop_36,Shop_36_P0063,Item_63,48054,536,4 days,7 days,Out of Stock,3.6,None,Yes,3.5/5,India
Shop_36,Shop_36_P0064,Item_64,11270,68,2 days,14 days,In Stock,3.8,10% off,No,3.8/5,India
Shop_36,Shop_36_P0065,Item_65,28488,461,6 days,14 days,Out of Stock,3.4,Free shipping,No,4.1/5,India
Shop_36,Shop_36_P0066,Item_66,13011,94,5 days,14 days,Out of Stock,3.5,None,No,4.0/5,India
Shop_36,Shop_36_P0067,Item_67,11745,69,4 days,30 days,In Stock,3.9,None,No,5.0/5,India
Shop_36,Shop_36_P0068,Item_68,19027,441,1 days,14 days,In Stock,4.9,10% off,No,4.7/5,India
Shop_36,Shop_36_P0069,Item_69,18804,304,1 days,14 days,In Stock,3.5,Free shipping,No,4.8/5,India
Shop_36,Shop_36_P0070,Item_70,47649,186,2 days,30 days,In Stock,4.4,Free shipping,Yes,3.3/5,India
Shop_36,Shop_36_P0071,Item_71,37200,262,7 days,14 days,Out of Stock,3.5,Free shipping,Yes,4.4/5,India
Shop_36,Shop_36_P0072,Item_72,34128,558,6 days,7 days,Out of Stock,3.4,Free shipping,No,4.3/5,India
Shop_36,Shop_36_P0073,Item_73,27913,203,1 days,7 days,In Stock,4.8,None,No,3.6/5,India
Shop_36,Shop_36_P0074,Item_74,4204,685,5 days,30 days,Out of Stock,3.5,None,No,4.0/5,India
Shop_36,Shop_36_P0075,Item_75,33262,565,6 days,14 days,Out of Stock,3.3,None,No,3.2/5,India
Shop_36,Shop_36_P0076,Item_76,25201,297,7 days,30 days,Out of Stock,3.3,Free shipping,Yes,3.5/5,India
Shop_36,Shop_36_P0077,Item_77,36769,170,7 days,14 days,Out of Stock,4.9,None,No,4.6/5,India
Shop_36,Shop_36_P0078,Item_78,20317,73,6 days,30 days,Out of Stock,4.6,None,No,4.3/5,India
Shop_36,Shop_36_P0079,Item_79,31900,553,3 days,14 days,Out of Stock,3.4,10% off,Yes,3.4/5,India
Shop_36,Shop_36_P0080,Item_80,24807,573,6 days,14 days,Out of Stock,3.1,Free shipping,Yes,3.1/5,India
Shop_36,Shop_36_P0081,Item_81,23839,169,4 days,14 days,Out of Stock,3.9,None,No,3.1/5,India
Shop_36,Shop_36_P0082,Item_82,17621,173,6 days,30 days,In Stock,3.3,Free shipping,No,4.4/5,India
Shop_36,Shop_36_P0083,Item_83,10954,455,4 days,30 days,In Stock,3.2,10% off,No,4.2/5,India
Shop_36,Shop_36_P0084,Item_84,1911,107,1 days,30 days,In Stock,4.4,Free shipping,Yes,3.6/5,India
Shop_36,Shop_36_P0085,Item_85,5839,199,5 days,30 days,In Stock,4.9,10% off,No,3.5/5,India
Shop_36,Shop_36_P0086,Item_86,43903,432,7 days,30 days,Out of Stock,4.5,None,Yes,3.2/5,India
Shop_36,Shop_36_P0087,Item_87,24216,588,3 days,14 days,In Stock,3.8,None,No,3.6/5,India
Shop_36,Shop_36_P0088,Item_88,10291,467,6 days,14 days,In Stock,3.7,10% off,Yes,3.2/5,India
Shop_36,Shop_36_P0089,Item_89,2933,576,7 days,30 days,In Stock,4.8,10% off,Yes,3.7/5,India
Shop_36,Shop_36_P0090,Item_90,38436,160,2 days,7 days,Out of Stock,3.3,10% off,No,4.1/5,India
Shop_36,Shop_36_P0091,Item_91,44411,601,2 days,14 days,Out of Stock,4.7,10% off,No,3.9/5,India
Shop_36,Shop_36_P0092,Item_92,2355,660,1 days,7 days,Out of Stock,3.6,None,No,4.8/5,India
Shop_36,Shop_36_P0093,Item_93,38584,649,7 days,7 days,In Stock,4.0,10% off,No,4.6/5,India
Shop_36,Shop_36_P0094,Item_94,40299,589,7 days,7 days,Out of Stock,4.7,None,No,3.5/5,India
Shop_36,Shop_36_P0095,Item_95,5873,23,3 days,14 days,Out of Stock,4.3,Free shipping,Yes,5.0/5,India
Shop_36,Shop_36_P0096,Item_96,33472,168,4 days,14 days,Out of Stock,4.0,None,Yes,3.3/5,India
Shop_36,Shop_36_P0097,Item_97,21861,68,2 days,7 days,Out of Stock,4.3,None,No,4.5/5,India
Shop_36,Shop_36_P0098,Item_98,6337,405,7 days,7 days,Out of Stock,3.9,Free shipping,Yes,4.8/5,India
Shop_36,Shop_36_P0099,Item_99,10073,72,1 days,7 days,Out of Stock,4.5,None,No,3.6/5,India
Shop_36,Shop_36_P0100,Item_100,813,655,6 days,30 days,Out of Stock,4.2,10% off,Yes,4.1/5,India
Shop_37,Shop_37_P0001,Item_1,40170,466,6 days,30 days,In Stock,3.1,Free shipping,No,4.5/5,India
Shop_37,Shop_37_P0002,Item_2,33748,451,7 days,14 days,Out of Stock,4.5,Free shipping,No,4.3/5,India
Shop_37,Shop_37_P0003,Item_3,12794,134,7 days,30 days,In Stock,3.3,10% off,Yes,4.2/5,India
Shop_37,Shop_37_P0004,Item_4,25944,585,5 days,30 days,Out of Stock,4.7,Free shipping,Yes,4.1/5,India
Shop_37,Shop_37_P0005,Item_5,13156,181,3 days,14 days,In Stock,4.0,10% off,No,3.2/5,India
Shop_37,Shop_37_P0006,Item_6,48493,541,3 days,30 days,In Stock,3.1,Free shipping,No,3.5/5,India
Shop_37,Shop_37_P0007,Item_7,12985,503,2 days,7 days,In Stock,3.3,None,No,4.9/5,India
Shop_37,Shop_37_P0008,Item_8,27282,196,3 days,30 days,Out of Stock,4.8,None,No,5.0/5,India
Shop_37,Shop_37_P0009,Item_9,17365,222,3 days,7 days,Out of Stock,4.9,None,Yes,4.9/5,India
Shop_37,Shop_37_P0010,Item_10,33674,510,4 days,30 days,In Stock,3.3,10% off,No,4.9/5,India
Shop_37,Shop_37_P0011,Item_11,8837,220,6 days,7 days,Out of Stock,4.6,None,No,4.6/5,India
Shop_37,Shop_37_P0012,Item_12,2481,456,6 days,30 days,Out of Stock,4.9,10% off,Yes,3.7/5,India
Shop_37,Shop_37_P0013,Item_13,29554,575,1 days,30 days,Out of Stock,4.1,Free shipping,No,4.6/5,India
Shop_37,Shop_37_P0014,Item_14,13211,41,4 days,30 days,Out of Stock,3.7,Free shipping,Yes,4.8/5,India
Shop_37,Shop_37_P0015,Item_15,48536,234,7 days,30 days,Out of Stock,3.7,Free shipping,No,3.2/5,India
Shop_37,Shop_37_P0016,Item_16,9226,466,5 days,7 days,In Stock,4.9,10% off,No,4.0/5,India
Shop_37,Shop_37_P0017,Item_17,22155,188,2 days,7 days,In Stock,4.0,None,No,4.3/5,India
Shop_37,Shop_37_P0018,Item_18,37318,123,6 days,7 days,In Stock,3.9,10% off,Yes,4.2/5,India
Shop_37,Shop_37_P0019,Item_19,11478,219,1 days,7 days,In Stock,4.4,10% off,Yes,4.9/5,India
Shop_37,Shop_37_P0020,Item_20,17924,561,6 days,7 days,In Stock,3.9,10% off,No,3.5/5,India
Shop_37,Shop_37_P0021,Item_21,5224,351,2 days,14 days,In Stock,5.0,10% off,Yes,4.5/5,India
Shop_37,Shop_37_P0022,Item_22,17326,659,3 days,14 days,In Stock,3.8,10% off,No,4.5/5,India
Shop_37,Shop_37_P0023,Item_23,36963,271,2 days,14 days,In Stock,3.1,None,Yes,3.7/5,India
Shop_37,Shop_37_P0024,Item_24,12104,328,4 days,30 days,In Stock,4.2,10% off,No,4.5/5,India
Shop_37,Shop_37_P0025,Item_25,29857,459,1 days,7 days,Out of Stock,4.4,Free shipping,Yes,3.9/5,India
Shop_37,Shop_37_P0026,Item_26,49574,224,3 days,7 days,In Stock,3.9,Free shipping,No,4.7/5,India
Shop_37,Shop_37_P0027,Item_27,37422,137,5 days,7 days,In Stock,3.3,Free shipping,No,3.3/5,India
Shop_37,Shop_37_P0028,Item_28,35691,167,4 days,14 days,In Stock,3.3,Free shipping,No,4.8/5,India
Shop_37,Shop_37_P0029,Item_29,19392,405,2 days,30 days,In Stock,4.5,Free shipping,Yes,4.9/5,India
Shop_37,Shop_37_P0030,Item_30,16994,423,7 days,14 days,Out of Stock,3.3,10% off,No,4.8/5,India
Shop_37,Shop_37_P0031,Item_31,17946,437,5 days,14 days,In Stock,3.8,Free shipping,No,3.1/5,India
Shop_37,Shop_37_P0032,Item_32,49293,115,6 days,14 days,In Stock,3.4,Free shipping,No,3.9/5,India
Shop_37,Shop_37_P0033,Item_33,2666,432,2 days,14 days,Out of Stock,3.9,10% off,No,4.9/5,India
Shop_37,Shop_37_P0034,Item_34,17351,217,2 days,14 days,In Stock,4.3,None,Yes,3.2/5,India
Shop_37,Shop_37_P0035,Item_35,20884,592,7 days,7 days,Out of Stock,4.9,None,Yes,3.1/5,India
Shop_37,Shop_37_P0036,Item_36,24717,224,4 days,30 days,Out of Stock,3.1,None,Yes,3.7/5,India
Shop_37,Shop_37_P0037,Item_37,39222,34,6 days,7 days,Out of Stock,4.5,Free shipping,Yes,4.6/5,India
Shop_37,Shop_37_P0038,Item_38,38256,284,5 days,7 days,Out of Stock,3.5,10% off,Yes,4.3/5,India
Shop_37,Shop_37_P0039,Item_39,33297,452,2 days,30 days,In Stock,4.4,Free shipping,No,4.0/5,India
Shop_37,Shop_37_P0040,Item_40,2725,353,5 days,30 days,Out of Stock,4.1,None,No,4.0/5,India
Shop_37,Shop_37_P0041,Item_41,11267,437,4 days,7 days,In Stock,4.9,Free shipping,No,3.4/5,India
Shop_37,Shop_37_P0042,Item_42,30868,624,5 days,14 days,In Stock,3.8,10% off,No,4.3/5,India
Shop_37,Shop_37_P0043,Item_43,29280,522,4 days,14 days,In Stock,4.9,Free shipping,Yes,4.6/5,India
Shop_37,Shop_37_P0044,Item_44,5393,114,4 days,14 days,In Stock,3.5,None,Yes,4.1/5,India
Shop_37,Shop_37_P0045,Item_45,45294,128,3 days,30 days,In Stock,4.7,Free shipping,No,3.6/5,India
Shop_37,Shop_37_P0046,Item_46,37743,461,6 days,30 days,Out of Stock,3.2,Free shipping,No,4.9/5,India
Shop_37,Shop_37_P0047,Item_47,2215,51,1 days,7 days,In Stock,3.1,10% off,No,4.9/5,India
Shop_37,Shop_37_P0048,Item_48,39010,257,4 days,30 days,In Stock,4.0,10% off,No,5.0/5,India
Shop_37,Shop_37_P0049,Item_49,33683,331,4 days,30 days,In Stock,4.5,10% off,No,4.2/5,India
Shop_37,Shop_37_P0050,Item_50,34282,674,5 days,7 days,Out of Stock,4.2,Free shipping,Yes,3.9/5,India
Shop_37,Shop_37_P0051,Item_51,16483,532,3 days,30 days,In Stock,3.9,Free shipping,Yes,3.4/5,India
Shop_37,Shop_37_P0052,Item_52,2762,321,4 days,7 days,In Stock,3.3,None,No,4.0/5,India
Shop_37,Shop_37_P0053,Item_53,48320,297,7 days,7 days,Out of Stock,4.7,10% off,Yes,4.2/5,India
Shop_37,Shop_37_P0054,Item_54,42917,160,5 days,14 days,In Stock,3.2,Free shipping,No,4.5/5,India
Shop_37,Shop_37_P0055,Item_55,4478,39,5 days,14 days,Out of Stock,3.7,None,No,4.1/5,India
Shop_37,Shop_37_P0056,Item_56,20023,106,5 days,30 days,Out of Stock,3.1,Free shipping,No,3.9/5,India
Shop_37,Shop_37_P0057,Item_57,6258,116,5 days,14 days,Out of Stock,4.7,10% off,No,4.9/5,India
Shop_37,Shop_37_P0058,Item_58,2572,645,5 days,7 days,In Stock,4.6,Free shipping,No,3.7/5,India
Shop_37,Shop_37_P0059,Item_59,12917,369,4 days,7 days,In Stock,4.6,10% off,No,4.4/5,India
Shop_37,Shop_37_P0060,Item_60,19733,209,6 days,7 days,In Stock,4.1,None,No,4.0/5,India
Shop_37,Shop_37_P0061,Item_61,9463,34,2 days,14 days,Out of Stock,3.6,10% off,No,3.7/5,India
Shop_37,Shop_37_P0062,Item_62,5638,192,1 days,14 days,Out of Stock,3.3,None,Yes,4.1/5,India
Shop_37,Shop_37_P0063,Item_63,2574,307,1 days,7 days,In Stock,4.8,None,Yes,5.0/5,India
Shop_37,Shop_37_P0064,Item_64,43987,488,1 days,7 days,In Stock,4.6,Free shipping,No,4.8/5,India
Shop_37,Shop_37_P0065,Item_65,17086,262,1 days,14 days,Out of Stock,3.5,Free shipping,No,3.1/5,India
Shop_37,Shop_37_P0066,Item_66,29720,55,6 days,30 days,Out of Stock,3.7,Free shipping,No,3.3/5,India
Shop_37,Shop_37_P0067,Item_67,25065,218,2 days,30 days,Out of Stock,3.6,10% off,No,4.9/5,India
Shop_37,Shop_37_P0068,Item_68,23133,649,1 days,14 days,In Stock,3.1,None,No,3.8/5,India
Shop_37,Shop_37_P0069,Item_69,23750,194,5 days,30 days,In Stock,4.2,None,Yes,3.9/5,India
Shop_37,Shop_37_P0070,Item_70,1694,207,5 days,30 days,Out of Stock,3.4,None,No,3.6/5,India
Shop_37,Shop_37_P0071,Item_71,41311,505,7 days,14 days,Out of Stock,3.5,10% off,No,4.8/5,India
Shop_37,Shop_37_P0072,Item_72,12204,642,2 days,14 days,Out of Stock,5.0,10% off,No,4.3/5,India
Shop_37,Shop_37_P0073,Item_73,43027,597,2 days,7 days,In Stock,4.7,Free shipping,Yes,4.5/5,India
Shop_37,Shop_37_P0074,Item_74,4524,137,2 days,14 days,Out of Stock,3.2,Free shipping,Yes,5.0/5,India
Shop_37,Shop_37_P0075,Item_75,24883,42,3 days,14 days,Out of Stock,4.6,Free shipping,No,3.6/5,India
Shop_37,Shop_37_P0076,Item_76,41446,455,7 days,30 days,Out of Stock,3.4,10% off,No,3.5/5,India
Shop_37,Shop_37_P0077,Item_77,9452,618,3 days,7 days,Out of Stock,4.8,None,Yes,3.4/5,India
Shop_37,Shop_37_P0078,Item_78,49321,589,7 days,30 days,In Stock,3.6,10% off,No,4.5/5,India
Shop_37,Shop_37_P0079,Item_79,42444,645,2 days,7 days,In Stock,3.6,None,No,3.6/5,India
Shop_37,Shop_37_P0080,Item_80,49542,246,7 days,30 days,Out of Stock,4.9,Free shipping,No,3.9/5,India
Shop_37,Shop_37_P0081,Item_81,37439,48,2 days,7 days,In Stock,4.8,None,Yes,4.5/5,India
Shop_37,Shop_37_P0082,Item_82,27014,69,1 days,7 days,Out of Stock,4.6,None,Yes,3.7/5,India
Shop_37,Shop_37_P0083,Item_83,1969,297,5 days,30 days,Out of Stock,3.6,10% off,No,4.2/5,India
Shop_37,Shop_37_P0084,Item_84,49448,264,2 days,7 days,In Stock,3.3,None,Yes,5.0/5,India
Shop_37,Shop_37_P0085,Item_85,29668,243,1 days,30 days,Out of Stock,3.5,Free shipping,Yes,4.9/5,India
Shop_37,Shop_37_P0086,Item_86,42434,555,7 days,7 days,Out of Stock,5.0,10% off,No,4.0/5,India
Shop_37,Shop_37_P0087,Item_87,41098,367,7 days,7 days,Out of Stock,3.3,10% off,Yes,4.2/5,India
Shop_37,Shop_37_P0088,Item_88,36999,347,4 days,7 days,In Stock,3.5,10% off,No,5.0/5,India
Shop_37,Shop_37_P0089,Item_89,13306,63,3 days,30 days,Out of Stock,4.3,10% off,Yes,4.8/5,India
Shop_37,Shop_37_P0090,Item_90,6620,530,3 days,14 days,In Stock,3.0,None,Yes,4.8/5,India
Shop_37,Shop_37_P0091,Item_91,23813,248,4 days,14 days,In Stock,4.8,10% off,Yes,3.9/5,India
Shop_37,Shop_37_P0092,Item_92,47888,679,6 days,7 days,Out of Stock,4.6,Free shipping,No,4.0/5,India
Shop_37,Shop_37_P0093,Item_93,34907,323,7 days,30 days,Out of Stock,4.1,None,Yes,4.8/5,India
Shop_37,Shop_37_P0094,Item_94,42662,314,6 days,14 days,Out of Stock,3.5,Free shipping,No,3.8/5,India
Shop_37,Shop_37_P0095,Item_95,36452,246,1 days,14 days,Out of Stock,3.1,10% off,No,3.3/5,India
Shop_37,Shop_37_P0096,Item_96,12650,279,1 days,14 days,In Stock,4.7,10% off,No,3.7/5,India
Shop_37,Shop_37_P0097,Item_97,38018,68,3 days,30 days,Out of Stock,3.2,10% off,Yes,3.5/5,India
Shop_37,Shop_37_P0098,Item_98,33872,467,3 days,7 days,In Stock,4.2,None,No,3.0/5,India
Shop_37,Shop_37_P0099,Item_99,6128,679,3 days,7 days,In Stock,3.1,10% off,No,4.6/5,India
Shop_37,Shop_37_P0100,Item_100,28140,306,5 days,14 days,Out of Stock,3.5,10% off,No,4.4/5,India
Shop_38,Shop_38_P0001,Item_1,30631,677,3 days,30 days,In Stock,4.5,Free shipping,No,3.4/5,India
Shop_38,Shop_38_P0002,Item_2,4355,682,6 days,14 days,In Stock,3.0,None,No,3.9/5,India
Shop_38,Shop_38_P0003,Item_3,14747,183,7 days,7 days,Out of Stock,4.3,10% off,No,4.7/5,India
Shop_38,Shop_38_P0004,Item_4,29855,395,4 days,7 days,In Stock,3.6,10% off,Yes,4.8/5,India
Shop_38,Shop_38_P0005,Item_5,43947,627,5 days,30 days,Out of Stock,3.6,Free shipping,No,4.7/5,India
Shop_38,Shop_38_P0006,Item_6,32299,609,5 days,7 days,In Stock,3.7,Free shipping,No,4.4/5,India
Shop_38,Shop_38_P0007,Item_7,12460,368,7 days,14 days,Out of Stock,3.9,None,No,3.8/5,India
Shop_38,Shop_38_P0008,Item_8,17197,62,3 days,30 days,Out of Stock,3.1,None,Yes,3.6/5,India
Shop_38,Shop_38_P0009,Item_9,48080,673,5 days,14 days,In Stock,4.2,10% off,Yes,4.3/5,India
Shop_38,Shop_38_P0010,Item_10,39843,289,6 days,30 days,In Stock,4.5,Free shipping,Yes,3.9/5,India
Shop_38,Shop_38_P0011,Item_11,38752,645,7 days,7 days,In Stock,3.6,Free shipping,No,4.3/5,India
Shop_38,Shop_38_P0012,Item_12,5161,513,6 days,7 days,In Stock,4.9,None,No,4.1/5,India
Shop_38,Shop_38_P0013,Item_13,26396,438,1 days,7 days,Out of Stock,4.1,10% off,No,4.9/5,India
Shop_38,Shop_38_P0014,Item_14,28883,544,2 days,14 days,In Stock,3.7,Free shipping,Yes,3.1/5,India
Shop_38,Shop_38_P0015,Item_15,19185,459,3 days,14 days,In Stock,4.3,10% off,Yes,4.8/5,India
Shop_38,Shop_38_P0016,Item_16,43094,508,6 days,14 days,In Stock,4.0,None,Yes,3.8/5,India
Shop_38,Shop_38_P0017,Item_17,30866,64,3 days,30 days,In Stock,4.2,None,No,3.0/5,India
Shop_38,Shop_38_P0018,Item_18,18491,131,5 days,30 days,Out of Stock,4.3,10% off,Yes,3.1/5,India
Shop_38,Shop_38_P0019,Item_19,20100,331,6 days,14 days,In Stock,4.6,10% off,Yes,5.0/5,India
Shop_38,Shop_38_P0020,Item_20,33865,521,3 days,30 days,Out of Stock,4.6,Free shipping,Yes,3.1/5,India
Shop_38,Shop_38_P0021,Item_21,46667,197,5 days,14 days,In Stock,4.4,None,No,4.5/5,India
Shop_38,Shop_38_P0022,Item_22,38460,21,3 days,14 days,In Stock,4.5,10% off,No,3.5/5,India
Shop_38,Shop_38_P0023,Item_23,42671,434,3 days,14 days,Out of Stock,4.2,Free shipping,Yes,3.8/5,India
Shop_38,Shop_38_P0024,Item_24,48445,551,5 days,30 days,Out of Stock,3.9,10% off,Yes,4.1/5,India
Shop_38,Shop_38_P0025,Item_25,33473,273,4 days,7 days,In Stock,4.4,10% off,Yes,3.7/5,India
Shop_38,Shop_38_P0026,Item_26,32571,492,6 days,14 days,Out of Stock,3.8,None,Yes,4.4/5,India
Shop_38,Shop_38_P0027,Item_27,22340,199,2 days,30 days,In Stock,4.4,10% off,No,3.4/5,India
Shop_38,Shop_38_P0028,Item_28,6444,175,6 days,14 days,Out of Stock,5.0,None,Yes,3.1/5,India
Shop_38,Shop_38_P0029,Item_29,32882,187,6 days,7 days,Out of Stock,3.5,10% off,Yes,4.6/5,India
Shop_38,Shop_38_P0030,Item_30,4666,65,6 days,30 days,In Stock,3.1,None,No,3.9/5,India
Shop_38,Shop_38_P0031,Item_31,3706,141,7 days,30 days,Out of Stock,4.6,None,Yes,3.3/5,India
Shop_38,Shop_38_P0032,Item_32,47694,206,1 days,14 days,Out of Stock,3.7,10% off,Yes,4.6/5,India
Shop_38,Shop_38_P0033,Item_33,11519,485,3 days,14 days,In Stock,3.8,None,No,3.5/5,India
Shop_38,Shop_38_P0034,Item_34,12402,224,4 days,30 days,In Stock,4.5,None,No,5.0/5,India
Shop_38,Shop_38_P0035,Item_35,24373,194,2 days,7 days,In Stock,3.8,None,No,3.1/5,India
Shop_38,Shop_38_P0036,Item_36,4455,382,3 days,7 days,In Stock,4.2,None,No,4.7/5,India
Shop_38,Shop_38_P0037,Item_37,35931,362,5 days,14 days,In Stock,3.9,Free shipping,Yes,4.5/5,India
Shop_38,Shop_38_P0038,Item_38,33987,312,5 days,7 days,In Stock,4.8,None,Yes,3.1/5,India
Shop_38,Shop_38_P0039,Item_39,20369,417,4 days,7 days,In Stock,3.0,10% off,No,4.7/5,India
Shop_38,Shop_38_P0040,Item_40,8017,186,1 days,14 days,In Stock,3.7,10% off,No,3.9/5,India
Shop_38,Shop_38_P0041,Item_41,41561,602,6 days,14 days,In Stock,3.3,Free shipping,No,4.8/5,India
Shop_38,Shop_38_P0042,Item_42,26179,636,4 days,7 days,In Stock,5.0,10% off,No,4.3/5,India
Shop_38,Shop_38_P0043,Item_43,44233,610,7 days,14 days,In Stock,4.8,Free shipping,Yes,4.4/5,India
Shop_38,Shop_38_P0044,Item_44,34991,130,7 days,30 days,In Stock,3.7,10% off,Yes,4.8/5,India
Shop_38,Shop_38_P0045,Item_45,36406,97,2 days,7 days,Out of Stock,3.7,Free shipping,No,3.2/5,India
Shop_38,Shop_38_P0046,Item_46,4898,170,1 days,14 days,In Stock,4.3,None,Yes,3.6/5,India
Shop_38,Shop_38_P0047,Item_47,988,697,5 days,7 days,Out of Stock,3.7,10% off,No,3.1/5,India
Shop_38,Shop_38_P0048,Item_48,1200,287,1 days,30 days,Out of Stock,4.4,10% off,Yes,5.0/5,India
Shop_38,Shop_38_P0049,Item_49,47688,525,7 days,7 days,In Stock,3.3,None,Yes,4.8/5,India
Shop_38,Shop_38_P0050,Item_50,1667,330,6 days,7 days,In Stock,3.0,Free shipping,No,4.7/5,India
Shop_38,Shop_38_P0051,Item_51,4146,648,1 days,30 days,In Stock,4.3,None,Yes,3.1/5,India
Shop_38,Shop_38_P0052,Item_52,27352,369,6 days,14 days,In Stock,3.3,10% off,No,4.2/5,India
Shop_38,Shop_38_P0053,Item_53,15545,77,2 days,7 days,Out of Stock,3.1,None,No,4.0/5,India
Shop_38,Shop_38_P0054,Item_54,44664,235,6 days,7 days,In Stock,4.9,10% off,No,3.2/5,India
Shop_38,Shop_38_P0055,Item_55,25973,212,6 days,7 days,In Stock,4.4,Free shipping,Yes,3.8/5,India
Shop_38,Shop_38_P0056,Item_56,19010,527,3 days,14 days,In Stock,4.3,Free shipping,Yes,3.6/5,India
Shop_38,Shop_38_P0057,Item_57,26812,198,4 days,14 days,In Stock,3.7,10% off,Yes,3.9/5,India
Shop_38,Shop_38_P0058,Item_58,40809,351,7 days,7 days,Out of Stock,3.3,10% off,Yes,4.8/5,India
Shop_38,Shop_38_P0059,Item_59,29297,405,4 days,7 days,Out of Stock,4.8,None,No,4.3/5,India
Shop_38,Shop_38_P0060,Item_60,20053,185,5 days,30 days,In Stock,3.4,None,No,3.8/5,India
Shop_38,Shop_38_P0061,Item_61,29841,199,2 days,7 days,In Stock,4.8,Free shipping,No,4.5/5,India
Shop_38,Shop_38_P0062,Item_62,22486,194,1 days,7 days,Out of Stock,4.0,Free shipping,No,4.0/5,India
Shop_38,Shop_38_P0063,Item_63,39062,88,5 days,14 days,Out of Stock,4.4,None,No,4.7/5,India
Shop_38,Shop_38_P0064,Item_64,30519,578,3 days,30 days,Out of Stock,4.5,Free shipping,No,3.4/5,India
Shop_38,Shop_38_P0065,Item_65,14680,543,6 days,14 days,In Stock,4.1,Free shipping,Yes,3.8/5,India
Shop_38,Shop_38_P0066,Item_66,14888,646,7 days,30 days,Out of Stock,3.7,10% off,Yes,4.0/5,India
Shop_38,Shop_38_P0067,Item_67,33096,333,2 days,30 days,Out of Stock,3.1,None,No,4.3/5,India
Shop_38,Shop_38_P0068,Item_68,8623,27,4 days,30 days,Out of Stock,3.8,None,Yes,4.5/5,India
Shop_38,Shop_38_P0069,Item_69,36603,609,3 days,30 days,Out of Stock,4.0,None,Yes,4.3/5,India
Shop_38,Shop_38_P0070,Item_70,4341,449,3 days,7 days,Out of Stock,3.3,10% off,No,4.9/5,India
Shop_38,Shop_38_P0071,Item_71,16476,109,3 days,14 days,In Stock,3.5,None,No,4.0/5,India
Shop_38,Shop_38_P0072,Item_72,29456,523,2 days,7 days,In Stock,4.5,10% off,Yes,4.4/5,India
Shop_38,Shop_38_P0073,Item_73,13881,429,5 days,7 days,Out of Stock,4.3,None,Yes,4.6/5,India
Shop_38,Shop_38_P0074,Item_74,18861,131,6 days,14 days,Out of Stock,3.1,None,No,4.0/5,India
Shop_38,Shop_38_P0075,Item_75,37527,589,2 days,14 days,Out of Stock,3.2,None,No,4.8/5,India
Shop_38,Shop_38_P0076,Item_76,36400,700,5 days,14 days,In Stock,4.4,10% off,Yes,3.7/5,India
Shop_38,Shop_38_P0077,Item_77,45220,544,4 days,7 days,Out of Stock,3.2,None,Yes,4.2/5,India
Shop_38,Shop_38_P0078,Item_78,17218,335,7 days,14 days,In Stock,3.9,10% off,No,3.2/5,India
Shop_38,Shop_38_P0079,Item_79,2970,433,5 days,14 days,In Stock,3.9,None,No,3.7/5,India
Shop_38,Shop_38_P0080,Item_80,29331,329,7 days,30 days,Out of Stock,4.3,None,Yes,4.5/5,India
Shop_38,Shop_38_P0081,Item_81,29832,104,5 days,30 days,Out of Stock,4.8,10% off,Yes,4.3/5,India
Shop_38,Shop_38_P0082,Item_82,17276,363,6 days,30 days,In Stock,4.9,10% off,No,3.2/5,India
Shop_38,Shop_38_P0083,Item_83,39409,273,7 days,14 days,In Stock,4.5,None,No,4.4/5,India
Shop_38,Shop_38_P0084,Item_84,39663,523,5 days,7 days,In Stock,4.8,None,Yes,4.6/5,India
Shop_38,Shop_38_P0085,Item_85,12583,81,1 days,14 days,In Stock,3.2,Free shipping,Yes,4.7/5,India
Shop_38,Shop_38_P0086,Item_86,9167,472,4 days,30 days,In Stock,3.2,10% off,No,3.2/5,India
Shop_38,Shop_38_P0087,Item_87,6758,320,1 days,7 days,Out of Stock,3.4,None,Yes,3.7/5,India
Shop_38,Shop_38_P0088,Item_88,1317,454,4 days,30 days,Out of Stock,3.8,None,Yes,4.7/5,India
Shop_38,Shop_38_P0089,Item_89,24210,154,2 days,7 days,Out of Stock,4.7,10% off,No,3.5/5,India
Shop_38,Shop_38_P0090,Item_90,30748,225,1 days,30 days,In Stock,4.6,Free shipping,No,4.6/5,India
Shop_38,Shop_38_P0091,Item_91,14241,598,3 days,30 days,In Stock,3.4,None,Yes,3.4/5,India
Shop_38,Shop_38_P0092,Item_92,18342,547,6 days,7 days,Out of Stock,3.6,None,No,4.5/5,India
Shop_38,Shop_38_P0093,Item_93,38281,305,7 days,14 days,In Stock,4.9,10% off,Yes,3.5/5,India
Shop_38,Shop_38_P0094,Item_94,46845,460,7 days,14 days,In Stock,4.8,None,No,4.8/5,India
Shop_38,Shop_38_P0095,Item_95,14231,372,3 days,14 days,Out of Stock,4.6,Free shipping,Yes,3.2/5,India
Shop_38,Shop_38_P0096,Item_96,6587,549,4 days,14 days,Out of Stock,4.2,None,Yes,3.4/5,India
Shop_38,Shop_38_P0097,Item_97,45619,375,3 days,14 days,Out of Stock,4.3,None,Yes,4.6/5,India
Shop_38,Shop_38_P0098,Item_98,7432,580,1 days,30 days,Out of Stock,4.8,10% off,Yes,4.6/5,India
Shop_38,Shop_38_P0099,Item_99,45429,614,7 days,7 days,In Stock,3.9,Free shipping,Yes,3.3/5,India
Shop_38,Shop_38_P0100,Item_100,48043,76,3 days,14 days,Out of Stock,4.2,10% off,No,3.3/5,India
Shop_39,Shop_39_P0001,Item_1,10378,643,7 days,30 days,In Stock,3.9,Free shipping,No,4.6/5,India
Shop_39,Shop_39_P0002,Item_2,38455,108,5 days,7 days,In Stock,3.8,None,No,4.2/5,India
Shop_39,Shop_39_P0003,Item_3,24260,535,5 days,7 days,In Stock,3.4,Free shipping,Yes,3.8/5,India
Shop_39,Shop_39_P0004,Item_4,35380,63,6 days,7 days,In Stock,4.7,Free shipping,Yes,4.8/5,India
Shop_39,Shop_39_P0005,Item_5,39241,266,3 days,7 days,Out of Stock,4.9,10% off,Yes,3.1/5,India
Shop_39,Shop_39_P0006,Item_6,38893,669,3 days,30 days,Out of Stock,3.5,Free shipping,No,4.0/5,India
Shop_39,Shop_39_P0007,Item_7,35557,182,3 days,30 days,In Stock,4.9,10% off,Yes,4.6/5,India
Shop_39,Shop_39_P0008,Item_8,31632,174,4 days,7 days,Out of Stock,4.6,10% off,No,4.3/5,India
Shop_39,Shop_39_P0009,Item_9,38804,611,4 days,30 days,In Stock,4.4,Free shipping,No,4.9/5,India
Shop_39,Shop_39_P0010,Item_10,20066,565,3 days,14 days,In Stock,4.0,None,Yes,4.8/5,India
Shop_39,Shop_39_P0011,Item_11,871,211,3 days,30 days,In Stock,3.2,Free shipping,No,4.7/5,India
Shop_39,Shop_39_P0012,Item_12,45685,698,7 days,14 days,In Stock,3.1,None,Yes,4.7/5,India
Shop_39,Shop_39_P0013,Item_13,30144,510,7 days,30 days,In Stock,3.3,10% off,Yes,3.3/5,India
Shop_39,Shop_39_P0014,Item_14,45216,349,3 days,7 days,In Stock,3.5,Free shipping,Yes,4.1/5,India
Shop_39,Shop_39_P0015,Item_15,17652,389,7 days,30 days,Out of Stock,4.3,10% off,Yes,4.2/5,India
Shop_39,Shop_39_P0016,Item_16,16037,544,3 days,14 days,In Stock,4.8,10% off,Yes,4.1/5,India
Shop_39,Shop_39_P0017,Item_17,49970,63,3 days,14 days,Out of Stock,3.7,10% off,Yes,4.2/5,India
Shop_39,Shop_39_P0018,Item_18,3106,115,6 days,14 days,In Stock,3.5,Free shipping,Yes,4.0/5,India
Shop_39,Shop_39_P0019,Item_19,49292,478,1 days,30 days,In Stock,3.8,None,No,3.6/5,India
Shop_39,Shop_39_P0020,Item_20,6238,249,6 days,7 days,Out of Stock,3.9,10% off,Yes,4.8/5,India
Shop_39,Shop_39_P0021,Item_21,32501,388,4 days,14 days,Out of Stock,3.2,Free shipping,Yes,3.9/5,India
Shop_39,Shop_39_P0022,Item_22,45611,249,2 days,14 days,Out of Stock,4.7,10% off,Yes,3.3/5,India
Shop_39,Shop_39_P0023,Item_23,18313,194,3 days,14 days,Out of Stock,4.4,10% off,No,4.2/5,India
Shop_39,Shop_39_P0024,Item_24,31165,48,4 days,7 days,Out of Stock,4.2,Free shipping,Yes,4.2/5,India
Shop_39,Shop_39_P0025,Item_25,10418,693,1 days,30 days,Out of Stock,4.4,None,No,4.8/5,India
Shop_39,Shop_39_P0026,Item_26,24411,262,4 days,7 days,In Stock,4.7,None,No,4.7/5,India
Shop_39,Shop_39_P0027,Item_27,14677,686,2 days,14 days,Out of Stock,5.0,None,No,4.2/5,India
Shop_39,Shop_39_P0028,Item_28,42162,200,5 days,14 days,Out of Stock,3.2,10% off,No,3.2/5,India
Shop_39,Shop_39_P0029,Item_29,31506,276,3 days,30 days,In Stock,3.2,Free shipping,Yes,4.2/5,India
Shop_39,Shop_39_P0030,Item_30,19067,455,1 days,30 days,Out of Stock,3.0,Free shipping,No,4.0/5,India
Shop_39,Shop_39_P0031,Item_31,20271,429,5 days,7 days,Out of Stock,4.5,10% off,No,4.5/5,India
Shop_39,Shop_39_P0032,Item_32,29825,277,6 days,30 days,Out of Stock,3.7,Free shipping,Yes,4.2/5,India
Shop_39,Shop_39_P0033,Item_33,28300,43,4 days,7 days,Out of Stock,3.0,None,No,4.3/5,India
Shop_39,Shop_39_P0034,Item_34,2898,315,7 days,30 days,Out of Stock,3.2,10% off,Yes,3.8/5,India
Shop_39,Shop_39_P0035,Item_35,4274,154,1 days,14 days,In Stock,4.8,Free shipping,Yes,4.1/5,India
Shop_39,Shop_39_P0036,Item_36,40135,270,5 days,7 days,In Stock,3.2,Free shipping,Yes,3.1/5,India
Shop_39,Shop_39_P0037,Item_37,33180,674,7 days,30 days,In Stock,3.8,10% off,Yes,4.7/5,India
Shop_39,Shop_39_P0038,Item_38,27986,204,3 days,30 days,In Stock,3.8,Free shipping,Yes,4.5/5,India
Shop_39,Shop_39_P0039,Item_39,44628,696,4 days,30 days,In Stock,4.8,Free shipping,Yes,3.8/5,India
Shop_39,Shop_39_P0040,Item_40,16900,216,6 days,30 days,In Stock,3.5,Free shipping,No,4.3/5,India
Shop_39,Shop_39_P0041,Item_41,33078,231,6 days,7 days,In Stock,3.6,Free shipping,No,3.3/5,India
Shop_39,Shop_39_P0042,Item_42,34784,228,5 days,30 days,Out of Stock,3.8,10% off,Yes,4.5/5,India
Shop_39,Shop_39_P0043,Item_43,9595,414,7 days,7 days,Out of Stock,3.4,10% off,Yes,4.8/5,India
Shop_39,Shop_39_P0044,Item_44,45011,347,5 days,14 days,In Stock,4.0,10% off,Yes,4.3/5,India
Shop_39,Shop_39_P0045,Item_45,988,82,2 days,30 days,Out of Stock,3.6,Free shipping,Yes,3.3/5,India
Shop_39,Shop_39_P0046,Item_46,23840,413,7 days,7 days,In Stock,4.6,None,No,4.9/5,India
Shop_39,Shop_39_P0047,Item_47,12027,181,1 days,30 days,In Stock,4.4,10% off,No,3.7/5,India
Shop_39,Shop_39_P0048,Item_48,44001,592,6 days,14 days,In Stock,3.5,Free shipping,No,3.6/5,India
Shop_39,Shop_39_P0049,Item_49,33335,542,6 days,14 days,In Stock,4.1,Free shipping,No,5.0/5,India
Shop_39,Shop_39_P0050,Item_50,24690,619,2 days,30 days,In Stock,4.1,None,No,3.3/5,India
Shop_39,Shop_39_P0051,Item_51,35469,202,3 days,30 days,In Stock,4.6,10% off,Yes,4.5/5,India
Shop_39,Shop_39_P0052,Item_52,24548,661,6 days,30 days,Out of Stock,4.7,None,Yes,3.6/5,India
Shop_39,Shop_39_P0053,Item_53,18519,163,2 days,7 days,In Stock,4.9,Free shipping,No,4.8/5,India
Shop_39,Shop_39_P0054,Item_54,18273,487,1 days,7 days,Out of Stock,4.3,10% off,No,4.5/5,India
Shop_39,Shop_39_P0055,Item_55,3682,507,3 days,30 days,In Stock,3.8,Free shipping,Yes,3.6/5,India
Shop_39,Shop_39_P0056,Item_56,26233,146,6 days,7 days,In Stock,4.7,None,No,4.8/5,India
Shop_39,Shop_39_P0057,Item_57,28658,233,5 days,7 days,In Stock,3.4,Free shipping,No,4.2/5,India
Shop_39,Shop_39_P0058,Item_58,29519,237,6 days,14 days,Out of Stock,4.3,None,Yes,3.3/5,India
Shop_39,Shop_39_P0059,Item_59,32554,457,6 days,30 days,In Stock,3.8,None,No,4.8/5,India
Shop_39,Shop_39_P0060,Item_60,39915,559,4 days,14 days,Out of Stock,4.5,None,No,4.1/5,India
Shop_39,Shop_39_P0061,Item_61,33855,644,2 days,7 days,Out of Stock,4.6,None,Yes,4.0/5,India
Shop_39,Shop_39_P0062,Item_62,27212,443,2 days,14 days,Out of Stock,3.0,Free shipping,No,5.0/5,India
Shop_39,Shop_39_P0063,Item_63,38554,682,4 days,30 days,In Stock,3.3,10% off,Yes,4.0/5,India
Shop_39,Shop_39_P0064,Item_64,2322,157,6 days,14 days,Out of Stock,3.5,Free shipping,Yes,3.7/5,India
Shop_39,Shop_39_P0065,Item_65,34685,568,3 days,14 days,Out of Stock,4.9,Free shipping,Yes,3.2/5,India
Shop_39,Shop_39_P0066,Item_66,29321,240,1 days,7 days,In Stock,3.8,Free shipping,No,4.4/5,India
Shop_39,Shop_39_P0067,Item_67,46738,79,5 days,7 days,In Stock,3.8,None,Yes,3.9/5,India
Shop_39,Shop_39_P0068,Item_68,32775,181,5 days,30 days,Out of Stock,3.9,10% off,No,4.6/5,India
Shop_39,Shop_39_P0069,Item_69,21145,282,5 days,30 days,In Stock,4.6,Free shipping,Yes,4.1/5,India
Shop_39,Shop_39_P0070,Item_70,35425,234,2 days,30 days,In Stock,5.0,10% off,Yes,3.8/5,India
Shop_39,Shop_39_P0071,Item_71,41080,493,7 days,14 days,In Stock,3.3,None,No,3.5/5,India
Shop_39,Shop_39_P0072,Item_72,21050,270,1 days,30 days,In Stock,4.7,10% off,Yes,3.5/5,India
Shop_39,Shop_39_P0073,Item_73,13398,293,2 days,14 days,In Stock,3.9,None,No,3.4/5,India
Shop_39,Shop_39_P0074,Item_74,33714,477,1 days,14 days,Out of Stock,4.9,None,No,4.1/5,India
Shop_39,Shop_39_P0075,Item_75,11510,419,7 days,30 days,In Stock,3.2,10% off,Yes,4.0/5,India
Shop_39,Shop_39_P0076,Item_76,26956,502,3 days,30 days,Out of Stock,3.7,None,Yes,4.1/5,India
Shop_39,Shop_39_P0077,Item_77,39174,539,3 days,30 days,In Stock,4.2,10% off,Yes,4.4/5,India
Shop_39,Shop_39_P0078,Item_78,42647,480,3 days,7 days,In Stock,3.4,Free shipping,No,4.6/5,India
Shop_39,Shop_39_P0079,Item_79,38073,644,1 days,14 days,In Stock,3.1,None,No,3.1/5,India
Shop_39,Shop_39_P0080,Item_80,34871,101,6 days,30 days,Out of Stock,3.2,10% off,No,3.2/5,India
Shop_39,Shop_39_P0081,Item_81,32143,669,5 days,30 days,In Stock,4.5,10% off,No,4.4/5,India
Shop_39,Shop_39_P0082,Item_82,40725,420,1 days,30 days,In Stock,4.0,10% off,No,4.7/5,India
Shop_39,Shop_39_P0083,Item_83,9778,619,4 days,14 days,In Stock,4.4,None,No,4.2/5,India
Shop_39,Shop_39_P0084,Item_84,40149,536,6 days,30 days,In Stock,4.9,Free shipping,No,4.3/5,India
Shop_39,Shop_39_P0085,Item_85,15768,535,4 days,30 days,Out of Stock,4.2,Free shipping,No,4.7/5,India
Shop_39,Shop_39_P0086,Item_86,34255,33,7 days,14 days,Out of Stock,3.6,Free shipping,Yes,4.1/5,India
Shop_39,Shop_39_P0087,Item_87,15260,624,6 days,30 days,Out of Stock,4.6,None,Yes,3.1/5,India
Shop_39,Shop_39_P0088,Item_88,15763,659,4 days,7 days,Out of Stock,4.1,Free shipping,No,3.4/5,India
Shop_39,Shop_39_P0089,Item_89,46482,441,3 days,7 days,Out of Stock,3.2,None,Yes,3.0/5,India
Shop_39,Shop_39_P0090,Item_90,23914,221,2 days,7 days,In Stock,4.3,None,No,4.5/5,India
Shop_39,Shop_39_P0091,Item_91,25627,274,7 days,14 days,In Stock,3.5,None,Yes,4.2/5,India
Shop_39,Shop_39_P0092,Item_92,33371,365,4 days,7 days,In Stock,3.8,10% off,No,3.7/5,India
Shop_39,Shop_39_P0093,Item_93,36687,45,2 days,7 days,Out of Stock,4.7,10% off,Yes,3.6/5,India
Shop_39,Shop_39_P0094,Item_94,30121,251,5 days,14 days,In Stock,3.9,None,No,3.2/5,India
Shop_39,Shop_39_P0095,Item_95,2805,477,3 days,30 days,In Stock,3.7,10% off,Yes,3.3/5,India
Shop_39,Shop_39_P0096,Item_96,31858,87,1 days,30 days,In Stock,3.7,10% off,Yes,4.4/5,India
Shop_39,Shop_39_P0097,Item_97,16750,576,5 days,14 days,Out of Stock,3.5,None,Yes,4.6/5,India
Shop_39,Shop_39_P0098,Item_98,4277,204,4 days,7 days,In Stock,4.9,None,Yes,3.9/5,India
Shop_39,Shop_39_P0099,Item_99,16292,153,5 days,14 days,In Stock,4.8,None,Yes,4.6/5,India
Shop_39,Shop_39_P0100,Item_100,22159,520,2 days,7 days,Out of Stock,3.8,10% off,Yes,4.5/5,India
Shop_40,Shop_40_P0001,Item_1,24562,231,1 days,14 days,In Stock,3.7,None,Yes,3.7/5,India
Shop_40,Shop_40_P0002,Item_2,38386,167,2 days,14 days,In Stock,3.8,None,Yes,4.7/5,India
Shop_40,Shop_40_P0003,Item_3,40664,371,6 days,14 days,Out of Stock,3.5,None,Yes,4.4/5,India
Shop_40,Shop_40_P0004,Item_4,16373,510,3 days,7 days,In Stock,4.6,Free shipping,Yes,4.9/5,India
Shop_40,Shop_40_P0005,Item_5,25551,697,5 days,7 days,Out of Stock,4.0,None,No,5.0/5,India
Shop_40,Shop_40_P0006,Item_6,7555,513,5 days,30 days,Out of Stock,4.2,Free shipping,Yes,4.2/5,India
Shop_40,Shop_40_P0007,Item_7,15147,623,6 days,30 days,Out of Stock,3.7,Free shipping,Yes,3.3/5,India
Shop_40,Shop_40_P0008,Item_8,34852,695,4 days,14 days,Out of Stock,3.0,None,Yes,3.9/5,India
Shop_40,Shop_40_P0009,Item_9,21279,224,2 days,7 days,Out of Stock,4.5,None,No,3.3/5,India
Shop_40,Shop_40_P0010,Item_10,5289,220,2 days,30 days,In Stock,3.1,None,No,3.2/5,India
Shop_40,Shop_40_P0011,Item_11,46426,531,3 days,30 days,In Stock,3.2,None,No,4.7/5,India
Shop_40,Shop_40_P0012,Item_12,10321,484,2 days,14 days,In Stock,4.7,None,No,3.1/5,India
Shop_40,Shop_40_P0013,Item_13,6067,122,4 days,14 days,In Stock,3.1,Free shipping,No,4.4/5,India
Shop_40,Shop_40_P0014,Item_14,32537,558,1 days,14 days,In Stock,4.6,Free shipping,No,3.5/5,India
Shop_40,Shop_40_P0015,Item_15,39012,628,7 days,14 days,Out of Stock,3.2,Free shipping,No,3.6/5,India
Shop_40,Shop_40_P0016,Item_16,20817,569,2 days,30 days,Out of Stock,3.2,Free shipping,Yes,3.5/5,India
Shop_40,Shop_40_P0017,Item_17,41385,456,3 days,30 days,Out of Stock,3.9,None,Yes,3.4/5,India
Shop_40,Shop_40_P0018,Item_18,31711,292,3 days,7 days,Out of Stock,3.5,Free shipping,No,4.3/5,India
Shop_40,Shop_40_P0019,Item_19,22838,564,6 days,7 days,In Stock,4.2,Free shipping,Yes,4.8/5,India
Shop_40,Shop_40_P0020,Item_20,35551,598,6 days,14 days,In Stock,4.8,Free shipping,No,3.3/5,India
Shop_40,Shop_40_P0021,Item_21,32159,435,5 days,7 days,In Stock,4.8,10% off,No,3.6/5,India
Shop_40,Shop_40_P0022,Item_22,2519,265,1 days,7 days,In Stock,4.2,None,No,4.1/5,India
Shop_40,Shop_40_P0023,Item_23,31679,486,3 days,7 days,Out of Stock,4.4,Free shipping,Yes,3.6/5,India
Shop_40,Shop_40_P0024,Item_24,39525,246,7 days,30 days,Out of Stock,3.2,Free shipping,No,3.0/5,India
Shop_40,Shop_40_P0025,Item_25,7166,497,4 days,14 days,Out of Stock,4.0,10% off,Yes,3.2/5,India
Shop_40,Shop_40_P0026,Item_26,14155,63,3 days,14 days,Out of Stock,3.4,10% off,No,4.5/5,India
Shop_40,Shop_40_P0027,Item_27,46095,454,6 days,30 days,In Stock,4.6,None,Yes,3.8/5,India
Shop_40,Shop_40_P0028,Item_28,32181,677,6 days,14 days,Out of Stock,3.8,Free shipping,No,3.6/5,India
Shop_40,Shop_40_P0029,Item_29,27399,513,4 days,7 days,Out of Stock,3.9,Free shipping,Yes,4.8/5,India
Shop_40,Shop_40_P0030,Item_30,36895,503,7 days,14 days,Out of Stock,4.0,10% off,No,3.4/5,India
Shop_40,Shop_40_P0031,Item_31,28077,251,6 days,14 days,Out of Stock,4.2,10% off,Yes,4.6/5,India
Shop_40,Shop_40_P0032,Item_32,17789,486,1 days,7 days,In Stock,3.7,Free shipping,No,4.5/5,India
Shop_40,Shop_40_P0033,Item_33,42380,315,3 days,30 days,In Stock,4.7,None,No,3.9/5,India
Shop_40,Shop_40_P0034,Item_34,41365,161,1 days,7 days,In Stock,3.3,10% off,Yes,3.5/5,India
Shop_40,Shop_40_P0035,Item_35,28796,241,7 days,7 days,In Stock,3.3,10% off,Yes,3.5/5,India
Shop_40,Shop_40_P0036,Item_36,4550,365,6 days,30 days,In Stock,3.8,10% off,No,4.2/5,India
Shop_40,Shop_40_P0037,Item_37,3317,613,1 days,14 days,Out of Stock,3.2,Free shipping,No,4.9/5,India
Shop_40,Shop_40_P0038,Item_38,10304,635,3 days,30 days,Out of Stock,4.1,Free shipping,No,4.8/5,India
Shop_40,Shop_40_P0039,Item_39,24172,77,3 days,30 days,In Stock,4.3,Free shipping,Yes,4.0/5,India
Shop_40,Shop_40_P0040,Item_40,28646,57,7 days,14 days,In Stock,4.4,Free shipping,Yes,4.9/5,India
Shop_40,Shop_40_P0041,Item_41,5396,54,2 days,7 days,Out of Stock,4.2,None,No,4.9/5,India
Shop_40,Shop_40_P0042,Item_42,43834,222,5 days,30 days,Out of Stock,3.8,None,No,4.8/5,India
Shop_40,Shop_40_P0043,Item_43,8277,437,1 days,30 days,In Stock,4.6,Free shipping,Yes,4.1/5,India
Shop_40,Shop_40_P0044,Item_44,11904,346,3 days,30 days,Out of Stock,3.2,Free shipping,Yes,4.6/5,India
Shop_40,Shop_40_P0045,Item_45,9941,390,1 days,14 days,In Stock,3.4,10% off,No,3.3/5,India
Shop_40,Shop_40_P0046,Item_46,16401,671,4 days,14 days,In Stock,3.8,10% off,Yes,3.3/5,India
Shop_40,Shop_40_P0047,Item_47,21625,253,4 days,14 days,In Stock,4.3,10% off,No,4.0/5,India
Shop_40,Shop_40_P0048,Item_48,17062,281,5 days,7 days,In Stock,5.0,None,Yes,4.7/5,India
Shop_40,Shop_40_P0049,Item_49,20412,50,6 days,30 days,Out of Stock,3.9,None,No,4.7/5,India
Shop_40,Shop_40_P0050,Item_50,29165,582,3 days,7 days,Out of Stock,4.9,10% off,Yes,3.3/5,India
Shop_40,Shop_40_P0051,Item_51,26161,694,3 days,30 days,In Stock,3.2,10% off,No,4.0/5,India
Shop_40,Shop_40_P0052,Item_52,10361,242,7 days,30 days,Out of Stock,3.9,None,Yes,5.0/5,India
Shop_40,Shop_40_P0053,Item_53,6434,157,7 days,30 days,Out of Stock,3.5,Free shipping,Yes,4.5/5,India
Shop_40,Shop_40_P0054,Item_54,37349,84,6 days,14 days,Out of Stock,4.9,Free shipping,Yes,4.5/5,India
Shop_40,Shop_40_P0055,Item_55,30193,524,4 days,7 days,In Stock,3.5,10% off,No,4.4/5,India
Shop_40,Shop_40_P0056,Item_56,25854,244,4 days,30 days,Out of Stock,4.0,Free shipping,Yes,4.9/5,India
Shop_40,Shop_40_P0057,Item_57,48312,82,4 days,30 days,Out of Stock,5.0,None,No,3.4/5,India
Shop_40,Shop_40_P0058,Item_58,38247,472,3 days,7 days,In Stock,3.6,Free shipping,Yes,3.7/5,India
Shop_40,Shop_40_P0059,Item_59,37167,99,6 days,14 days,Out of Stock,3.1,Free shipping,Yes,4.4/5,India
Shop_40,Shop_40_P0060,Item_60,24106,504,3 days,14 days,Out of Stock,3.5,10% off,No,4.9/5,India
Shop_40,Shop_40_P0061,Item_61,31588,364,5 days,30 days,Out of Stock,4.6,None,Yes,4.1/5,India
Shop_40,Shop_40_P0062,Item_62,46148,96,6 days,7 days,In Stock,3.3,None,No,3.3/5,India
Shop_40,Shop_40_P0063,Item_63,12885,668,7 days,14 days,Out of Stock,3.4,Free shipping,Yes,3.2/5,India
Shop_40,Shop_40_P0064,Item_64,42405,659,1 days,14 days,In Stock,3.7,Free shipping,No,3.5/5,India
Shop_40,Shop_40_P0065,Item_65,30738,444,1 days,7 days,In Stock,4.5,None,Yes,3.5/5,India
Shop_40,Shop_40_P0066,Item_66,15337,171,1 days,14 days,Out of Stock,3.8,None,Yes,3.3/5,India
Shop_40,Shop_40_P0067,Item_67,38913,400,1 days,7 days,Out of Stock,3.8,Free shipping,Yes,3.6/5,India
Shop_40,Shop_40_P0068,Item_68,46151,322,7 days,30 days,Out of Stock,5.0,10% off,No,3.7/5,India
Shop_40,Shop_40_P0069,Item_69,40875,597,3 days,14 days,In Stock,4.6,None,Yes,3.6/5,India
Shop_40,Shop_40_P0070,Item_70,7553,500,5 days,14 days,Out of Stock,4.6,10% off,No,4.2/5,India
Shop_40,Shop_40_P0071,Item_71,21087,103,3 days,14 days,In Stock,4.7,None,No,3.3/5,India
Shop_40,Shop_40_P0072,Item_72,30928,672,5 days,14 days,Out of Stock,3.0,Free shipping,No,3.2/5,India
Shop_40,Shop_40_P0073,Item_73,599,653,4 days,7 days,Out of Stock,3.6,None,Yes,4.5/5,India
Shop_40,Shop_40_P0074,Item_74,25287,451,7 days,30 days,Out of Stock,3.0,None,Yes,4.9/5,India
Shop_40,Shop_40_P0075,Item_75,27473,315,6 days,14 days,In Stock,3.6,10% off,Yes,4.2/5,India
Shop_40,Shop_40_P0076,Item_76,16401,142,3 days,14 days,In Stock,3.4,None,Yes,3.1/5,India
Shop_40,Shop_40_P0077,Item_77,15190,149,1 days,7 days,In Stock,4.1,10% off,No,4.4/5,India
Shop_40,Shop_40_P0078,Item_78,39173,151,7 days,7 days,Out of Stock,5.0,10% off,No,4.5/5,India
Shop_40,Shop_40_P0079,Item_79,19529,193,6 days,14 days,In Stock,3.2,10% off,No,3.1/5,India
Shop_40,Shop_40_P0080,Item_80,49153,432,6 days,7 days,Out of Stock,3.3,None,Yes,3.9/5,India
Shop_40,Shop_40_P0081,Item_81,7685,125,3 days,7 days,Out of Stock,4.6,10% off,No,3.2/5,India
Shop_40,Shop_40_P0082,Item_82,36442,202,5 days,7 days,In Stock,4.6,Free shipping,Yes,4.5/5,India
Shop_40,Shop_40_P0083,Item_83,2926,447,2 days,30 days,In Stock,3.6,10% off,No,3.5/5,India
Shop_40,Shop_40_P0084,Item_84,36391,550,1 days,30 days,In Stock,3.8,10% off,Yes,3.6/5,India
Shop_40,Shop_40_P0085,Item_85,3641,587,2 days,14 days,Out of Stock,3.8,Free shipping,Yes,4.8/5,India
Shop_40,Shop_40_P0086,Item_86,35629,558,5 days,7 days,In Stock,3.4,None,Yes,4.7/5,India
Shop_40,Shop_40_P0087,Item_87,28497,582,2 days,14 days,In Stock,4.2,Free shipping,Yes,4.6/5,India
Shop_40,Shop_40_P0088,Item_88,25063,207,6 days,7 days,Out of Stock,4.4,10% off,Yes,3.1/5,India
Shop_40,Shop_40_P0089,Item_89,22316,487,7 days,7 days,Out of Stock,4.4,Free shipping,Yes,4.7/5,India
Shop_40,Shop_40_P0090,Item_90,42095,78,7 days,7 days,Out of Stock,3.2,Free shipping,Yes,4.0/5,India
Shop_40,Shop_40_P0091,Item_91,28538,548,6 days,14 days,Out of Stock,3.6,10% off,Yes,5.0/5,India
Shop_40,Shop_40_P0092,Item_92,29342,637,3 days,14 days,In Stock,4.9,None,Yes,5.0/5,India
Shop_40,Shop_40_P0093,Item_93,40723,486,4 days,14 days,Out of Stock,4.1,10% off,Yes,4.6/5,India
Shop_40,Shop_40_P0094,Item_94,7601,92,4 days,30 days,In Stock,4.6,Free shipping,Yes,4.9/5,India
Shop_40,Shop_40_P0095,Item_95,39536,162,4 days,14 days,In Stock,3.7,10% off,Yes,4.3/5,India
Shop_40,Shop_40_P0096,Item_96,49903,244,7 days,30 days,Out of Stock,3.7,Free shipping,No,3.0/5,India
Shop_40,Shop_40_P0097,Item_97,5344,337,2 days,7 days,Out of Stock,4.9,Free shipping,Yes,3.3/5,India
Shop_40,Shop_40_P0098,Item_98,2084,427,4 days,30 days,In Stock,3.0,10% off,Yes,4.7/5,India
Shop_40,Shop_40_P0099,Item_99,45955,676,4 days,14 days,Out of Stock,4.4,10% off,Yes,3.3/5,India
Shop_40,Shop_40_P0100,Item_100,11152,174,5 days,7 days,In Stock,4.5,10% off,Yes,3.2/5,India
Shop_41,Shop_41_P0001,Item_1,49619,133,1 days,7 days,In Stock,4.4,None,No,3.3/5,India
Shop_41,Shop_41_P0002,Item_2,36298,26,7 days,30 days,In Stock,4.7,Free shipping,No,4.2/5,India
Shop_41,Shop_41_P0003,Item_3,37606,459,2 days,7 days,In Stock,3.5,None,Yes,4.8/5,India
Shop_41,Shop_41_P0004,Item_4,9261,153,1 days,7 days,Out of Stock,4.7,Free shipping,Yes,3.5/5,India
Shop_41,Shop_41_P0005,Item_5,14303,485,3 days,30 days,In Stock,4.1,Free shipping,Yes,4.6/5,India
Shop_41,Shop_41_P0006,Item_6,17064,250,7 days,7 days,Out of Stock,3.6,Free shipping,Yes,4.5/5,India
Shop_41,Shop_41_P0007,Item_7,28772,503,6 days,7 days,Out of Stock,3.2,Free shipping,No,4.8/5,India
Shop_41,Shop_41_P0008,Item_8,17248,368,6 days,14 days,Out of Stock,3.6,Free shipping,Yes,4.9/5,India
Shop_41,Shop_41_P0009,Item_9,10446,496,4 days,14 days,In Stock,4.2,Free shipping,Yes,4.2/5,India
Shop_41,Shop_41_P0010,Item_10,34993,240,4 days,30 days,Out of Stock,3.7,Free shipping,No,4.6/5,India
Shop_41,Shop_41_P0011,Item_11,1746,139,4 days,30 days,In Stock,3.2,10% off,Yes,3.4/5,India
Shop_41,Shop_41_P0012,Item_12,1324,675,1 days,30 days,Out of Stock,3.9,10% off,Yes,3.3/5,India
Shop_41,Shop_41_P0013,Item_13,18496,386,4 days,30 days,In Stock,3.1,10% off,No,4.9/5,India
Shop_41,Shop_41_P0014,Item_14,2463,40,5 days,14 days,In Stock,4.7,Free shipping,Yes,3.8/5,India
Shop_41,Shop_41_P0015,Item_15,23053,75,2 days,30 days,In Stock,4.9,Free shipping,Yes,4.9/5,India
Shop_41,Shop_41_P0016,Item_16,4270,699,3 days,14 days,Out of Stock,4.8,10% off,Yes,3.9/5,India
Shop_41,Shop_41_P0017,Item_17,35523,525,4 days,14 days,Out of Stock,5.0,None,No,4.6/5,India
Shop_41,Shop_41_P0018,Item_18,35513,368,6 days,7 days,Out of Stock,5.0,10% off,Yes,3.2/5,India
Shop_41,Shop_41_P0019,Item_19,6036,372,7 days,14 days,In Stock,3.4,10% off,No,4.6/5,India
Shop_41,Shop_41_P0020,Item_20,31198,362,2 days,14 days,Out of Stock,4.0,Free shipping,No,3.9/5,India
Shop_41,Shop_41_P0021,Item_21,18877,605,2 days,7 days,Out of Stock,3.2,None,Yes,3.0/5,India
Shop_41,Shop_41_P0022,Item_22,27992,381,2 days,7 days,In Stock,4.0,10% off,Yes,3.6/5,India
Shop_41,Shop_41_P0023,Item_23,22146,263,4 days,7 days,Out of Stock,4.1,None,Yes,3.7/5,India
Shop_41,Shop_41_P0024,Item_24,8257,387,7 days,7 days,Out of Stock,4.0,10% off,Yes,4.1/5,India
Shop_41,Shop_41_P0025,Item_25,46550,539,2 days,30 days,In Stock,4.7,None,No,4.1/5,India
Shop_41,Shop_41_P0026,Item_26,36763,567,6 days,14 days,In Stock,3.4,None,Yes,3.9/5,India
Shop_41,Shop_41_P0027,Item_27,21535,415,6 days,7 days,In Stock,4.7,Free shipping,Yes,3.4/5,India
Shop_41,Shop_41_P0028,Item_28,45080,275,1 days,7 days,In Stock,4.4,10% off,Yes,4.2/5,India
Shop_41,Shop_41_P0029,Item_29,963,271,6 days,14 days,In Stock,3.6,None,No,3.7/5,India
Shop_41,Shop_41_P0030,Item_30,49979,409,3 days,7 days,Out of Stock,3.7,Free shipping,No,4.3/5,India
Shop_41,Shop_41_P0031,Item_31,43942,164,2 days,7 days,In Stock,3.3,None,No,4.1/5,India
Shop_41,Shop_41_P0032,Item_32,19394,275,1 days,7 days,Out of Stock,3.2,Free shipping,Yes,4.0/5,India
Shop_41,Shop_41_P0033,Item_33,29329,519,2 days,14 days,Out of Stock,4.8,None,Yes,3.6/5,India
Shop_41,Shop_41_P0034,Item_34,38523,154,6 days,14 days,In Stock,3.0,Free shipping,Yes,4.4/5,India
Shop_41,Shop_41_P0035,Item_35,26536,310,7 days,30 days,Out of Stock,3.4,None,Yes,3.2/5,India
Shop_41,Shop_41_P0036,Item_36,20575,244,6 days,7 days,In Stock,4.1,None,Yes,3.6/5,India
Shop_41,Shop_41_P0037,Item_37,49524,419,4 days,14 days,In Stock,4.3,10% off,No,4.4/5,India
Shop_41,Shop_41_P0038,Item_38,43057,493,4 days,14 days,In Stock,4.4,Free shipping,Yes,3.7/5,India
Shop_41,Shop_41_P0039,Item_39,17287,205,5 days,7 days,In Stock,4.1,None,No,4.5/5,India
Shop_41,Shop_41_P0040,Item_40,16118,548,7 days,30 days,Out of Stock,3.4,Free shipping,Yes,4.3/5,India
Shop_41,Shop_41_P0041,Item_41,6548,427,3 days,7 days,Out of Stock,4.4,10% off,Yes,3.3/5,India
Shop_41,Shop_41_P0042,Item_42,41436,273,7 days,30 days,In Stock,3.9,Free shipping,Yes,3.3/5,India
Shop_41,Shop_41_P0043,Item_43,34106,248,5 days,30 days,Out of Stock,3.5,10% off,Yes,3.0/5,India
Shop_41,Shop_41_P0044,Item_44,39567,638,5 days,7 days,Out of Stock,4.8,None,No,4.7/5,India
Shop_41,Shop_41_P0045,Item_45,20941,72,5 days,7 days,In Stock,3.8,None,Yes,4.0/5,India
Shop_41,Shop_41_P0046,Item_46,44305,97,4 days,30 days,In Stock,3.6,10% off,Yes,3.7/5,India
Shop_41,Shop_41_P0047,Item_47,23753,23,3 days,30 days,Out of Stock,4.0,10% off,Yes,4.1/5,India
Shop_41,Shop_41_P0048,Item_48,18045,241,1 days,14 days,Out of Stock,3.0,10% off,No,3.5/5,India
Shop_41,Shop_41_P0049,Item_49,16332,394,3 days,14 days,Out of Stock,4.0,None,No,3.4/5,India
Shop_41,Shop_41_P0050,Item_50,28705,42,1 days,14 days,Out of Stock,3.4,Free shipping,Yes,3.6/5,India
Shop_41,Shop_41_P0051,Item_51,6030,58,7 days,30 days,Out of Stock,3.8,Free shipping,Yes,4.7/5,India
Shop_41,Shop_41_P0052,Item_52,18993,641,4 days,30 days,In Stock,3.5,Free shipping,Yes,3.0/5,India
Shop_41,Shop_41_P0053,Item_53,5516,187,1 days,7 days,Out of Stock,4.7,None,Yes,4.6/5,India
Shop_41,Shop_41_P0054,Item_54,47366,128,6 days,7 days,In Stock,4.7,None,Yes,3.4/5,India
Shop_41,Shop_41_P0055,Item_55,44507,296,7 days,7 days,Out of Stock,4.6,None,Yes,3.5/5,India
Shop_41,Shop_41_P0056,Item_56,21193,503,2 days,14 days,In Stock,4.7,Free shipping,No,3.5/5,India
Shop_41,Shop_41_P0057,Item_57,27697,229,2 days,14 days,Out of Stock,4.2,None,No,3.3/5,India
Shop_41,Shop_41_P0058,Item_58,48950,654,2 days,14 days,In Stock,4.1,10% off,No,4.2/5,India
Shop_41,Shop_41_P0059,Item_59,24220,446,2 days,14 days,In Stock,4.7,10% off,Yes,3.1/5,India
Shop_41,Shop_41_P0060,Item_60,3546,575,7 days,7 days,Out of Stock,4.8,10% off,No,3.5/5,India
Shop_41,Shop_41_P0061,Item_61,42253,61,2 days,14 days,Out of Stock,3.2,10% off,Yes,4.1/5,India
Shop_41,Shop_41_P0062,Item_62,38377,46,1 days,30 days,Out of Stock,3.6,Free shipping,Yes,3.9/5,India
Shop_41,Shop_41_P0063,Item_63,4261,496,7 days,30 days,In Stock,3.6,10% off,Yes,3.2/5,India
Shop_41,Shop_41_P0064,Item_64,30668,552,6 days,30 days,Out of Stock,4.1,None,Yes,3.7/5,India
Shop_41,Shop_41_P0065,Item_65,40736,272,4 days,30 days,In Stock,4.9,10% off,No,3.8/5,India
Shop_41,Shop_41_P0066,Item_66,10498,487,2 days,7 days,Out of Stock,3.1,10% off,Yes,4.8/5,India
Shop_41,Shop_41_P0067,Item_67,34863,30,2 days,30 days,Out of Stock,4.6,Free shipping,Yes,4.4/5,India
Shop_41,Shop_41_P0068,Item_68,26283,251,6 days,7 days,In Stock,4.1,10% off,Yes,3.1/5,India
Shop_41,Shop_41_P0069,Item_69,878,559,1 days,30 days,In Stock,4.5,Free shipping,No,4.1/5,India
Shop_41,Shop_41_P0070,Item_70,39955,658,3 days,14 days,In Stock,4.5,10% off,Yes,3.8/5,India
Shop_41,Shop_41_P0071,Item_71,43396,528,7 days,7 days,Out of Stock,4.6,Free shipping,No,4.2/5,India
Shop_41,Shop_41_P0072,Item_72,15026,417,4 days,7 days,In Stock,5.0,Free shipping,Yes,3.3/5,India
Shop_41,Shop_41_P0073,Item_73,49381,48,5 days,30 days,In Stock,5.0,Free shipping,Yes,3.1/5,India
Shop_41,Shop_41_P0074,Item_74,48889,628,4 days,14 days,Out of Stock,3.5,10% off,No,3.2/5,India
Shop_41,Shop_41_P0075,Item_75,1022,574,5 days,7 days,In Stock,3.8,None,Yes,4.2/5,India
Shop_41,Shop_41_P0076,Item_76,8279,30,4 days,7 days,Out of Stock,4.5,None,No,3.2/5,India
Shop_41,Shop_41_P0077,Item_77,11045,636,3 days,30 days,In Stock,4.1,Free shipping,No,3.5/5,India
Shop_41,Shop_41_P0078,Item_78,46162,662,3 days,30 days,Out of Stock,4.3,Free shipping,Yes,3.1/5,India
Shop_41,Shop_41_P0079,Item_79,37370,102,2 days,14 days,Out of Stock,5.0,None,Yes,3.3/5,India
Shop_41,Shop_41_P0080,Item_80,40274,466,5 days,14 days,Out of Stock,3.7,Free shipping,No,4.1/5,India
Shop_41,Shop_41_P0081,Item_81,29049,536,3 days,30 days,In Stock,4.9,Free shipping,No,4.2/5,India
Shop_41,Shop_41_P0082,Item_82,22470,346,2 days,30 days,In Stock,4.0,Free shipping,Yes,3.8/5,India
Shop_41,Shop_41_P0083,Item_83,1180,331,6 days,14 days,In Stock,3.3,Free shipping,Yes,3.5/5,India
Shop_41,Shop_41_P0084,Item_84,17637,126,5 days,30 days,Out of Stock,4.1,None,Yes,3.4/5,India
Shop_41,Shop_41_P0085,Item_85,28260,232,1 days,30 days,Out of Stock,3.5,Free shipping,Yes,3.6/5,India
Shop_41,Shop_41_P0086,Item_86,44482,49,1 days,30 days,Out of Stock,3.7,10% off,Yes,4.5/5,India
Shop_41,Shop_41_P0087,Item_87,22895,141,3 days,14 days,In Stock,3.3,None,Yes,4.4/5,India
Shop_41,Shop_41_P0088,Item_88,28071,198,1 days,30 days,Out of Stock,4.8,None,No,3.8/5,India
Shop_41,Shop_41_P0089,Item_89,33525,571,5 days,30 days,Out of Stock,3.5,Free shipping,Yes,4.5/5,India
Shop_41,Shop_41_P0090,Item_90,1433,685,2 days,7 days,Out of Stock,3.2,10% off,Yes,3.3/5,India
Shop_41,Shop_41_P0091,Item_91,28702,481,7 days,7 days,In Stock,3.2,10% off,No,4.7/5,India
Shop_41,Shop_41_P0092,Item_92,40063,227,7 days,30 days,Out of Stock,3.5,10% off,Yes,4.0/5,India
Shop_41,Shop_41_P0093,Item_93,36889,22,5 days,30 days,Out of Stock,3.1,Free shipping,No,4.0/5,India
Shop_41,Shop_41_P0094,Item_94,45848,247,1 days,14 days,Out of Stock,4.2,10% off,Yes,4.0/5,India
Shop_41,Shop_41_P0095,Item_95,6903,320,3 days,14 days,In Stock,3.7,10% off,Yes,3.9/5,India
Shop_41,Shop_41_P0096,Item_96,47835,42,2 days,14 days,In Stock,3.7,None,No,3.8/5,India
Shop_41,Shop_41_P0097,Item_97,772,481,2 days,30 days,Out of Stock,4.3,None,Yes,3.9/5,India
Shop_41,Shop_41_P0098,Item_98,11928,190,1 days,14 days,In Stock,3.5,10% off,No,4.5/5,India
Shop_41,Shop_41_P0099,Item_99,40448,368,3 days,30 days,In Stock,4.2,None,No,3.7/5,India
Shop_41,Shop_41_P0100,Item_100,25140,263,4 days,30 days,In Stock,4.7,Free shipping,No,4.0/5,India
Shop_42,Shop_42_P0001,Item_1,30213,497,3 days,30 days,In Stock,3.7,None,Yes,4.7/5,India
Shop_42,Shop_42_P0002,Item_2,9221,618,4 days,30 days,In Stock,3.7,None,No,4.3/5,India
Shop_42,Shop_42_P0003,Item_3,44881,500,5 days,14 days,Out of Stock,4.9,None,Yes,4.0/5,India
Shop_42,Shop_42_P0004,Item_4,39206,366,4 days,30 days,In Stock,3.5,None,No,4.8/5,India
Shop_42,Shop_42_P0005,Item_5,4755,244,1 days,7 days,In Stock,4.3,10% off,No,3.8/5,India
Shop_42,Shop_42_P0006,Item_6,44182,52,5 days,7 days,In Stock,4.4,10% off,Yes,4.5/5,India
Shop_42,Shop_42_P0007,Item_7,25370,176,4 days,7 days,In Stock,4.3,Free shipping,Yes,4.1/5,India
Shop_42,Shop_42_P0008,Item_8,22267,348,5 days,30 days,Out of Stock,4.4,None,Yes,4.0/5,India
Shop_42,Shop_42_P0009,Item_9,43727,288,4 days,7 days,In Stock,3.9,10% off,Yes,4.9/5,India
Shop_42,Shop_42_P0010,Item_10,13586,60,2 days,14 days,In Stock,4.0,None,Yes,3.3/5,India
Shop_42,Shop_42_P0011,Item_11,26527,220,7 days,30 days,In Stock,4.3,None,No,3.9/5,India
Shop_42,Shop_42_P0012,Item_12,28882,213,6 days,14 days,Out of Stock,3.1,None,No,4.0/5,India
Shop_42,Shop_42_P0013,Item_13,6025,153,5 days,14 days,In Stock,3.5,10% off,No,3.8/5,India
Shop_42,Shop_42_P0014,Item_14,23804,28,7 days,7 days,In Stock,3.8,10% off,Yes,4.1/5,India
Shop_42,Shop_42_P0015,Item_15,22860,324,5 days,30 days,In Stock,4.2,10% off,Yes,4.1/5,India
Shop_42,Shop_42_P0016,Item_16,48675,419,3 days,14 days,Out of Stock,3.2,Free shipping,Yes,4.6/5,India
Shop_42,Shop_42_P0017,Item_17,4039,537,1 days,7 days,Out of Stock,3.2,10% off,No,3.2/5,India
Shop_42,Shop_42_P0018,Item_18,32078,68,3 days,14 days,In Stock,4.0,None,No,4.5/5,India
Shop_42,Shop_42_P0019,Item_19,46546,251,4 days,7 days,In Stock,3.4,Free shipping,Yes,3.1/5,India
Shop_42,Shop_42_P0020,Item_20,12879,543,1 days,14 days,Out of Stock,4.1,Free shipping,Yes,5.0/5,India
Shop_42,Shop_42_P0021,Item_21,49477,128,7 days,30 days,In Stock,3.8,Free shipping,Yes,4.9/5,India
Shop_42,Shop_42_P0022,Item_22,1952,247,1 days,14 days,Out of Stock,4.0,10% off,No,3.9/5,India
Shop_42,Shop_42_P0023,Item_23,21148,479,1 days,14 days,In Stock,3.8,10% off,No,4.4/5,India
Shop_42,Shop_42_P0024,Item_24,18340,512,5 days,30 days,In Stock,4.1,10% off,No,4.3/5,India
Shop_42,Shop_42_P0025,Item_25,39463,279,7 days,30 days,Out of Stock,5.0,Free shipping,Yes,3.5/5,India
Shop_42,Shop_42_P0026,Item_26,47670,413,5 days,14 days,Out of Stock,4.9,Free shipping,No,4.8/5,India
Shop_42,Shop_42_P0027,Item_27,24557,286,1 days,14 days,In Stock,3.4,None,Yes,3.0/5,India
Shop_42,Shop_42_P0028,Item_28,35950,189,3 days,30 days,Out of Stock,5.0,None,No,4.6/5,India
Shop_42,Shop_42_P0029,Item_29,47575,167,4 days,30 days,In Stock,4.9,10% off,No,4.4/5,India
Shop_42,Shop_42_P0030,Item_30,19915,589,2 days,7 days,In Stock,4.0,Free shipping,Yes,4.0/5,India
Shop_42,Shop_42_P0031,Item_31,37220,373,3 days,30 days,In Stock,3.1,None,No,4.5/5,India
Shop_42,Shop_42_P0032,Item_32,10260,649,2 days,7 days,Out of Stock,3.5,10% off,Yes,4.9/5,India
Shop_42,Shop_42_P0033,Item_33,48224,649,2 days,30 days,In Stock,3.2,None,Yes,4.7/5,India
Shop_42,Shop_42_P0034,Item_34,22482,668,1 days,14 days,In Stock,3.2,Free shipping,Yes,3.2/5,India
Shop_42,Shop_42_P0035,Item_35,14928,97,5 days,30 days,In Stock,4.2,Free shipping,No,3.6/5,India
Shop_42,Shop_42_P0036,Item_36,22609,664,2 days,7 days,Out of Stock,3.8,None,Yes,4.1/5,India
Shop_42,Shop_42_P0037,Item_37,47336,330,1 days,30 days,In Stock,3.6,Free shipping,Yes,3.9/5,India
Shop_42,Shop_42_P0038,Item_38,17274,673,6 days,7 days,In Stock,4.2,None,Yes,3.8/5,India
Shop_42,Shop_42_P0039,Item_39,10880,63,6 days,30 days,Out of Stock,3.9,Free shipping,Yes,4.8/5,India
Shop_42,Shop_42_P0040,Item_40,6105,474,3 days,7 days,Out of Stock,4.9,None,No,3.8/5,India
Shop_42,Shop_42_P0041,Item_41,7433,358,6 days,7 days,In Stock,4.3,10% off,No,4.4/5,India
Shop_42,Shop_42_P0042,Item_42,19524,563,1 days,7 days,In Stock,4.9,None,No,3.5/5,India
Shop_42,Shop_42_P0043,Item_43,29101,506,3 days,30 days,In Stock,4.3,None,Yes,3.6/5,India
Shop_42,Shop_42_P0044,Item_44,47243,122,4 days,30 days,Out of Stock,3.3,10% off,No,3.8/5,India
Shop_42,Shop_42_P0045,Item_45,18122,477,3 days,30 days,Out of Stock,4.1,10% off,No,3.1/5,India
Shop_42,Shop_42_P0046,Item_46,38461,413,1 days,30 days,In Stock,4.7,Free shipping,Yes,3.1/5,India
Shop_42,Shop_42_P0047,Item_47,18173,625,4 days,14 days,In Stock,4.4,None,Yes,4.1/5,India
Shop_42,Shop_42_P0048,Item_48,6205,473,5 days,30 days,Out of Stock,3.3,10% off,Yes,4.4/5,India
Shop_42,Shop_42_P0049,Item_49,39049,262,7 days,7 days,In Stock,3.9,10% off,Yes,3.2/5,India
Shop_42,Shop_42_P0050,Item_50,1129,68,7 days,30 days,In Stock,3.7,Free shipping,No,3.8/5,India
Shop_42,Shop_42_P0051,Item_51,47542,152,7 days,30 days,Out of Stock,4.6,None,No,4.3/5,India
Shop_42,Shop_42_P0052,Item_52,48791,23,5 days,14 days,In Stock,3.8,None,No,4.0/5,India
Shop_42,Shop_42_P0053,Item_53,34428,606,3 days,14 days,Out of Stock,3.3,10% off,No,5.0/5,India
Shop_42,Shop_42_P0054,Item_54,17783,683,2 days,7 days,Out of Stock,4.5,None,Yes,3.9/5,India
Shop_42,Shop_42_P0055,Item_55,45073,36,1 days,30 days,Out of Stock,3.6,None,No,3.8/5,India
Shop_42,Shop_42_P0056,Item_56,8472,694,2 days,30 days,Out of Stock,4.4,Free shipping,No,3.2/5,India
Shop_42,Shop_42_P0057,Item_57,45490,218,4 days,7 days,In Stock,4.6,10% off,Yes,4.7/5,India
Shop_42,Shop_42_P0058,Item_58,18024,179,3 days,30 days,Out of Stock,3.3,None,Yes,4.4/5,India
Shop_42,Shop_42_P0059,Item_59,26529,354,2 days,14 days,In Stock,4.8,10% off,Yes,4.4/5,India
Shop_42,Shop_42_P0060,Item_60,29841,417,5 days,14 days,In Stock,4.1,Free shipping,Yes,3.6/5,India
Shop_42,Shop_42_P0061,Item_61,5385,438,6 days,14 days,In Stock,4.8,None,Yes,3.0/5,India
Shop_42,Shop_42_P0062,Item_62,25975,253,6 days,14 days,In Stock,4.6,None,No,4.2/5,India
Shop_42,Shop_42_P0063,Item_63,37256,104,4 days,30 days,In Stock,3.4,Free shipping,No,3.4/5,India
Shop_42,Shop_42_P0064,Item_64,20167,662,7 days,7 days,In Stock,4.2,None,No,4.1/5,India
Shop_42,Shop_42_P0065,Item_65,48522,94,1 days,7 days,In Stock,4.0,None,Yes,4.8/5,India
Shop_42,Shop_42_P0066,Item_66,35654,629,1 days,30 days,Out of Stock,5.0,Free shipping,No,4.4/5,India
Shop_42,Shop_42_P0067,Item_67,46693,363,4 days,30 days,Out of Stock,5.0,Free shipping,Yes,4.9/5,India
Shop_42,Shop_42_P0068,Item_68,17366,522,6 days,7 days,Out of Stock,4.4,Free shipping,Yes,4.5/5,India
Shop_42,Shop_42_P0069,Item_69,27451,429,2 days,14 days,In Stock,3.4,Free shipping,No,3.8/5,India
Shop_42,Shop_42_P0070,Item_70,12890,153,6 days,7 days,Out of Stock,3.5,10% off,Yes,3.6/5,India
Shop_42,Shop_42_P0071,Item_71,24814,517,6 days,30 days,In Stock,4.9,None,Yes,3.2/5,India
Shop_42,Shop_42_P0072,Item_72,26501,691,7 days,7 days,In Stock,4.1,None,Yes,4.1/5,India
Shop_42,Shop_42_P0073,Item_73,29902,491,2 days,30 days,Out of Stock,4.2,None,Yes,4.2/5,India
Shop_42,Shop_42_P0074,Item_74,26721,53,5 days,7 days,In Stock,3.4,10% off,Yes,4.4/5,India
Shop_42,Shop_42_P0075,Item_75,29191,152,2 days,7 days,Out of Stock,4.8,None,Yes,3.8/5,India
Shop_42,Shop_42_P0076,Item_76,13666,294,5 days,7 days,Out of Stock,4.6,None,Yes,3.6/5,India
Shop_42,Shop_42_P0077,Item_77,29654,534,6 days,7 days,Out of Stock,4.2,10% off,Yes,3.4/5,India
Shop_42,Shop_42_P0078,Item_78,30362,693,5 days,30 days,Out of Stock,5.0,None,No,4.5/5,India
Shop_42,Shop_42_P0079,Item_79,15493,525,3 days,30 days,Out of Stock,4.7,Free shipping,Yes,3.3/5,India
Shop_42,Shop_42_P0080,Item_80,16411,154,3 days,14 days,In Stock,3.2,None,No,3.9/5,India
Shop_42,Shop_42_P0081,Item_81,31397,361,5 days,14 days,Out of Stock,3.6,10% off,Yes,3.0/5,India
Shop_42,Shop_42_P0082,Item_82,44112,31,7 days,7 days,Out of Stock,3.4,None,No,3.2/5,India
Shop_42,Shop_42_P0083,Item_83,41039,401,4 days,7 days,In Stock,3.0,10% off,Yes,3.6/5,India
Shop_42,Shop_42_P0084,Item_84,13117,547,5 days,30 days,In Stock,3.2,Free shipping,Yes,3.3/5,India
Shop_42,Shop_42_P0085,Item_85,12281,590,2 days,30 days,In Stock,3.0,10% off,Yes,4.6/5,India
Shop_42,Shop_42_P0086,Item_86,28095,643,7 days,7 days,Out of Stock,3.3,Free shipping,No,3.8/5,India
Shop_42,Shop_42_P0087,Item_87,20958,593,5 days,7 days,In Stock,3.8,None,No,3.9/5,India
Shop_42,Shop_42_P0088,Item_88,35638,208,3 days,30 days,In Stock,4.7,None,No,3.4/5,India
Shop_42,Shop_42_P0089,Item_89,14789,360,7 days,30 days,Out of Stock,3.1,10% off,No,4.5/5,India
Shop_42,Shop_42_P0090,Item_90,25400,365,2 days,14 days,Out of Stock,3.5,Free shipping,Yes,3.6/5,India
Shop_42,Shop_42_P0091,Item_91,36116,45,7 days,7 days,Out of Stock,4.6,Free shipping,No,4.0/5,India
Shop_42,Shop_42_P0092,Item_92,6857,146,1 days,14 days,In Stock,4.0,None,Yes,3.8/5,India
Shop_42,Shop_42_P0093,Item_93,43293,550,5 days,30 days,In Stock,4.3,10% off,No,4.7/5,India
Shop_42,Shop_42_P0094,Item_94,6769,142,3 days,7 days,Out of Stock,3.0,None,Yes,4.2/5,India
Shop_42,Shop_42_P0095,Item_95,41524,77,5 days,7 days,Out of Stock,3.1,10% off,Yes,3.6/5,India
Shop_42,Shop_42_P0096,Item_96,38997,255,6 days,14 days,In Stock,3.7,Free shipping,No,3.7/5,India
Shop_42,Shop_42_P0097,Item_97,45794,107,7 days,7 days,Out of Stock,4.2,None,No,3.4/5,India
Shop_42,Shop_42_P0098,Item_98,33197,689,5 days,7 days,In Stock,4.5,10% off,No,4.9/5,India
Shop_42,Shop_42_P0099,Item_99,44367,26,1 days,30 days,In Stock,3.1,Free shipping,Yes,4.6/5,India
Shop_42,Shop_42_P0100,Item_100,30326,209,6 days,14 days,Out of Stock,3.4,10% off,No,3.8/5,India
Shop_43,Shop_43_P0001,Item_1,28753,141,2 days,14 days,In Stock,4.3,Free shipping,Yes,4.4/5,India
Shop_43,Shop_43_P0002,Item_2,47293,172,3 days,30 days,Out of Stock,4.2,None,No,3.0/5,India
Shop_43,Shop_43_P0003,Item_3,3898,396,2 days,7 days,In Stock,5.0,None,Yes,3.6/5,India
Shop_43,Shop_43_P0004,Item_4,5515,103,6 days,14 days,In Stock,3.7,Free shipping,No,4.8/5,India
Shop_43,Shop_43_P0005,Item_5,43361,697,6 days,14 days,Out of Stock,3.5,Free shipping,Yes,3.9/5,India
Shop_43,Shop_43_P0006,Item_6,36087,583,5 days,14 days,In Stock,4.0,10% off,Yes,3.8/5,India
Shop_43,Shop_43_P0007,Item_7,49390,22,2 days,30 days,Out of Stock,4.8,10% off,Yes,4.2/5,India
Shop_43,Shop_43_P0008,Item_8,1106,522,5 days,30 days,Out of Stock,3.4,10% off,No,3.6/5,India
Shop_43,Shop_43_P0009,Item_9,37615,405,3 days,7 days,In Stock,4.9,10% off,Yes,4.6/5,India
Shop_43,Shop_43_P0010,Item_10,29002,136,1 days,7 days,Out of Stock,4.9,None,No,4.6/5,India
Shop_43,Shop_43_P0011,Item_11,14051,353,5 days,30 days,In Stock,4.7,Free shipping,No,4.8/5,India
Shop_43,Shop_43_P0012,Item_12,9159,62,4 days,30 days,In Stock,3.2,None,No,4.2/5,India
Shop_43,Shop_43_P0013,Item_13,16748,284,6 days,7 days,In Stock,3.7,Free shipping,Yes,4.7/5,India
Shop_43,Shop_43_P0014,Item_14,27681,455,3 days,7 days,In Stock,4.0,Free shipping,No,3.2/5,India
Shop_43,Shop_43_P0015,Item_15,20895,224,4 days,14 days,In Stock,3.6,None,No,3.1/5,India
Shop_43,Shop_43_P0016,Item_16,25434,552,4 days,14 days,In Stock,5.0,10% off,Yes,4.9/5,India
Shop_43,Shop_43_P0017,Item_17,21071,209,7 days,7 days,In Stock,3.4,Free shipping,No,4.7/5,India
Shop_43,Shop_43_P0018,Item_18,10582,486,1 days,14 days,In Stock,3.2,None,Yes,4.7/5,India
Shop_43,Shop_43_P0019,Item_19,4131,627,3 days,30 days,In Stock,3.5,None,Yes,4.1/5,India
Shop_43,Shop_43_P0020,Item_20,31545,635,1 days,7 days,In Stock,3.3,Free shipping,No,3.6/5,India
Shop_43,Shop_43_P0021,Item_21,37783,420,4 days,14 days,In Stock,4.1,Free shipping,No,4.6/5,India
Shop_43,Shop_43_P0022,Item_22,14495,633,6 days,30 days,Out of Stock,3.7,None,No,4.2/5,India
Shop_43,Shop_43_P0023,Item_23,36795,384,7 days,30 days,Out of Stock,4.8,10% off,Yes,4.6/5,India
Shop_43,Shop_43_P0024,Item_24,18995,465,1 days,7 days,In Stock,4.1,None,No,3.4/5,India
Shop_43,Shop_43_P0025,Item_25,31491,525,6 days,30 days,In Stock,4.9,None,Yes,4.5/5,India
Shop_43,Shop_43_P0026,Item_26,7682,650,7 days,7 days,In Stock,3.9,10% off,Yes,4.7/5,India
Shop_43,Shop_43_P0027,Item_27,41178,335,3 days,30 days,Out of Stock,4.9,None,No,4.2/5,India
Shop_43,Shop_43_P0028,Item_28,19330,192,1 days,14 days,In Stock,3.6,10% off,No,3.7/5,India
Shop_43,Shop_43_P0029,Item_29,32371,272,2 days,30 days,In Stock,4.9,Free shipping,Yes,3.1/5,India
Shop_43,Shop_43_P0030,Item_30,44120,621,3 days,7 days,In Stock,3.0,10% off,Yes,3.8/5,India
Shop_43,Shop_43_P0031,Item_31,13442,602,4 days,30 days,In Stock,4.0,Free shipping,Yes,3.5/5,India
Shop_43,Shop_43_P0032,Item_32,17322,557,2 days,14 days,In Stock,3.5,10% off,Yes,4.5/5,India
Shop_43,Shop_43_P0033,Item_33,8495,560,5 days,30 days,Out of Stock,3.0,Free shipping,No,4.2/5,India
Shop_43,Shop_43_P0034,Item_34,30726,164,2 days,7 days,Out of Stock,4.1,None,No,4.4/5,India
Shop_43,Shop_43_P0035,Item_35,7011,333,6 days,7 days,In Stock,4.6,10% off,Yes,4.6/5,India
Shop_43,Shop_43_P0036,Item_36,42581,156,1 days,30 days,In Stock,4.3,Free shipping,Yes,3.4/5,India
Shop_43,Shop_43_P0037,Item_37,24872,299,6 days,7 days,In Stock,3.9,None,Yes,3.3/5,India
Shop_43,Shop_43_P0038,Item_38,48678,357,1 days,7 days,Out of Stock,3.2,10% off,No,4.5/5,India
Shop_43,Shop_43_P0039,Item_39,8657,341,4 days,7 days,Out of Stock,4.3,None,No,3.6/5,India
Shop_43,Shop_43_P0040,Item_40,28921,110,6 days,7 days,In Stock,5.0,10% off,Yes,3.9/5,India
Shop_43,Shop_43_P0041,Item_41,13208,509,3 days,30 days,Out of Stock,3.4,Free shipping,No,4.9/5,India
Shop_43,Shop_43_P0042,Item_42,48784,77,4 days,14 days,In Stock,4.8,None,Yes,3.9/5,India
Shop_43,Shop_43_P0043,Item_43,48460,293,6 days,14 days,Out of Stock,3.8,10% off,Yes,3.4/5,India
Shop_43,Shop_43_P0044,Item_44,28549,54,6 days,7 days,In Stock,3.2,10% off,Yes,3.9/5,India
Shop_43,Shop_43_P0045,Item_45,28471,30,1 days,30 days,In Stock,4.0,None,Yes,3.9/5,India
Shop_43,Shop_43_P0046,Item_46,19554,109,3 days,7 days,Out of Stock,4.3,10% off,No,3.7/5,India
Shop_43,Shop_43_P0047,Item_47,25039,185,1 days,7 days,In Stock,3.4,None,No,3.1/5,India
Shop_43,Shop_43_P0048,Item_48,13251,144,7 days,14 days,In Stock,4.3,Free shipping,No,3.6/5,India
Shop_43,Shop_43_P0049,Item_49,35121,397,1 days,7 days,In Stock,4.8,Free shipping,No,4.1/5,India
Shop_43,Shop_43_P0050,Item_50,15251,490,7 days,7 days,Out of Stock,4.3,None,No,4.8/5,India
Shop_43,Shop_43_P0051,Item_51,7661,236,6 days,30 days,In Stock,3.6,10% off,Yes,4.9/5,India
Shop_43,Shop_43_P0052,Item_52,19224,535,4 days,7 days,In Stock,3.4,Free shipping,Yes,3.8/5,India
Shop_43,Shop_43_P0053,Item_53,14864,211,1 days,7 days,Out of Stock,4.0,10% off,No,4.0/5,India
Shop_43,Shop_43_P0054,Item_54,23274,187,7 days,30 days,In Stock,4.8,Free shipping,Yes,4.3/5,India
Shop_43,Shop_43_P0055,Item_55,806,91,5 days,30 days,Out of Stock,4.1,10% off,Yes,4.0/5,India
Shop_43,Shop_43_P0056,Item_56,21946,26,5 days,30 days,In Stock,3.7,None,Yes,4.8/5,India
Shop_43,Shop_43_P0057,Item_57,28759,257,4 days,30 days,Out of Stock,3.5,10% off,Yes,3.7/5,India
Shop_43,Shop_43_P0058,Item_58,26965,577,6 days,7 days,Out of Stock,3.1,None,Yes,4.9/5,India
Shop_43,Shop_43_P0059,Item_59,1935,269,5 days,30 days,Out of Stock,3.9,None,Yes,3.0/5,India
Shop_43,Shop_43_P0060,Item_60,37591,651,7 days,30 days,In Stock,3.5,10% off,Yes,4.6/5,India
Shop_43,Shop_43_P0061,Item_61,9824,489,2 days,7 days,Out of Stock,4.5,Free shipping,No,3.8/5,India
Shop_43,Shop_43_P0062,Item_62,11374,198,7 days,30 days,Out of Stock,3.3,10% off,No,3.4/5,India
Shop_43,Shop_43_P0063,Item_63,25627,144,1 days,7 days,In Stock,4.0,10% off,No,3.2/5,India
Shop_43,Shop_43_P0064,Item_64,17561,392,2 days,7 days,In Stock,4.5,Free shipping,No,3.7/5,India
Shop_43,Shop_43_P0065,Item_65,32393,242,3 days,14 days,In Stock,4.0,Free shipping,Yes,4.0/5,India
Shop_43,Shop_43_P0066,Item_66,30747,129,1 days,30 days,Out of Stock,4.6,None,Yes,4.2/5,India
Shop_43,Shop_43_P0067,Item_67,33526,345,6 days,7 days,In Stock,4.7,None,No,4.5/5,India
Shop_43,Shop_43_P0068,Item_68,19186,618,3 days,14 days,Out of Stock,4.4,None,Yes,4.8/5,India
Shop_43,Shop_43_P0069,Item_69,13829,519,7 days,14 days,In Stock,3.3,None,No,4.5/5,India
Shop_43,Shop_43_P0070,Item_70,30689,113,3 days,14 days,In Stock,3.5,Free shipping,No,3.4/5,India
Shop_43,Shop_43_P0071,Item_71,27701,43,2 days,7 days,In Stock,3.7,10% off,Yes,4.0/5,India
Shop_43,Shop_43_P0072,Item_72,3320,209,2 days,14 days,Out of Stock,4.4,10% off,No,3.6/5,India
Shop_43,Shop_43_P0073,Item_73,9517,304,7 days,7 days,Out of Stock,4.8,Free shipping,Yes,3.6/5,India
Shop_43,Shop_43_P0074,Item_74,45842,546,3 days,7 days,Out of Stock,4.1,None,Yes,4.9/5,India
Shop_43,Shop_43_P0075,Item_75,19048,332,4 days,7 days,Out of Stock,4.8,None,Yes,4.0/5,India
Shop_43,Shop_43_P0076,Item_76,35499,168,5 days,14 days,Out of Stock,3.2,10% off,Yes,5.0/5,India
Shop_43,Shop_43_P0077,Item_77,15315,518,2 days,7 days,Out of Stock,3.8,Free shipping,No,3.2/5,India
Shop_43,Shop_43_P0078,Item_78,43926,159,1 days,7 days,In Stock,4.9,None,No,3.7/5,India
Shop_43,Shop_43_P0079,Item_79,11046,245,3 days,7 days,Out of Stock,3.5,None,Yes,3.8/5,India
Shop_43,Shop_43_P0080,Item_80,48930,258,6 days,14 days,Out of Stock,4.3,10% off,Yes,4.4/5,India
Shop_43,Shop_43_P0081,Item_81,18729,602,1 days,7 days,In Stock,3.9,Free shipping,No,4.4/5,India
Shop_43,Shop_43_P0082,Item_82,14029,665,6 days,14 days,In Stock,3.9,Free shipping,No,4.1/5,India
Shop_43,Shop_43_P0083,Item_83,40633,532,7 days,7 days,In Stock,4.8,Free shipping,Yes,4.0/5,India
Shop_43,Shop_43_P0084,Item_84,35196,453,7 days,30 days,Out of Stock,4.1,10% off,No,4.6/5,India
Shop_43,Shop_43_P0085,Item_85,30693,456,7 days,14 days,In Stock,4.9,None,No,3.8/5,India
Shop_43,Shop_43_P0086,Item_86,10094,566,7 days,14 days,In Stock,3.7,Free shipping,Yes,3.9/5,India
Shop_43,Shop_43_P0087,Item_87,37145,65,1 days,14 days,Out of Stock,4.8,Free shipping,Yes,3.2/5,India
Shop_43,Shop_43_P0088,Item_88,8191,481,7 days,14 days,Out of Stock,4.7,None,Yes,3.4/5,India
Shop_43,Shop_43_P0089,Item_89,23405,261,1 days,14 days,Out of Stock,3.9,None,No,4.1/5,India
Shop_43,Shop_43_P0090,Item_90,25959,597,6 days,30 days,In Stock,3.5,Free shipping,Yes,3.5/5,India
Shop_43,Shop_43_P0091,Item_91,9389,164,6 days,7 days,Out of Stock,4.5,None,No,4.7/5,India
Shop_43,Shop_43_P0092,Item_92,9075,570,5 days,14 days,Out of Stock,3.1,Free shipping,No,3.2/5,India
Shop_43,Shop_43_P0093,Item_93,1136,335,2 days,7 days,Out of Stock,4.8,None,No,3.6/5,India
Shop_43,Shop_43_P0094,Item_94,42788,315,1 days,30 days,Out of Stock,3.7,10% off,No,4.3/5,India
Shop_43,Shop_43_P0095,Item_95,37952,625,2 days,7 days,Out of Stock,4.7,None,Yes,4.0/5,India
Shop_43,Shop_43_P0096,Item_96,22164,78,5 days,7 days,In Stock,4.1,Free shipping,No,5.0/5,India
Shop_43,Shop_43_P0097,Item_97,20758,248,5 days,7 days,In Stock,3.1,None,No,5.0/5,India
Shop_43,Shop_43_P0098,Item_98,33208,394,6 days,14 days,Out of Stock,4.0,Free shipping,No,3.5/5,India
Shop_43,Shop_43_P0099,Item_99,42756,217,3 days,14 days,Out of Stock,3.5,Free shipping,Yes,3.8/5,India
Shop_43,Shop_43_P0100,Item_100,9707,377,4 days,14 days,In Stock,4.9,Free shipping,No,3.4/5,India
Shop_44,Shop_44_P0001,Item_1,30238,429,4 days,30 days,In Stock,4.1,None,Yes,3.6/5,India
Shop_44,Shop_44_P0002,Item_2,6144,102,7 days,14 days,Out of Stock,3.4,10% off,No,4.1/5,India
Shop_44,Shop_44_P0003,Item_3,19491,89,6 days,30 days,In Stock,5.0,Free shipping,Yes,4.3/5,India
Shop_44,Shop_44_P0004,Item_4,25550,449,3 days,30 days,In Stock,4.7,10% off,Yes,3.2/5,India
Shop_44,Shop_44_P0005,Item_5,40245,599,5 days,14 days,Out of Stock,3.0,10% off,No,4.4/5,India
Shop_44,Shop_44_P0006,Item_6,12095,500,1 days,30 days,Out of Stock,4.8,Free shipping,No,4.9/5,India
Shop_44,Shop_44_P0007,Item_7,29120,451,3 days,30 days,In Stock,3.1,None,Yes,4.3/5,India
Shop_44,Shop_44_P0008,Item_8,12597,368,1 days,30 days,Out of Stock,4.7,None,No,4.4/5,India
Shop_44,Shop_44_P0009,Item_9,14282,220,4 days,7 days,Out of Stock,4.5,10% off,No,3.9/5,India
Shop_44,Shop_44_P0010,Item_10,11801,606,1 days,14 days,In Stock,3.1,Free shipping,Yes,3.7/5,India
Shop_44,Shop_44_P0011,Item_11,22182,159,3 days,14 days,Out of Stock,3.2,10% off,No,3.6/5,India
Shop_44,Shop_44_P0012,Item_12,46628,259,6 days,7 days,Out of Stock,4.8,None,Yes,3.1/5,India
Shop_44,Shop_44_P0013,Item_13,22693,446,4 days,30 days,Out of Stock,4.9,10% off,No,3.8/5,India
Shop_44,Shop_44_P0014,Item_14,35796,448,1 days,30 days,In Stock,4.3,None,No,4.8/5,India
Shop_44,Shop_44_P0015,Item_15,32640,103,3 days,14 days,In Stock,4.3,None,No,4.9/5,India
Shop_44,Shop_44_P0016,Item_16,44701,452,5 days,30 days,Out of Stock,3.9,None,Yes,4.4/5,India
Shop_44,Shop_44_P0017,Item_17,41956,289,4 days,30 days,Out of Stock,4.6,Free shipping,Yes,3.8/5,India
Shop_44,Shop_44_P0018,Item_18,39982,344,7 days,30 days,In Stock,3.2,Free shipping,No,4.5/5,India
Shop_44,Shop_44_P0019,Item_19,36319,313,1 days,14 days,In Stock,3.6,10% off,Yes,3.2/5,India
Shop_44,Shop_44_P0020,Item_20,1405,56,2 days,7 days,Out of Stock,3.6,None,No,4.0/5,India
Shop_44,Shop_44_P0021,Item_21,5093,532,4 days,7 days,Out of Stock,4.0,None,Yes,4.8/5,India
Shop_44,Shop_44_P0022,Item_22,29542,521,4 days,14 days,In Stock,3.6,10% off,No,4.3/5,India
Shop_44,Shop_44_P0023,Item_23,35800,562,3 days,30 days,Out of Stock,4.4,None,Yes,3.4/5,India
Shop_44,Shop_44_P0024,Item_24,40494,315,3 days,14 days,In Stock,4.4,10% off,No,3.4/5,India
Shop_44,Shop_44_P0025,Item_25,23445,103,6 days,7 days,In Stock,3.2,Free shipping,Yes,4.8/5,India
Shop_44,Shop_44_P0026,Item_26,32742,559,6 days,30 days,Out of Stock,4.6,Free shipping,Yes,4.9/5,India
Shop_44,Shop_44_P0027,Item_27,19766,560,1 days,14 days,Out of Stock,4.5,10% off,No,4.8/5,India
Shop_44,Shop_44_P0028,Item_28,17419,168,5 days,14 days,Out of Stock,4.8,None,Yes,4.9/5,India
Shop_44,Shop_44_P0029,Item_29,30338,169,3 days,7 days,Out of Stock,3.4,Free shipping,No,4.0/5,India
Shop_44,Shop_44_P0030,Item_30,25918,170,4 days,30 days,Out of Stock,3.3,Free shipping,No,3.9/5,India
Shop_44,Shop_44_P0031,Item_31,3828,665,1 days,30 days,In Stock,3.9,10% off,No,4.5/5,India
Shop_44,Shop_44_P0032,Item_32,22702,589,6 days,14 days,In Stock,3.1,None,No,4.7/5,India
Shop_44,Shop_44_P0033,Item_33,33094,186,3 days,7 days,Out of Stock,4.8,10% off,Yes,4.4/5,India
Shop_44,Shop_44_P0034,Item_34,21949,302,2 days,30 days,Out of Stock,3.9,None,No,3.6/5,India
Shop_44,Shop_44_P0035,Item_35,41459,41,4 days,7 days,In Stock,4.8,10% off,Yes,3.1/5,India
Shop_44,Shop_44_P0036,Item_36,39234,547,2 days,14 days,Out of Stock,4.8,10% off,No,4.5/5,India
Shop_44,Shop_44_P0037,Item_37,46053,608,5 days,14 days,Out of Stock,4.7,Free shipping,Yes,5.0/5,India
Shop_44,Shop_44_P0038,Item_38,12274,314,7 days,14 days,In Stock,4.9,10% off,No,4.5/5,India
Shop_44,Shop_44_P0039,Item_39,5923,257,1 days,30 days,In Stock,4.0,None,Yes,4.8/5,India
Shop_44,Shop_44_P0040,Item_40,29798,348,4 days,7 days,In Stock,5.0,10% off,No,3.8/5,India
Shop_44,Shop_44_P0041,Item_41,26230,153,3 days,30 days,Out of Stock,3.6,10% off,Yes,4.7/5,India
Shop_44,Shop_44_P0042,Item_42,34457,287,3 days,7 days,Out of Stock,3.2,None,No,4.8/5,India
Shop_44,Shop_44_P0043,Item_43,14765,367,4 days,30 days,In Stock,4.2,Free shipping,Yes,3.6/5,India
Shop_44,Shop_44_P0044,Item_44,49664,106,6 days,7 days,In Stock,4.9,Free shipping,Yes,4.6/5,India
Shop_44,Shop_44_P0045,Item_45,14811,117,5 days,14 days,Out of Stock,4.3,None,Yes,3.7/5,India
Shop_44,Shop_44_P0046,Item_46,13003,313,6 days,30 days,In Stock,3.3,Free shipping,No,4.5/5,India
Shop_44,Shop_44_P0047,Item_47,11647,598,2 days,30 days,In Stock,4.4,10% off,No,4.4/5,India
Shop_44,Shop_44_P0048,Item_48,9186,618,7 days,14 days,In Stock,4.3,Free shipping,No,4.2/5,India
Shop_44,Shop_44_P0049,Item_49,14587,301,5 days,14 days,In Stock,4.7,10% off,No,4.7/5,India
Shop_44,Shop_44_P0050,Item_50,3619,656,7 days,14 days,Out of Stock,4.5,10% off,No,3.4/5,India
Shop_44,Shop_44_P0051,Item_51,4929,651,7 days,7 days,Out of Stock,3.5,None,No,3.6/5,India
Shop_44,Shop_44_P0052,Item_52,25218,259,7 days,30 days,Out of Stock,3.3,10% off,Yes,4.2/5,India
Shop_44,Shop_44_P0053,Item_53,35547,257,7 days,14 days,In Stock,4.7,None,No,4.3/5,India
Shop_44,Shop_44_P0054,Item_54,22802,94,7 days,30 days,In Stock,3.8,10% off,Yes,3.2/5,India
Shop_44,Shop_44_P0055,Item_55,19246,436,4 days,30 days,In Stock,4.4,10% off,No,4.6/5,India
Shop_44,Shop_44_P0056,Item_56,6912,474,3 days,7 days,In Stock,4.9,10% off,No,3.0/5,India
Shop_44,Shop_44_P0057,Item_57,7762,314,4 days,7 days,Out of Stock,3.4,10% off,No,3.1/5,India
Shop_44,Shop_44_P0058,Item_58,5214,498,7 days,14 days,In Stock,4.2,Free shipping,No,3.8/5,India
Shop_44,Shop_44_P0059,Item_59,10107,292,7 days,7 days,Out of Stock,4.7,None,No,3.4/5,India
Shop_44,Shop_44_P0060,Item_60,1087,687,3 days,7 days,Out of Stock,4.2,None,No,4.4/5,India
Shop_44,Shop_44_P0061,Item_61,25414,150,4 days,7 days,In Stock,3.8,10% off,Yes,4.1/5,India
Shop_44,Shop_44_P0062,Item_62,12822,582,4 days,14 days,Out of Stock,3.8,10% off,No,3.9/5,India
Shop_44,Shop_44_P0063,Item_63,22647,103,7 days,30 days,In Stock,4.4,10% off,Yes,4.8/5,India
Shop_44,Shop_44_P0064,Item_64,13143,339,5 days,30 days,In Stock,4.4,10% off,No,3.8/5,India
Shop_44,Shop_44_P0065,Item_65,10602,136,3 days,30 days,In Stock,4.4,None,Yes,4.7/5,India
Shop_44,Shop_44_P0066,Item_66,41524,454,2 days,30 days,In Stock,4.5,10% off,No,3.9/5,India
Shop_44,Shop_44_P0067,Item_67,35824,59,6 days,14 days,In Stock,4.3,None,No,3.5/5,India
Shop_44,Shop_44_P0068,Item_68,8719,268,6 days,30 days,In Stock,4.5,10% off,Yes,3.1/5,India
Shop_44,Shop_44_P0069,Item_69,40465,498,4 days,30 days,Out of Stock,3.7,None,Yes,4.6/5,India
Shop_44,Shop_44_P0070,Item_70,38899,95,1 days,14 days,Out of Stock,4.5,None,No,3.5/5,India
Shop_44,Shop_44_P0071,Item_71,22953,20,1 days,30 days,Out of Stock,4.6,None,Yes,4.1/5,India
Shop_44,Shop_44_P0072,Item_72,15398,97,6 days,7 days,In Stock,3.1,None,No,3.6/5,India
Shop_44,Shop_44_P0073,Item_73,27315,396,3 days,30 days,In Stock,4.2,None,Yes,5.0/5,India
Shop_44,Shop_44_P0074,Item_74,24646,210,2 days,14 days,In Stock,3.3,None,No,4.3/5,India
Shop_44,Shop_44_P0075,Item_75,29713,407,3 days,14 days,Out of Stock,3.9,Free shipping,No,3.8/5,India
Shop_44,Shop_44_P0076,Item_76,26212,416,1 days,30 days,In Stock,4.2,10% off,No,3.7/5,India
Shop_44,Shop_44_P0077,Item_77,6429,224,1 days,30 days,Out of Stock,3.3,Free shipping,No,4.5/5,India
Shop_44,Shop_44_P0078,Item_78,37756,397,4 days,7 days,Out of Stock,3.2,10% off,No,4.3/5,India
Shop_44,Shop_44_P0079,Item_79,25283,597,1 days,7 days,Out of Stock,3.2,Free shipping,No,3.6/5,India
Shop_44,Shop_44_P0080,Item_80,751,341,2 days,14 days,In Stock,3.4,Free shipping,Yes,3.3/5,India
Shop_44,Shop_44_P0081,Item_81,16510,587,2 days,7 days,In Stock,4.3,None,No,4.9/5,India
Shop_44,Shop_44_P0082,Item_82,42538,622,2 days,14 days,In Stock,4.9,10% off,No,3.5/5,India
Shop_44,Shop_44_P0083,Item_83,40169,152,2 days,7 days,Out of Stock,4.3,10% off,Yes,3.0/5,India
Shop_44,Shop_44_P0084,Item_84,30738,660,5 days,14 days,Out of Stock,3.6,Free shipping,Yes,3.7/5,India
Shop_44,Shop_44_P0085,Item_85,15869,117,2 days,14 days,Out of Stock,4.5,Free shipping,No,3.3/5,India
Shop_44,Shop_44_P0086,Item_86,48216,49,7 days,30 days,Out of Stock,3.6,Free shipping,No,3.8/5,India
Shop_44,Shop_44_P0087,Item_87,19286,667,4 days,7 days,Out of Stock,4.1,10% off,No,3.1/5,India
Shop_44,Shop_44_P0088,Item_88,5568,357,4 days,14 days,In Stock,4.5,None,Yes,4.0/5,India
Shop_44,Shop_44_P0089,Item_89,33971,481,3 days,7 days,Out of Stock,3.6,Free shipping,No,4.2/5,India
Shop_44,Shop_44_P0090,Item_90,31130,557,6 days,30 days,Out of Stock,4.0,Free shipping,No,4.5/5,India
Shop_44,Shop_44_P0091,Item_91,22711,341,6 days,30 days,In Stock,3.6,10% off,No,4.3/5,India
Shop_44,Shop_44_P0092,Item_92,1002,57,1 days,30 days,In Stock,4.0,10% off,No,4.3/5,India
Shop_44,Shop_44_P0093,Item_93,7678,120,1 days,14 days,In Stock,4.5,None,No,3.2/5,India
Shop_44,Shop_44_P0094,Item_94,23144,94,7 days,7 days,In Stock,3.1,10% off,Yes,3.4/5,India
Shop_44,Shop_44_P0095,Item_95,1364,214,7 days,7 days,Out of Stock,3.0,10% off,No,4.8/5,India
Shop_44,Shop_44_P0096,Item_96,25039,161,2 days,14 days,Out of Stock,4.9,None,Yes,4.4/5,India
Shop_44,Shop_44_P0097,Item_97,2216,182,4 days,7 days,Out of Stock,4.2,None,Yes,4.8/5,India
Shop_44,Shop_44_P0098,Item_98,29864,164,7 days,7 days,Out of Stock,4.8,10% off,Yes,3.7/5,India
Shop_44,Shop_44_P0099,Item_99,14417,399,6 days,7 days,Out of Stock,4.9,10% off,No,3.3/5,India
Shop_44,Shop_44_P0100,Item_100,13271,301,1 days,14 days,In Stock,3.5,10% off,Yes,3.2/5,India
Shop_45,Shop_45_P0001,Item_1,25897,348,1 days,14 days,Out of Stock,4.3,Free shipping,Yes,4.0/5,India
Shop_45,Shop_45_P0002,Item_2,37011,683,3 days,7 days,In Stock,4.8,Free shipping,Yes,4.7/5,India
Shop_45,Shop_45_P0003,Item_3,5032,172,4 days,14 days,Out of Stock,4.0,10% off,Yes,4.0/5,India
Shop_45,Shop_45_P0004,Item_4,45720,240,6 days,7 days,In Stock,4.3,None,No,3.6/5,India
Shop_45,Shop_45_P0005,Item_5,49129,236,2 days,7 days,In Stock,3.5,Free shipping,Yes,4.1/5,India
Shop_45,Shop_45_P0006,Item_6,37838,133,7 days,7 days,In Stock,4.2,Free shipping,Yes,4.1/5,India
Shop_45,Shop_45_P0007,Item_7,4722,359,3 days,14 days,Out of Stock,4.3,None,Yes,3.9/5,India
Shop_45,Shop_45_P0008,Item_8,31448,270,6 days,30 days,In Stock,4.4,10% off,No,4.4/5,India
Shop_45,Shop_45_P0009,Item_9,6247,385,2 days,14 days,Out of Stock,3.1,10% off,No,4.5/5,India
Shop_45,Shop_45_P0010,Item_10,26224,137,6 days,7 days,In Stock,4.6,None,No,3.5/5,India
Shop_45,Shop_45_P0011,Item_11,36572,134,1 days,14 days,In Stock,3.1,10% off,No,3.8/5,India
Shop_45,Shop_45_P0012,Item_12,24994,132,3 days,30 days,Out of Stock,4.8,Free shipping,Yes,4.0/5,India
Shop_45,Shop_45_P0013,Item_13,39500,260,4 days,7 days,Out of Stock,3.4,None,No,4.7/5,India
Shop_45,Shop_45_P0014,Item_14,20962,171,7 days,14 days,In Stock,5.0,Free shipping,No,3.2/5,India
Shop_45,Shop_45_P0015,Item_15,685,82,7 days,30 days,In Stock,3.1,10% off,No,4.9/5,India
Shop_45,Shop_45_P0016,Item_16,36214,366,5 days,7 days,In Stock,4.0,Free shipping,Yes,3.3/5,India
Shop_45,Shop_45_P0017,Item_17,11385,232,3 days,14 days,In Stock,3.2,10% off,No,3.5/5,India
Shop_45,Shop_45_P0018,Item_18,21079,513,5 days,30 days,In Stock,4.8,None,Yes,4.5/5,India
Shop_45,Shop_45_P0019,Item_19,14966,618,3 days,7 days,Out of Stock,4.6,Free shipping,No,3.3/5,India
Shop_45,Shop_45_P0020,Item_20,44720,601,4 days,30 days,In Stock,3.4,Free shipping,No,3.5/5,India
Shop_45,Shop_45_P0021,Item_21,15781,195,7 days,7 days,Out of Stock,4.2,Free shipping,No,3.8/5,India
Shop_45,Shop_45_P0022,Item_22,21493,624,7 days,30 days,In Stock,4.3,Free shipping,Yes,4.2/5,India
Shop_45,Shop_45_P0023,Item_23,9017,101,3 days,14 days,In Stock,3.3,None,Yes,4.4/5,India
Shop_45,Shop_45_P0024,Item_24,16550,60,1 days,7 days,Out of Stock,4.8,None,Yes,3.7/5,India
Shop_45,Shop_45_P0025,Item_25,8754,189,7 days,14 days,In Stock,4.6,None,Yes,5.0/5,India
Shop_45,Shop_45_P0026,Item_26,2122,630,6 days,7 days,Out of Stock,4.2,10% off,No,4.6/5,India
Shop_45,Shop_45_P0027,Item_27,13235,99,1 days,30 days,In Stock,4.6,Free shipping,Yes,3.4/5,India
Shop_45,Shop_45_P0028,Item_28,18436,672,7 days,30 days,Out of Stock,3.5,10% off,Yes,4.3/5,India
Shop_45,Shop_45_P0029,Item_29,22676,42,6 days,30 days,Out of Stock,4.6,10% off,No,4.0/5,India
Shop_45,Shop_45_P0030,Item_30,46109,414,6 days,7 days,Out of Stock,4.8,10% off,Yes,3.6/5,India
Shop_45,Shop_45_P0031,Item_31,16022,279,6 days,14 days,In Stock,4.3,None,No,3.7/5,India
Shop_45,Shop_45_P0032,Item_32,42067,132,5 days,7 days,Out of Stock,4.3,Free shipping,Yes,4.7/5,India
Shop_45,Shop_45_P0033,Item_33,16474,440,1 days,14 days,Out of Stock,4.5,None,Yes,3.8/5,India
Shop_45,Shop_45_P0034,Item_34,26799,98,6 days,7 days,In Stock,4.0,None,No,4.7/5,India
Shop_45,Shop_45_P0035,Item_35,11794,177,7 days,7 days,In Stock,4.8,None,Yes,4.0/5,India
Shop_45,Shop_45_P0036,Item_36,19319,366,6 days,7 days,In Stock,4.6,None,No,3.1/5,India
Shop_45,Shop_45_P0037,Item_37,34187,141,2 days,30 days,In Stock,3.6,None,Yes,3.3/5,India
Shop_45,Shop_45_P0038,Item_38,38430,311,4 days,7 days,Out of Stock,3.5,None,Yes,3.7/5,India
Shop_45,Shop_45_P0039,Item_39,23821,162,2 days,30 days,Out of Stock,4.5,None,No,3.7/5,India
Shop_45,Shop_45_P0040,Item_40,38668,563,7 days,7 days,In Stock,4.6,Free shipping,Yes,4.5/5,India
Shop_45,Shop_45_P0041,Item_41,11384,38,2 days,30 days,Out of Stock,4.5,Free shipping,No,3.7/5,India
Shop_45,Shop_45_P0042,Item_42,27357,253,4 days,30 days,Out of Stock,4.0,None,Yes,5.0/5,India
Shop_45,Shop_45_P0043,Item_43,15188,454,3 days,7 days,Out of Stock,4.2,None,No,4.9/5,India
Shop_45,Shop_45_P0044,Item_44,47233,532,1 days,30 days,Out of Stock,4.3,Free shipping,No,4.3/5,India
Shop_45,Shop_45_P0045,Item_45,48978,388,5 days,30 days,In Stock,4.1,None,No,3.3/5,India
Shop_45,Shop_45_P0046,Item_46,39490,58,1 days,14 days,In Stock,3.7,None,No,3.6/5,India
Shop_45,Shop_45_P0047,Item_47,13273,63,4 days,14 days,In Stock,3.9,None,Yes,3.5/5,India
Shop_45,Shop_45_P0048,Item_48,16904,309,6 days,30 days,In Stock,4.4,Free shipping,No,3.1/5,India
Shop_45,Shop_45_P0049,Item_49,37662,488,6 days,30 days,In Stock,3.0,None,Yes,3.5/5,India
Shop_45,Shop_45_P0050,Item_50,42522,175,3 days,14 days,In Stock,3.4,10% off,No,4.8/5,India
Shop_45,Shop_45_P0051,Item_51,24670,299,1 days,30 days,Out of Stock,4.5,None,Yes,4.4/5,India
Shop_45,Shop_45_P0052,Item_52,31213,658,4 days,7 days,Out of Stock,3.3,None,No,3.5/5,India
Shop_45,Shop_45_P0053,Item_53,30572,599,5 days,7 days,In Stock,4.1,10% off,No,3.7/5,India
Shop_45,Shop_45_P0054,Item_54,14403,248,3 days,7 days,Out of Stock,4.2,10% off,Yes,4.4/5,India
Shop_45,Shop_45_P0055,Item_55,7496,47,5 days,14 days,Out of Stock,3.5,None,No,4.9/5,India
Shop_45,Shop_45_P0056,Item_56,9300,553,3 days,30 days,Out of Stock,3.3,Free shipping,Yes,3.6/5,India
Shop_45,Shop_45_P0057,Item_57,10172,281,2 days,7 days,Out of Stock,3.9,None,Yes,3.6/5,India
Shop_45,Shop_45_P0058,Item_58,10780,420,1 days,30 days,Out of Stock,4.2,Free shipping,No,5.0/5,India
Shop_45,Shop_45_P0059,Item_59,25301,415,3 days,14 days,Out of Stock,4.1,10% off,Yes,4.4/5,India
Shop_45,Shop_45_P0060,Item_60,33691,334,7 days,14 days,Out of Stock,4.2,None,No,4.5/5,India
Shop_45,Shop_45_P0061,Item_61,17411,60,2 days,30 days,Out of Stock,3.3,None,No,4.1/5,India
Shop_45,Shop_45_P0062,Item_62,42617,580,1 days,14 days,Out of Stock,3.8,Free shipping,Yes,4.8/5,India
Shop_45,Shop_45_P0063,Item_63,32186,294,7 days,30 days,Out of Stock,3.2,None,No,3.8/5,India
Shop_45,Shop_45_P0064,Item_64,44642,610,1 days,14 days,In Stock,3.5,None,No,3.6/5,India
Shop_45,Shop_45_P0065,Item_65,11956,324,3 days,14 days,In Stock,4.3,None,No,4.2/5,India
Shop_45,Shop_45_P0066,Item_66,20420,421,7 days,7 days,In Stock,3.7,10% off,Yes,4.8/5,India
Shop_45,Shop_45_P0067,Item_67,26531,405,6 days,7 days,In Stock,4.1,None,No,3.3/5,India
Shop_45,Shop_45_P0068,Item_68,49636,551,1 days,7 days,Out of Stock,4.3,None,No,3.2/5,India
Shop_45,Shop_45_P0069,Item_69,33439,376,5 days,14 days,Out of Stock,4.3,Free shipping,No,3.4/5,India
Shop_45,Shop_45_P0070,Item_70,24757,496,5 days,14 days,Out of Stock,4.4,None,Yes,3.2/5,India
Shop_45,Shop_45_P0071,Item_71,9718,329,4 days,14 days,In Stock,5.0,Free shipping,No,4.4/5,India
Shop_45,Shop_45_P0072,Item_72,3116,54,4 days,30 days,Out of Stock,3.7,10% off,No,4.3/5,India
Shop_45,Shop_45_P0073,Item_73,27378,530,1 days,7 days,Out of Stock,4.3,Free shipping,No,4.4/5,India
Shop_45,Shop_45_P0074,Item_74,47538,637,2 days,7 days,Out of Stock,4.3,10% off,Yes,4.8/5,India
Shop_45,Shop_45_P0075,Item_75,9419,689,5 days,7 days,Out of Stock,3.6,10% off,No,4.8/5,India
Shop_45,Shop_45_P0076,Item_76,48566,444,6 days,14 days,In Stock,3.2,Free shipping,No,5.0/5,India
Shop_45,Shop_45_P0077,Item_77,28939,381,3 days,30 days,In Stock,4.8,10% off,Yes,4.8/5,India
Shop_45,Shop_45_P0078,Item_78,43681,198,4 days,7 days,In Stock,4.3,Free shipping,Yes,3.4/5,India
Shop_45,Shop_45_P0079,Item_79,25603,362,1 days,30 days,Out of Stock,3.3,10% off,No,4.6/5,India
Shop_45,Shop_45_P0080,Item_80,8408,20,6 days,7 days,In Stock,3.7,Free shipping,No,4.6/5,India
Shop_45,Shop_45_P0081,Item_81,24803,520,3 days,7 days,Out of Stock,5.0,Free shipping,Yes,4.2/5,India
Shop_45,Shop_45_P0082,Item_82,11914,212,4 days,14 days,In Stock,4.5,Free shipping,No,3.3/5,India
Shop_45,Shop_45_P0083,Item_83,21737,54,6 days,7 days,Out of Stock,3.1,10% off,No,3.2/5,India
Shop_45,Shop_45_P0084,Item_84,22044,25,7 days,7 days,Out of Stock,4.0,Free shipping,No,3.4/5,India
Shop_45,Shop_45_P0085,Item_85,47257,416,2 days,30 days,Out of Stock,3.9,10% off,No,4.6/5,India
Shop_45,Shop_45_P0086,Item_86,29229,121,6 days,7 days,Out of Stock,4.0,10% off,Yes,3.7/5,India
Shop_45,Shop_45_P0087,Item_87,18058,136,7 days,14 days,Out of Stock,3.8,Free shipping,No,4.6/5,India
Shop_45,Shop_45_P0088,Item_88,23331,462,4 days,7 days,Out of Stock,4.1,Free shipping,Yes,4.7/5,India
Shop_45,Shop_45_P0089,Item_89,14692,580,3 days,14 days,In Stock,3.0,None,No,3.6/5,India
Shop_45,Shop_45_P0090,Item_90,41876,533,2 days,30 days,Out of Stock,4.0,10% off,No,4.6/5,India
Shop_45,Shop_45_P0091,Item_91,7428,71,7 days,7 days,In Stock,3.5,Free shipping,No,3.7/5,India
Shop_45,Shop_45_P0092,Item_92,19965,454,3 days,14 days,In Stock,4.6,Free shipping,Yes,3.9/5,India
Shop_45,Shop_45_P0093,Item_93,30648,439,1 days,7 days,In Stock,4.7,10% off,Yes,3.7/5,India
Shop_45,Shop_45_P0094,Item_94,29732,198,6 days,14 days,In Stock,4.7,10% off,Yes,4.2/5,India
Shop_45,Shop_45_P0095,Item_95,20644,282,6 days,7 days,Out of Stock,3.6,Free shipping,No,4.4/5,India
Shop_45,Shop_45_P0096,Item_96,1236,173,1 days,14 days,Out of Stock,3.0,10% off,No,3.2/5,India
Shop_45,Shop_45_P0097,Item_97,22038,209,5 days,30 days,Out of Stock,4.8,10% off,No,3.1/5,India
Shop_45,Shop_45_P0098,Item_98,4864,255,7 days,30 days,Out of Stock,3.4,None,No,4.2/5,India
Shop_45,Shop_45_P0099,Item_99,32276,74,7 days,7 days,In Stock,4.4,Free shipping,No,4.5/5,India
Shop_45,Shop_45_P0100,Item_100,40424,379,3 days,14 days,Out of Stock,3.4,None,No,4.8/5,India
Shop_46,Shop_46_P0001,Item_1,20395,85,2 days,30 days,Out of Stock,3.1,Free shipping,No,4.2/5,India
Shop_46,Shop_46_P0002,Item_2,45027,608,3 days,30 days,In Stock,5.0,10% off,No,4.2/5,India
Shop_46,Shop_46_P0003,Item_3,38394,289,1 days,14 days,Out of Stock,4.8,10% off,Yes,4.0/5,India
Shop_46,Shop_46_P0004,Item_4,27496,529,3 days,14 days,In Stock,4.7,None,No,3.2/5,India
Shop_46,Shop_46_P0005,Item_5,26274,231,6 days,14 days,Out of Stock,4.8,10% off,No,4.8/5,India
Shop_46,Shop_46_P0006,Item_6,25670,257,5 days,30 days,In Stock,3.4,None,Yes,4.7/5,India
Shop_46,Shop_46_P0007,Item_7,25103,125,1 days,30 days,Out of Stock,3.1,Free shipping,No,3.5/5,India
Shop_46,Shop_46_P0008,Item_8,6280,589,1 days,30 days,In Stock,4.2,Free shipping,Yes,4.4/5,India
Shop_46,Shop_46_P0009,Item_9,3721,551,5 days,30 days,In Stock,3.9,Free shipping,No,4.1/5,India
Shop_46,Shop_46_P0010,Item_10,21130,236,5 days,30 days,In Stock,4.4,10% off,No,4.1/5,India
Shop_46,Shop_46_P0011,Item_11,2414,683,7 days,7 days,Out of Stock,4.2,Free shipping,No,3.6/5,India
Shop_46,Shop_46_P0012,Item_12,49536,536,2 days,7 days,Out of Stock,5.0,10% off,Yes,3.9/5,India
Shop_46,Shop_46_P0013,Item_13,47897,153,4 days,14 days,Out of Stock,3.9,Free shipping,Yes,3.1/5,India
Shop_46,Shop_46_P0014,Item_14,18808,556,5 days,7 days,Out of Stock,4.9,None,Yes,4.8/5,India
Shop_46,Shop_46_P0015,Item_15,41342,186,5 days,14 days,In Stock,3.0,10% off,No,4.0/5,India
Shop_46,Shop_46_P0016,Item_16,44683,661,3 days,14 days,In Stock,4.8,None,Yes,4.5/5,India
Shop_46,Shop_46_P0017,Item_17,18492,231,5 days,14 days,In Stock,3.0,Free shipping,No,4.1/5,India
Shop_46,Shop_46_P0018,Item_18,49929,607,3 days,30 days,In Stock,3.9,None,Yes,4.0/5,India
Shop_46,Shop_46_P0019,Item_19,19482,443,2 days,30 days,Out of Stock,3.9,Free shipping,Yes,4.1/5,India
Shop_46,Shop_46_P0020,Item_20,36274,491,5 days,7 days,Out of Stock,4.5,10% off,Yes,3.6/5,India
Shop_46,Shop_46_P0021,Item_21,26949,74,6 days,30 days,In Stock,4.0,10% off,Yes,4.5/5,India
Shop_46,Shop_46_P0022,Item_22,12632,125,2 days,7 days,Out of Stock,4.7,Free shipping,Yes,3.9/5,India
Shop_46,Shop_46_P0023,Item_23,35774,406,1 days,14 days,In Stock,3.7,None,Yes,3.7/5,India
Shop_46,Shop_46_P0024,Item_24,27147,50,3 days,7 days,In Stock,4.6,10% off,Yes,3.1/5,India
Shop_46,Shop_46_P0025,Item_25,10950,610,4 days,7 days,In Stock,4.4,None,Yes,3.1/5,India
Shop_46,Shop_46_P0026,Item_26,601,359,1 days,14 days,In Stock,3.5,Free shipping,Yes,5.0/5,India
Shop_46,Shop_46_P0027,Item_27,5581,299,4 days,7 days,Out of Stock,3.5,10% off,No,3.9/5,India
Shop_46,Shop_46_P0028,Item_28,25686,632,5 days,30 days,In Stock,4.3,10% off,No,3.2/5,India
Shop_46,Shop_46_P0029,Item_29,37409,473,2 days,30 days,In Stock,3.5,Free shipping,No,4.7/5,India
Shop_46,Shop_46_P0030,Item_30,28371,59,4 days,7 days,In Stock,4.0,Free shipping,No,3.8/5,India
Shop_46,Shop_46_P0031,Item_31,32694,148,6 days,7 days,In Stock,3.2,None,Yes,4.3/5,India
Shop_46,Shop_46_P0032,Item_32,21294,315,2 days,30 days,In Stock,3.8,Free shipping,No,3.5/5,India
Shop_46,Shop_46_P0033,Item_33,7785,49,3 days,14 days,Out of Stock,3.5,10% off,Yes,3.7/5,India
Shop_46,Shop_46_P0034,Item_34,14674,218,2 days,7 days,Out of Stock,5.0,Free shipping,Yes,4.3/5,India
Shop_46,Shop_46_P0035,Item_35,48264,413,5 days,14 days,In Stock,3.5,None,Yes,5.0/5,India
Shop_46,Shop_46_P0036,Item_36,5759,412,1 days,7 days,Out of Stock,3.8,10% off,No,5.0/5,India
Shop_46,Shop_46_P0037,Item_37,43597,254,4 days,14 days,In Stock,3.0,10% off,Yes,3.8/5,India
Shop_46,Shop_46_P0038,Item_38,11125,499,6 days,30 days,In Stock,4.2,None,Yes,4.0/5,India
Shop_46,Shop_46_P0039,Item_39,10573,674,1 days,14 days,Out of Stock,4.0,None,No,3.1/5,India
Shop_46,Shop_46_P0040,Item_40,18183,35,1 days,30 days,In Stock,3.7,10% off,No,4.3/5,India
Shop_46,Shop_46_P0041,Item_41,21472,73,7 days,14 days,In Stock,3.8,None,No,3.0/5,India
Shop_46,Shop_46_P0042,Item_42,33209,246,7 days,30 days,Out of Stock,4.5,10% off,No,4.7/5,India
Shop_46,Shop_46_P0043,Item_43,33251,130,5 days,30 days,Out of Stock,4.8,Free shipping,No,3.3/5,India
Shop_46,Shop_46_P0044,Item_44,49562,376,3 days,30 days,Out of Stock,4.4,None,Yes,3.3/5,India
Shop_46,Shop_46_P0045,Item_45,3699,538,5 days,7 days,Out of Stock,4.2,None,No,3.5/5,India
Shop_46,Shop_46_P0046,Item_46,49979,253,4 days,7 days,In Stock,5.0,None,No,4.1/5,India
Shop_46,Shop_46_P0047,Item_47,6840,424,3 days,30 days,In Stock,4.8,10% off,Yes,3.3/5,India
Shop_46,Shop_46_P0048,Item_48,39829,492,2 days,30 days,In Stock,4.0,Free shipping,No,4.5/5,India
Shop_46,Shop_46_P0049,Item_49,1668,44,5 days,7 days,In Stock,4.2,Free shipping,Yes,3.4/5,India
Shop_46,Shop_46_P0050,Item_50,7341,122,2 days,7 days,In Stock,4.7,10% off,No,3.6/5,India
Shop_46,Shop_46_P0051,Item_51,25911,476,3 days,14 days,Out of Stock,4.5,None,Yes,4.6/5,India
Shop_46,Shop_46_P0052,Item_52,39154,407,1 days,30 days,In Stock,3.7,None,Yes,4.1/5,India
Shop_46,Shop_46_P0053,Item_53,39282,125,1 days,30 days,Out of Stock,3.7,10% off,No,4.7/5,India
Shop_46,Shop_46_P0054,Item_54,47310,424,2 days,30 days,Out of Stock,3.5,10% off,No,3.2/5,India
Shop_46,Shop_46_P0055,Item_55,23179,569,7 days,7 days,In Stock,3.6,Free shipping,No,3.7/5,India
Shop_46,Shop_46_P0056,Item_56,12707,231,6 days,14 days,Out of Stock,4.5,None,No,4.2/5,India
Shop_46,Shop_46_P0057,Item_57,17664,466,3 days,30 days,Out of Stock,3.7,None,Yes,4.7/5,India
Shop_46,Shop_46_P0058,Item_58,11650,259,1 days,14 days,In Stock,3.1,None,No,4.6/5,India
Shop_46,Shop_46_P0059,Item_59,9888,487,1 days,7 days,In Stock,4.8,10% off,No,4.5/5,India
Shop_46,Shop_46_P0060,Item_60,26470,217,2 days,7 days,Out of Stock,3.7,10% off,Yes,3.3/5,India
Shop_46,Shop_46_P0061,Item_61,44613,479,4 days,7 days,Out of Stock,3.7,Free shipping,Yes,4.7/5,India
Shop_46,Shop_46_P0062,Item_62,47727,388,2 days,14 days,In Stock,4.8,Free shipping,No,3.4/5,India
Shop_46,Shop_46_P0063,Item_63,12761,185,6 days,7 days,In Stock,4.4,Free shipping,Yes,4.2/5,India
Shop_46,Shop_46_P0064,Item_64,24014,569,7 days,14 days,In Stock,4.0,Free shipping,No,4.1/5,India
Shop_46,Shop_46_P0065,Item_65,30601,504,6 days,14 days,In Stock,4.5,10% off,No,3.1/5,India
Shop_46,Shop_46_P0066,Item_66,17950,277,1 days,14 days,In Stock,4.3,None,Yes,3.7/5,India
Shop_46,Shop_46_P0067,Item_67,7671,365,6 days,7 days,In Stock,4.4,10% off,No,4.4/5,India
Shop_46,Shop_46_P0068,Item_68,10626,469,7 days,30 days,In Stock,4.1,Free shipping,No,3.8/5,India
Shop_46,Shop_46_P0069,Item_69,3958,492,4 days,14 days,Out of Stock,4.9,10% off,No,3.2/5,India
Shop_46,Shop_46_P0070,Item_70,9474,482,6 days,7 days,In Stock,3.3,10% off,No,3.4/5,India
Shop_46,Shop_46_P0071,Item_71,6549,129,5 days,30 days,Out of Stock,4.1,10% off,Yes,3.6/5,India
Shop_46,Shop_46_P0072,Item_72,33374,468,1 days,30 days,In Stock,3.0,10% off,Yes,3.1/5,India
Shop_46,Shop_46_P0073,Item_73,30578,256,7 days,14 days,In Stock,3.4,None,No,4.7/5,India
Shop_46,Shop_46_P0074,Item_74,27267,314,2 days,7 days,Out of Stock,4.9,None,No,3.6/5,India
Shop_46,Shop_46_P0075,Item_75,1179,606,6 days,14 days,Out of Stock,4.1,Free shipping,No,4.3/5,India
Shop_46,Shop_46_P0076,Item_76,17785,87,1 days,14 days,In Stock,3.4,Free shipping,No,4.3/5,India
Shop_46,Shop_46_P0077,Item_77,24716,20,5 days,7 days,In Stock,3.9,Free shipping,No,3.1/5,India
Shop_46,Shop_46_P0078,Item_78,42207,619,5 days,30 days,Out of Stock,3.5,10% off,Yes,3.4/5,India
Shop_46,Shop_46_P0079,Item_79,47677,164,4 days,7 days,In Stock,3.4,10% off,No,4.0/5,India
Shop_46,Shop_46_P0080,Item_80,28972,420,5 days,14 days,Out of Stock,4.5,Free shipping,No,4.3/5,India
Shop_46,Shop_46_P0081,Item_81,34504,230,4 days,30 days,Out of Stock,4.5,10% off,No,3.0/5,India
Shop_46,Shop_46_P0082,Item_82,39902,581,1 days,30 days,In Stock,3.6,10% off,No,4.8/5,India
Shop_46,Shop_46_P0083,Item_83,31045,221,5 days,7 days,In Stock,4.0,Free shipping,Yes,4.0/5,India
Shop_46,Shop_46_P0084,Item_84,39676,286,4 days,14 days,Out of Stock,3.1,10% off,No,4.5/5,India
Shop_46,Shop_46_P0085,Item_85,45245,584,6 days,14 days,Out of Stock,3.6,None,No,4.4/5,India
Shop_46,Shop_46_P0086,Item_86,48535,612,2 days,14 days,Out of Stock,3.4,10% off,No,4.4/5,India
Shop_46,Shop_46_P0087,Item_87,27037,64,3 days,14 days,In Stock,4.5,Free shipping,No,3.5/5,India
Shop_46,Shop_46_P0088,Item_88,27819,209,6 days,14 days,In Stock,3.8,10% off,Yes,3.4/5,India
Shop_46,Shop_46_P0089,Item_89,11699,53,1 days,7 days,In Stock,3.4,Free shipping,Yes,3.1/5,India
Shop_46,Shop_46_P0090,Item_90,16338,159,6 days,7 days,Out of Stock,4.1,Free shipping,Yes,4.0/5,India
Shop_46,Shop_46_P0091,Item_91,1657,181,1 days,30 days,Out of Stock,3.2,Free shipping,No,3.4/5,India
Shop_46,Shop_46_P0092,Item_92,3475,687,3 days,7 days,Out of Stock,3.5,10% off,Yes,4.3/5,India
Shop_46,Shop_46_P0093,Item_93,16339,159,5 days,14 days,In Stock,4.3,Free shipping,No,3.7/5,India
Shop_46,Shop_46_P0094,Item_94,17785,424,7 days,14 days,In Stock,4.9,10% off,No,4.0/5,India
Shop_46,Shop_46_P0095,Item_95,20220,139,7 days,30 days,Out of Stock,4.2,10% off,No,4.6/5,India
Shop_46,Shop_46_P0096,Item_96,45450,320,6 days,30 days,In Stock,4.4,None,Yes,4.5/5,India
Shop_46,Shop_46_P0097,Item_97,48881,27,2 days,7 days,In Stock,4.4,None,Yes,3.7/5,India
Shop_46,Shop_46_P0098,Item_98,25562,387,1 days,7 days,Out of Stock,4.4,Free shipping,Yes,3.5/5,India
Shop_46,Shop_46_P0099,Item_99,2330,330,5 days,30 days,Out of Stock,4.1,None,Yes,3.1/5,India
Shop_46,Shop_46_P0100,Item_100,27279,94,7 days,7 days,Out of Stock,4.4,Free shipping,No,3.4/5,India
Shop_47,Shop_47_P0001,Item_1,8881,652,5 days,7 days,Out of Stock,4.3,None,No,3.1/5,India
Shop_47,Shop_47_P0002,Item_2,13252,575,3 days,30 days,In Stock,4.2,10% off,No,3.4/5,India
Shop_47,Shop_47_P0003,Item_3,43683,344,3 days,14 days,In Stock,4.2,10% off,Yes,4.8/5,India
Shop_47,Shop_47_P0004,Item_4,10378,482,3 days,7 days,In Stock,4.3,None,Yes,3.4/5,India
Shop_47,Shop_47_P0005,Item_5,30150,628,4 days,14 days,In Stock,4.1,10% off,Yes,3.7/5,India
Shop_47,Shop_47_P0006,Item_6,2640,391,7 days,30 days,Out of Stock,4.4,None,Yes,3.6/5,India
Shop_47,Shop_47_P0007,Item_7,5710,211,5 days,14 days,In Stock,4.0,Free shipping,No,4.9/5,India
Shop_47,Shop_47_P0008,Item_8,33597,651,5 days,30 days,Out of Stock,3.5,None,No,3.4/5,India
Shop_47,Shop_47_P0009,Item_9,13589,252,1 days,7 days,Out of Stock,3.6,Free shipping,Yes,3.7/5,India
Shop_47,Shop_47_P0010,Item_10,14104,354,2 days,30 days,Out of Stock,4.6,10% off,No,3.9/5,India
Shop_47,Shop_47_P0011,Item_11,47100,119,1 days,30 days,In Stock,3.2,None,Yes,4.1/5,India
Shop_47,Shop_47_P0012,Item_12,42149,265,4 days,14 days,Out of Stock,3.9,Free shipping,Yes,3.9/5,India
Shop_47,Shop_47_P0013,Item_13,2204,501,4 days,7 days,Out of Stock,3.9,Free shipping,Yes,4.8/5,India
Shop_47,Shop_47_P0014,Item_14,45295,462,2 days,7 days,In Stock,3.7,10% off,No,4.8/5,India
Shop_47,Shop_47_P0015,Item_15,41981,438,1 days,7 days,Out of Stock,4.1,None,Yes,4.6/5,India
Shop_47,Shop_47_P0016,Item_16,35076,178,2 days,14 days,In Stock,3.7,Free shipping,No,4.7/5,India
Shop_47,Shop_47_P0017,Item_17,49942,203,2 days,7 days,Out of Stock,4.6,None,No,4.6/5,India
Shop_47,Shop_47_P0018,Item_18,6761,428,4 days,7 days,In Stock,3.9,Free shipping,No,3.1/5,India
Shop_47,Shop_47_P0019,Item_19,3484,513,5 days,30 days,In Stock,4.9,None,No,4.7/5,India
Shop_47,Shop_47_P0020,Item_20,41453,226,5 days,14 days,In Stock,3.1,10% off,Yes,3.5/5,India
Shop_47,Shop_47_P0021,Item_21,48739,426,5 days,7 days,In Stock,3.9,10% off,No,4.8/5,India
Shop_47,Shop_47_P0022,Item_22,27315,448,3 days,30 days,In Stock,4.7,None,Yes,3.8/5,India
Shop_47,Shop_47_P0023,Item_23,18531,168,1 days,30 days,In Stock,3.0,Free shipping,Yes,3.3/5,India
Shop_47,Shop_47_P0024,Item_24,1345,86,4 days,30 days,Out of Stock,4.4,10% off,No,4.5/5,India
Shop_47,Shop_47_P0025,Item_25,41511,525,6 days,30 days,Out of Stock,3.1,Free shipping,Yes,4.2/5,India
Shop_47,Shop_47_P0026,Item_26,39752,263,3 days,14 days,Out of Stock,4.4,10% off,Yes,4.6/5,India
Shop_47,Shop_47_P0027,Item_27,41282,463,1 days,30 days,In Stock,3.1,Free shipping,No,3.4/5,India
Shop_47,Shop_47_P0028,Item_28,41465,689,6 days,14 days,In Stock,3.2,10% off,Yes,3.5/5,India
Shop_47,Shop_47_P0029,Item_29,22553,652,2 days,14 days,Out of Stock,3.3,10% off,No,4.2/5,India
Shop_47,Shop_47_P0030,Item_30,14950,162,3 days,14 days,Out of Stock,4.2,10% off,No,4.2/5,India
Shop_47,Shop_47_P0031,Item_31,16427,100,3 days,14 days,In Stock,4.3,Free shipping,Yes,3.7/5,India
Shop_47,Shop_47_P0032,Item_32,38462,621,4 days,14 days,In Stock,5.0,10% off,No,3.3/5,India
Shop_47,Shop_47_P0033,Item_33,41365,177,5 days,14 days,In Stock,3.6,None,Yes,4.7/5,India
Shop_47,Shop_47_P0034,Item_34,26764,361,7 days,7 days,Out of Stock,4.6,None,Yes,3.4/5,India
Shop_47,Shop_47_P0035,Item_35,6514,234,7 days,14 days,In Stock,3.8,None,Yes,4.0/5,India
Shop_47,Shop_47_P0036,Item_36,47387,64,2 days,30 days,In Stock,4.8,None,Yes,3.0/5,India
Shop_47,Shop_47_P0037,Item_37,40789,450,3 days,30 days,Out of Stock,3.9,Free shipping,Yes,4.5/5,India
Shop_47,Shop_47_P0038,Item_38,43591,457,6 days,30 days,In Stock,3.1,10% off,No,3.3/5,India
Shop_47,Shop_47_P0039,Item_39,7017,27,1 days,7 days,In Stock,4.0,Free shipping,No,3.8/5,India
Shop_47,Shop_47_P0040,Item_40,19836,328,5 days,7 days,In Stock,4.6,None,Yes,3.3/5,India
Shop_47,Shop_47_P0041,Item_41,33785,102,7 days,30 days,Out of Stock,4.0,None,Yes,3.4/5,India
Shop_47,Shop_47_P0042,Item_42,40190,121,2 days,14 days,In Stock,3.0,Free shipping,No,3.4/5,India
Shop_47,Shop_47_P0043,Item_43,39654,63,7 days,7 days,In Stock,4.6,Free shipping,No,4.4/5,India
Shop_47,Shop_47_P0044,Item_44,29198,301,4 days,7 days,Out of Stock,3.3,10% off,Yes,4.3/5,India
Shop_47,Shop_47_P0045,Item_45,9584,611,6 days,7 days,In Stock,3.2,None,Yes,4.8/5,India
Shop_47,Shop_47_P0046,Item_46,29925,103,5 days,30 days,In Stock,3.5,10% off,Yes,4.6/5,India
Shop_47,Shop_47_P0047,Item_47,29110,503,5 days,30 days,Out of Stock,3.2,10% off,Yes,4.6/5,India
Shop_47,Shop_47_P0048,Item_48,41862,493,4 days,30 days,In Stock,3.1,Free shipping,Yes,4.8/5,India
Shop_47,Shop_47_P0049,Item_49,2979,675,5 days,30 days,In Stock,4.3,None,Yes,4.5/5,India
Shop_47,Shop_47_P0050,Item_50,9145,185,4 days,14 days,Out of Stock,3.4,Free shipping,No,4.5/5,India
Shop_47,Shop_47_P0051,Item_51,38399,675,7 days,14 days,In Stock,3.2,None,Yes,3.5/5,India
Shop_47,Shop_47_P0052,Item_52,14454,172,1 days,7 days,Out of Stock,4.5,Free shipping,No,4.1/5,India
Shop_47,Shop_47_P0053,Item_53,9864,328,6 days,7 days,In Stock,3.2,10% off,No,4.0/5,India
Shop_47,Shop_47_P0054,Item_54,9084,330,2 days,30 days,Out of Stock,3.3,None,Yes,4.6/5,India
Shop_47,Shop_47_P0055,Item_55,8505,700,5 days,14 days,Out of Stock,4.8,10% off,No,3.6/5,India
Shop_47,Shop_47_P0056,Item_56,24101,664,4 days,14 days,Out of Stock,4.3,Free shipping,No,3.3/5,India
Shop_47,Shop_47_P0057,Item_57,47432,218,4 days,30 days,Out of Stock,4.7,10% off,Yes,4.7/5,India
Shop_47,Shop_47_P0058,Item_58,47219,500,4 days,14 days,Out of Stock,3.2,Free shipping,Yes,3.3/5,India
Shop_47,Shop_47_P0059,Item_59,45512,229,3 days,7 days,In Stock,4.5,None,No,4.8/5,India
Shop_47,Shop_47_P0060,Item_60,30822,456,3 days,14 days,Out of Stock,4.7,Free shipping,Yes,3.9/5,India
Shop_47,Shop_47_P0061,Item_61,43632,24,4 days,30 days,In Stock,3.0,10% off,Yes,3.5/5,India
Shop_47,Shop_47_P0062,Item_62,43828,370,7 days,14 days,In Stock,3.6,None,Yes,4.9/5,India
Shop_47,Shop_47_P0063,Item_63,12503,34,3 days,7 days,In Stock,4.1,Free shipping,Yes,5.0/5,India
Shop_47,Shop_47_P0064,Item_64,46217,575,6 days,14 days,In Stock,4.0,None,No,3.7/5,India
Shop_47,Shop_47_P0065,Item_65,33365,653,5 days,30 days,Out of Stock,3.9,Free shipping,No,3.3/5,India
Shop_47,Shop_47_P0066,Item_66,20019,390,6 days,7 days,In Stock,3.2,Free shipping,No,3.8/5,India
Shop_47,Shop_47_P0067,Item_67,45565,494,4 days,30 days,Out of Stock,4.7,None,No,4.8/5,India
Shop_47,Shop_47_P0068,Item_68,5136,654,1 days,7 days,Out of Stock,4.2,10% off,No,3.5/5,India
Shop_47,Shop_47_P0069,Item_69,17424,686,5 days,14 days,Out of Stock,3.8,10% off,Yes,4.1/5,India
Shop_47,Shop_47_P0070,Item_70,25759,269,4 days,14 days,In Stock,3.6,10% off,Yes,3.1/5,India
Shop_47,Shop_47_P0071,Item_71,38996,44,7 days,30 days,Out of Stock,3.0,10% off,No,3.3/5,India
Shop_47,Shop_47_P0072,Item_72,15798,65,5 days,14 days,Out of Stock,4.7,10% off,Yes,4.6/5,India
Shop_47,Shop_47_P0073,Item_73,2428,588,4 days,14 days,Out of Stock,3.2,Free shipping,No,4.2/5,India
Shop_47,Shop_47_P0074,Item_74,24385,56,6 days,7 days,In Stock,3.4,Free shipping,No,4.9/5,India
Shop_47,Shop_47_P0075,Item_75,11878,321,6 days,30 days,In Stock,4.5,10% off,No,3.1/5,India
Shop_47,Shop_47_P0076,Item_76,31097,669,4 days,30 days,Out of Stock,4.9,10% off,No,4.3/5,India
Shop_47,Shop_47_P0077,Item_77,18299,274,6 days,30 days,In Stock,4.6,Free shipping,No,4.5/5,India
Shop_47,Shop_47_P0078,Item_78,19112,34,5 days,7 days,Out of Stock,4.3,Free shipping,No,3.3/5,India
Shop_47,Shop_47_P0079,Item_79,41299,591,4 days,30 days,Out of Stock,4.0,10% off,Yes,3.3/5,India
Shop_47,Shop_47_P0080,Item_80,5490,278,5 days,7 days,Out of Stock,5.0,10% off,No,4.6/5,India
Shop_47,Shop_47_P0081,Item_81,40015,36,6 days,14 days,Out of Stock,3.3,None,Yes,3.3/5,India
Shop_47,Shop_47_P0082,Item_82,13877,123,1 days,7 days,In Stock,4.0,Free shipping,No,4.7/5,India
Shop_47,Shop_47_P0083,Item_83,12111,393,7 days,30 days,Out of Stock,3.8,None,No,3.8/5,India
Shop_47,Shop_47_P0084,Item_84,1566,166,4 days,14 days,In Stock,3.8,10% off,No,3.5/5,India
Shop_47,Shop_47_P0085,Item_85,38723,450,7 days,30 days,In Stock,3.6,None,No,3.6/5,India
Shop_47,Shop_47_P0086,Item_86,11637,294,5 days,14 days,In Stock,4.8,10% off,No,5.0/5,India
Shop_47,Shop_47_P0087,Item_87,43487,278,1 days,7 days,Out of Stock,3.6,Free shipping,Yes,4.7/5,India
Shop_47,Shop_47_P0088,Item_88,37274,400,1 days,14 days,Out of Stock,4.8,None,No,4.0/5,India
Shop_47,Shop_47_P0089,Item_89,16146,483,7 days,14 days,Out of Stock,4.9,Free shipping,No,3.5/5,India
Shop_47,Shop_47_P0090,Item_90,44236,478,4 days,30 days,Out of Stock,4.4,10% off,No,3.8/5,India
Shop_47,Shop_47_P0091,Item_91,15122,598,7 days,30 days,In Stock,3.7,10% off,Yes,3.1/5,India
Shop_47,Shop_47_P0092,Item_92,2174,125,5 days,30 days,Out of Stock,3.7,Free shipping,No,3.6/5,India
Shop_47,Shop_47_P0093,Item_93,35073,312,4 days,30 days,In Stock,3.4,None,Yes,4.8/5,India
Shop_47,Shop_47_P0094,Item_94,46749,450,7 days,14 days,In Stock,4.7,None,Yes,4.8/5,India
Shop_47,Shop_47_P0095,Item_95,48652,103,6 days,14 days,In Stock,3.4,Free shipping,No,3.7/5,India
Shop_47,Shop_47_P0096,Item_96,41530,505,3 days,7 days,In Stock,4.0,10% off,Yes,4.8/5,India
Shop_47,Shop_47_P0097,Item_97,14698,173,1 days,30 days,In Stock,3.4,Free shipping,Yes,3.5/5,India
Shop_47,Shop_47_P0098,Item_98,28447,560,6 days,7 days,In Stock,3.4,10% off,Yes,4.4/5,India
Shop_47,Shop_47_P0099,Item_99,3839,140,5 days,30 days,Out of Stock,3.3,None,Yes,4.1/5,India
Shop_47,Shop_47_P0100,Item_100,9086,73,1 days,7 days,Out of Stock,4.8,None,Yes,4.5/5,India
Shop_48,Shop_48_P0001,Item_1,42669,446,4 days,30 days,In Stock,4.9,Free shipping,No,4.8/5,India
Shop_48,Shop_48_P0002,Item_2,21323,403,4 days,7 days,Out of Stock,3.1,None,Yes,3.1/5,India
Shop_48,Shop_48_P0003,Item_3,16387,628,2 days,7 days,Out of Stock,3.2,Free shipping,No,3.2/5,India
Shop_48,Shop_48_P0004,Item_4,37962,107,4 days,7 days,In Stock,3.7,None,No,3.4/5,India
Shop_48,Shop_48_P0005,Item_5,29577,494,1 days,30 days,Out of Stock,4.6,None,No,4.1/5,India
Shop_48,Shop_48_P0006,Item_6,35775,293,5 days,7 days,In Stock,4.8,Free shipping,Yes,4.7/5,India
Shop_48,Shop_48_P0007,Item_7,21735,144,3 days,14 days,In Stock,4.6,Free shipping,No,3.7/5,India
Shop_48,Shop_48_P0008,Item_8,3518,527,5 days,30 days,Out of Stock,3.2,Free shipping,Yes,3.0/5,India
Shop_48,Shop_48_P0009,Item_9,49316,513,4 days,30 days,In Stock,3.7,Free shipping,No,3.7/5,India
Shop_48,Shop_48_P0010,Item_10,14254,228,4 days,14 days,In Stock,4.8,Free shipping,Yes,5.0/5,India
Shop_48,Shop_48_P0011,Item_11,3462,299,7 days,30 days,In Stock,3.1,10% off,No,3.0/5,India
Shop_48,Shop_48_P0012,Item_12,48588,569,5 days,14 days,Out of Stock,3.1,None,No,3.8/5,India
Shop_48,Shop_48_P0013,Item_13,13563,59,1 days,30 days,In Stock,3.7,None,Yes,3.4/5,India
Shop_48,Shop_48_P0014,Item_14,30638,443,7 days,14 days,Out of Stock,3.8,Free shipping,No,4.5/5,India
Shop_48,Shop_48_P0015,Item_15,43927,355,1 days,7 days,Out of Stock,4.9,Free shipping,Yes,4.9/5,India
Shop_48,Shop_48_P0016,Item_16,44435,328,1 days,30 days,In Stock,4.0,Free shipping,No,3.8/5,India
Shop_48,Shop_48_P0017,Item_17,16025,334,2 days,7 days,Out of Stock,4.9,Free shipping,No,4.8/5,India
Shop_48,Shop_48_P0018,Item_18,37420,200,4 days,14 days,In Stock,3.7,None,Yes,5.0/5,India
Shop_48,Shop_48_P0019,Item_19,14092,265,1 days,30 days,In Stock,4.7,10% off,Yes,3.7/5,India
Shop_48,Shop_48_P0020,Item_20,39813,34,5 days,30 days,In Stock,3.7,None,No,4.8/5,India
Shop_48,Shop_48_P0021,Item_21,11157,651,5 days,7 days,In Stock,3.8,None,Yes,4.2/5,India
Shop_48,Shop_48_P0022,Item_22,20202,65,7 days,7 days,In Stock,4.5,None,No,4.7/5,India
Shop_48,Shop_48_P0023,Item_23,17370,486,6 days,30 days,In Stock,3.1,Free shipping,Yes,3.7/5,India
Shop_48,Shop_48_P0024,Item_24,15921,546,7 days,30 days,Out of Stock,3.6,Free shipping,Yes,3.3/5,India
Shop_48,Shop_48_P0025,Item_25,35248,135,5 days,14 days,In Stock,4.1,None,No,4.3/5,India
Shop_48,Shop_48_P0026,Item_26,36088,645,7 days,14 days,In Stock,4.0,None,Yes,4.8/5,India
Shop_48,Shop_48_P0027,Item_27,38600,383,3 days,7 days,In Stock,4.3,Free shipping,No,3.6/5,India
Shop_48,Shop_48_P0028,Item_28,47813,636,4 days,30 days,In Stock,4.0,Free shipping,Yes,4.7/5,India
Shop_48,Shop_48_P0029,Item_29,14122,241,2 days,14 days,Out of Stock,3.4,10% off,Yes,3.3/5,India
Shop_48,Shop_48_P0030,Item_30,8514,659,4 days,14 days,Out of Stock,4.9,Free shipping,No,4.2/5,India
Shop_48,Shop_48_P0031,Item_31,45398,139,6 days,30 days,Out of Stock,4.4,10% off,Yes,4.8/5,India
Shop_48,Shop_48_P0032,Item_32,15583,407,1 days,30 days,In Stock,4.3,Free shipping,Yes,4.8/5,India
Shop_48,Shop_48_P0033,Item_33,39769,173,4 days,14 days,In Stock,3.3,Free shipping,No,3.3/5,India
Shop_48,Shop_48_P0034,Item_34,13440,102,4 days,7 days,Out of Stock,4.7,None,Yes,3.2/5,India
Shop_48,Shop_48_P0035,Item_35,17284,544,4 days,7 days,Out of Stock,3.9,10% off,No,3.2/5,India
Shop_48,Shop_48_P0036,Item_36,8048,675,1 days,30 days,In Stock,3.5,Free shipping,Yes,4.5/5,India
Shop_48,Shop_48_P0037,Item_37,34616,320,4 days,14 days,In Stock,3.0,Free shipping,Yes,4.1/5,India
Shop_48,Shop_48_P0038,Item_38,34879,202,1 days,7 days,In Stock,3.8,None,Yes,4.4/5,India
Shop_48,Shop_48_P0039,Item_39,22536,556,5 days,14 days,Out of Stock,4.2,None,Yes,4.4/5,India
Shop_48,Shop_48_P0040,Item_40,17479,109,6 days,30 days,In Stock,3.0,None,No,4.3/5,India
Shop_48,Shop_48_P0041,Item_41,46814,288,7 days,14 days,In Stock,4.8,None,Yes,3.2/5,India
Shop_48,Shop_48_P0042,Item_42,35487,609,4 days,30 days,In Stock,4.4,Free shipping,Yes,4.3/5,India
Shop_48,Shop_48_P0043,Item_43,41276,157,1 days,7 days,In Stock,4.5,10% off,Yes,3.3/5,India
Shop_48,Shop_48_P0044,Item_44,28398,493,4 days,7 days,Out of Stock,3.0,10% off,Yes,3.7/5,India
Shop_48,Shop_48_P0045,Item_45,5693,415,5 days,7 days,Out of Stock,3.8,Free shipping,No,3.8/5,India
Shop_48,Shop_48_P0046,Item_46,1419,414,4 days,7 days,In Stock,3.8,Free shipping,Yes,4.6/5,India
Shop_48,Shop_48_P0047,Item_47,36927,26,1 days,7 days,Out of Stock,4.1,None,Yes,4.2/5,India
Shop_48,Shop_48_P0048,Item_48,21223,602,2 days,14 days,In Stock,3.6,None,Yes,3.9/5,India
Shop_48,Shop_48_P0049,Item_49,32285,501,5 days,14 days,Out of Stock,4.9,Free shipping,No,3.6/5,India
Shop_48,Shop_48_P0050,Item_50,3638,252,6 days,7 days,In Stock,3.8,Free shipping,Yes,4.7/5,India
Shop_48,Shop_48_P0051,Item_51,32507,429,7 days,7 days,In Stock,3.8,None,No,3.8/5,India
Shop_48,Shop_48_P0052,Item_52,29993,361,7 days,14 days,In Stock,4.1,10% off,Yes,3.0/5,India
Shop_48,Shop_48_P0053,Item_53,23528,122,2 days,14 days,Out of Stock,3.5,10% off,No,4.9/5,India
Shop_48,Shop_48_P0054,Item_54,30742,137,6 days,30 days,In Stock,3.7,None,Yes,4.7/5,India
Shop_48,Shop_48_P0055,Item_55,18536,372,3 days,7 days,Out of Stock,4.7,10% off,Yes,4.9/5,India
Shop_48,Shop_48_P0056,Item_56,45993,45,7 days,30 days,In Stock,4.7,10% off,Yes,3.7/5,India
Shop_48,Shop_48_P0057,Item_57,31222,622,3 days,30 days,In Stock,4.7,None,No,3.0/5,India
Shop_48,Shop_48_P0058,Item_58,1145,646,4 days,7 days,Out of Stock,3.6,10% off,No,4.6/5,India
Shop_48,Shop_48_P0059,Item_59,44031,85,4 days,30 days,In Stock,3.1,10% off,No,4.7/5,India
Shop_48,Shop_48_P0060,Item_60,33989,254,3 days,7 days,In Stock,4.7,Free shipping,Yes,3.1/5,India
Shop_48,Shop_48_P0061,Item_61,5896,223,7 days,7 days,Out of Stock,4.7,10% off,Yes,3.4/5,India
Shop_48,Shop_48_P0062,Item_62,20664,665,6 days,7 days,Out of Stock,3.4,None,Yes,4.7/5,India
Shop_48,Shop_48_P0063,Item_63,12985,208,1 days,30 days,In Stock,3.4,10% off,Yes,3.4/5,India
Shop_48,Shop_48_P0064,Item_64,31715,553,6 days,14 days,In Stock,3.0,Free shipping,No,4.9/5,India
Shop_48,Shop_48_P0065,Item_65,42607,438,3 days,14 days,Out of Stock,4.0,Free shipping,No,4.3/5,India
Shop_48,Shop_48_P0066,Item_66,27783,438,3 days,30 days,Out of Stock,3.3,10% off,No,4.5/5,India
Shop_48,Shop_48_P0067,Item_67,41285,228,4 days,7 days,In Stock,3.8,Free shipping,No,3.3/5,India
Shop_48,Shop_48_P0068,Item_68,13101,113,2 days,14 days,Out of Stock,4.7,None,Yes,3.2/5,India
Shop_48,Shop_48_P0069,Item_69,48180,281,3 days,30 days,Out of Stock,5.0,None,Yes,3.5/5,India
Shop_48,Shop_48_P0070,Item_70,6240,64,2 days,14 days,In Stock,4.1,10% off,No,5.0/5,India
Shop_48,Shop_48_P0071,Item_71,19635,521,7 days,30 days,In Stock,4.8,None,Yes,3.3/5,India
Shop_48,Shop_48_P0072,Item_72,16110,145,4 days,7 days,Out of Stock,3.3,None,No,4.3/5,India
Shop_48,Shop_48_P0073,Item_73,33976,260,5 days,30 days,Out of Stock,3.2,10% off,No,4.8/5,India
Shop_48,Shop_48_P0074,Item_74,26936,351,3 days,7 days,In Stock,3.3,None,No,4.1/5,India
Shop_48,Shop_48_P0075,Item_75,36900,505,6 days,30 days,Out of Stock,3.6,Free shipping,No,4.3/5,India
Shop_48,Shop_48_P0076,Item_76,22076,24,5 days,30 days,Out of Stock,4.2,None,No,4.3/5,India
Shop_48,Shop_48_P0077,Item_77,43460,178,3 days,30 days,Out of Stock,3.6,Free shipping,No,3.1/5,India
Shop_48,Shop_48_P0078,Item_78,34093,128,6 days,7 days,In Stock,5.0,Free shipping,Yes,4.5/5,India
Shop_48,Shop_48_P0079,Item_79,30702,327,7 days,14 days,In Stock,3.8,10% off,No,4.7/5,India
Shop_48,Shop_48_P0080,Item_80,17939,611,3 days,14 days,Out of Stock,4.1,Free shipping,No,4.3/5,India
Shop_48,Shop_48_P0081,Item_81,48792,41,6 days,7 days,In Stock,3.0,None,No,4.3/5,India
Shop_48,Shop_48_P0082,Item_82,24507,674,3 days,14 days,Out of Stock,3.8,None,No,4.5/5,India
Shop_48,Shop_48_P0083,Item_83,9910,674,1 days,14 days,Out of Stock,4.1,10% off,Yes,4.3/5,India
Shop_48,Shop_48_P0084,Item_84,22885,488,5 days,7 days,Out of Stock,3.2,Free shipping,No,4.4/5,India
Shop_48,Shop_48_P0085,Item_85,7035,128,6 days,14 days,In Stock,4.8,Free shipping,No,3.4/5,India
Shop_48,Shop_48_P0086,Item_86,42050,300,1 days,7 days,Out of Stock,4.4,Free shipping,No,3.2/5,India
Shop_48,Shop_48_P0087,Item_87,1296,565,3 days,30 days,Out of Stock,3.5,None,Yes,3.5/5,India
Shop_48,Shop_48_P0088,Item_88,24776,222,6 days,14 days,In Stock,4.9,None,Yes,3.2/5,India
Shop_48,Shop_48_P0089,Item_89,6430,482,3 days,14 days,In Stock,3.6,10% off,No,3.7/5,India
Shop_48,Shop_48_P0090,Item_90,31890,152,4 days,14 days,In Stock,3.1,10% off,No,4.2/5,India
Shop_48,Shop_48_P0091,Item_91,1393,336,3 days,7 days,In Stock,4.1,10% off,No,4.2/5,India
Shop_48,Shop_48_P0092,Item_92,16078,502,2 days,14 days,Out of Stock,4.2,Free shipping,Yes,4.1/5,India
Shop_48,Shop_48_P0093,Item_93,1697,251,7 days,14 days,In Stock,4.9,10% off,Yes,4.6/5,India
Shop_48,Shop_48_P0094,Item_94,39163,129,5 days,30 days,In Stock,4.2,10% off,No,3.5/5,India
Shop_48,Shop_48_P0095,Item_95,41060,300,5 days,30 days,Out of Stock,3.4,None,Yes,4.8/5,India
Shop_48,Shop_48_P0096,Item_96,21236,37,6 days,14 days,In Stock,4.4,Free shipping,No,4.9/5,India
Shop_48,Shop_48_P0097,Item_97,8375,323,2 days,30 days,In Stock,4.0,10% off,No,4.1/5,India
Shop_48,Shop_48_P0098,Item_98,29557,543,4 days,7 days,Out of Stock,4.3,None,No,4.4/5,India
Shop_48,Shop_48_P0099,Item_99,12980,218,4 days,7 days,In Stock,4.4,Free shipping,Yes,4.7/5,India
Shop_48,Shop_48_P0100,Item_100,16133,542,1 days,14 days,In Stock,4.6,Free shipping,Yes,4.7/5,India
Shop_49,Shop_49_P0001,Item_1,7591,460,1 days,30 days,Out of Stock,4.0,None,Yes,3.2/5,India
Shop_49,Shop_49_P0002,Item_2,19984,282,3 days,14 days,Out of Stock,4.7,None,Yes,3.1/5,India
Shop_49,Shop_49_P0003,Item_3,5572,109,1 days,14 days,Out of Stock,4.3,Free shipping,No,3.1/5,India
Shop_49,Shop_49_P0004,Item_4,47185,45,5 days,14 days,Out of Stock,3.8,None,No,3.6/5,India
Shop_49,Shop_49_P0005,Item_5,47568,27,1 days,30 days,In Stock,4.3,None,No,4.1/5,India
Shop_49,Shop_49_P0006,Item_6,2216,70,6 days,30 days,In Stock,3.3,Free shipping,No,4.3/5,India
Shop_49,Shop_49_P0007,Item_7,43963,665,3 days,14 days,In Stock,4.8,Free shipping,Yes,3.9/5,India
Shop_49,Shop_49_P0008,Item_8,47844,697,7 days,7 days,Out of Stock,3.2,None,Yes,3.7/5,India
Shop_49,Shop_49_P0009,Item_9,45846,343,4 days,30 days,In Stock,3.2,Free shipping,No,3.9/5,India
Shop_49,Shop_49_P0010,Item_10,28634,120,1 days,14 days,In Stock,3.1,10% off,Yes,4.1/5,India
Shop_49,Shop_49_P0011,Item_11,41335,229,1 days,30 days,Out of Stock,3.6,10% off,Yes,4.3/5,India
Shop_49,Shop_49_P0012,Item_12,33519,216,3 days,7 days,In Stock,3.2,Free shipping,Yes,4.1/5,India
Shop_49,Shop_49_P0013,Item_13,31918,223,7 days,30 days,Out of Stock,4.2,Free shipping,Yes,4.1/5,India
Shop_49,Shop_49_P0014,Item_14,40541,587,6 days,7 days,In Stock,3.9,Free shipping,Yes,4.4/5,India
Shop_49,Shop_49_P0015,Item_15,2256,237,4 days,14 days,In Stock,3.9,Free shipping,Yes,4.2/5,India
Shop_49,Shop_49_P0016,Item_16,15527,391,5 days,14 days,In Stock,5.0,10% off,No,3.4/5,India
Shop_49,Shop_49_P0017,Item_17,48937,605,7 days,7 days,Out of Stock,4.5,Free shipping,No,3.2/5,India
Shop_49,Shop_49_P0018,Item_18,17739,373,2 days,30 days,In Stock,4.7,Free shipping,No,3.9/5,India
Shop_49,Shop_49_P0019,Item_19,36568,57,1 days,7 days,In Stock,3.9,None,No,3.6/5,India
Shop_49,Shop_49_P0020,Item_20,10007,627,2 days,7 days,Out of Stock,3.4,10% off,Yes,4.8/5,India
Shop_49,Shop_49_P0021,Item_21,23666,660,7 days,14 days,In Stock,4.4,None,No,3.4/5,India
Shop_49,Shop_49_P0022,Item_22,30036,439,3 days,30 days,In Stock,4.8,None,Yes,3.6/5,India
Shop_49,Shop_49_P0023,Item_23,35741,490,1 days,7 days,In Stock,3.7,Free shipping,No,4.5/5,India
Shop_49,Shop_49_P0024,Item_24,5529,383,7 days,7 days,Out of Stock,4.0,Free shipping,No,4.4/5,India
Shop_49,Shop_49_P0025,Item_25,33618,29,5 days,7 days,In Stock,3.8,None,No,4.0/5,India
Shop_49,Shop_49_P0026,Item_26,34275,92,4 days,7 days,Out of Stock,3.1,10% off,No,3.3/5,India
Shop_49,Shop_49_P0027,Item_27,11693,214,1 days,14 days,In Stock,4.7,Free shipping,Yes,3.4/5,India
Shop_49,Shop_49_P0028,Item_28,25192,595,4 days,7 days,In Stock,4.1,None,No,4.4/5,India
Shop_49,Shop_49_P0029,Item_29,11852,188,2 days,30 days,In Stock,4.3,Free shipping,No,4.4/5,India
Shop_49,Shop_49_P0030,Item_30,31160,366,3 days,30 days,In Stock,3.4,None,Yes,4.4/5,India
Shop_49,Shop_49_P0031,Item_31,35608,173,7 days,14 days,Out of Stock,4.5,10% off,No,4.5/5,India
Shop_49,Shop_49_P0032,Item_32,32031,363,7 days,30 days,Out of Stock,4.3,10% off,Yes,3.6/5,India
Shop_49,Shop_49_P0033,Item_33,23924,552,7 days,7 days,In Stock,4.5,None,Yes,4.3/5,India
Shop_49,Shop_49_P0034,Item_34,46577,567,1 days,7 days,In Stock,3.3,None,No,4.1/5,India
Shop_49,Shop_49_P0035,Item_35,34756,690,2 days,7 days,In Stock,3.7,Free shipping,Yes,3.4/5,India
Shop_49,Shop_49_P0036,Item_36,15079,356,3 days,14 days,In Stock,4.1,Free shipping,Yes,4.5/5,India
Shop_49,Shop_49_P0037,Item_37,43060,410,5 days,30 days,In Stock,4.3,10% off,Yes,4.7/5,India
Shop_49,Shop_49_P0038,Item_38,20274,671,2 days,7 days,In Stock,4.0,10% off,Yes,4.0/5,India
Shop_49,Shop_49_P0039,Item_39,13868,39,6 days,7 days,Out of Stock,3.8,Free shipping,No,4.7/5,India
Shop_49,Shop_49_P0040,Item_40,14872,120,4 days,30 days,Out of Stock,3.3,10% off,Yes,4.2/5,India
Shop_49,Shop_49_P0041,Item_41,11135,449,7 days,30 days,In Stock,4.2,None,No,4.9/5,India
Shop_49,Shop_49_P0042,Item_42,27260,438,5 days,7 days,Out of Stock,4.7,None,No,4.1/5,India
Shop_49,Shop_49_P0043,Item_43,36005,103,4 days,14 days,Out of Stock,3.2,10% off,Yes,3.1/5,India
Shop_49,Shop_49_P0044,Item_44,29780,138,1 days,30 days,Out of Stock,4.0,10% off,Yes,3.7/5,India
Shop_49,Shop_49_P0045,Item_45,33408,329,2 days,30 days,Out of Stock,4.3,10% off,No,4.8/5,India
Shop_49,Shop_49_P0046,Item_46,30311,197,1 days,30 days,In Stock,4.6,Free shipping,Yes,4.0/5,India
Shop_49,Shop_49_P0047,Item_47,34921,687,7 days,7 days,Out of Stock,3.8,10% off,Yes,3.4/5,India
Shop_49,Shop_49_P0048,Item_48,1643,181,7 days,14 days,Out of Stock,4.9,Free shipping,Yes,3.8/5,India
Shop_49,Shop_49_P0049,Item_49,20272,303,2 days,7 days,In Stock,4.0,10% off,No,3.6/5,India
Shop_49,Shop_49_P0050,Item_50,42353,60,1 days,30 days,In Stock,4.7,Free shipping,Yes,4.4/5,India
Shop_49,Shop_49_P0051,Item_51,6196,502,4 days,30 days,In Stock,5.0,10% off,No,4.9/5,India
Shop_49,Shop_49_P0052,Item_52,990,533,5 days,14 days,In Stock,4.2,None,Yes,3.6/5,India
Shop_49,Shop_49_P0053,Item_53,37037,605,1 days,14 days,In Stock,3.7,Free shipping,Yes,4.2/5,India
Shop_49,Shop_49_P0054,Item_54,5455,114,7 days,7 days,Out of Stock,4.8,10% off,No,3.3/5,India
Shop_49,Shop_49_P0055,Item_55,9221,525,2 days,30 days,Out of Stock,4.3,None,Yes,3.4/5,India
Shop_49,Shop_49_P0056,Item_56,18242,118,4 days,14 days,In Stock,3.2,None,No,3.1/5,India
Shop_49,Shop_49_P0057,Item_57,43860,475,5 days,30 days,In Stock,4.8,None,No,4.2/5,India
Shop_49,Shop_49_P0058,Item_58,36428,649,6 days,14 days,Out of Stock,3.9,Free shipping,No,4.7/5,India
Shop_49,Shop_49_P0059,Item_59,41382,34,6 days,14 days,In Stock,4.6,None,No,3.5/5,India
Shop_49,Shop_49_P0060,Item_60,23377,223,5 days,14 days,In Stock,4.5,10% off,Yes,4.5/5,India
Shop_49,Shop_49_P0061,Item_61,47854,249,6 days,30 days,Out of Stock,3.9,10% off,Yes,3.9/5,India
Shop_49,Shop_49_P0062,Item_62,42755,102,2 days,14 days,Out of Stock,3.6,10% off,No,3.9/5,India
Shop_49,Shop_49_P0063,Item_63,36180,363,3 days,7 days,In Stock,3.3,None,No,3.9/5,India
Shop_49,Shop_49_P0064,Item_64,16390,423,4 days,7 days,In Stock,4.7,10% off,No,3.6/5,India
Shop_49,Shop_49_P0065,Item_65,30580,679,4 days,7 days,In Stock,4.2,10% off,No,3.1/5,India
Shop_49,Shop_49_P0066,Item_66,690,674,1 days,7 days,In Stock,3.6,None,No,3.6/5,India
Shop_49,Shop_49_P0067,Item_67,47965,439,5 days,7 days,In Stock,4.0,Free shipping,No,3.4/5,India
Shop_49,Shop_49_P0068,Item_68,29328,687,7 days,30 days,Out of Stock,3.6,None,Yes,3.3/5,India
Shop_49,Shop_49_P0069,Item_69,33383,400,1 days,7 days,In Stock,3.5,Free shipping,Yes,5.0/5,India
Shop_49,Shop_49_P0070,Item_70,28575,209,5 days,7 days,Out of Stock,3.2,10% off,Yes,5.0/5,India
Shop_49,Shop_49_P0071,Item_71,15989,179,7 days,14 days,In Stock,3.7,Free shipping,No,3.6/5,India
Shop_49,Shop_49_P0072,Item_72,31015,564,1 days,7 days,In Stock,3.4,None,Yes,4.5/5,India
Shop_49,Shop_49_P0073,Item_73,36558,525,7 days,14 days,In Stock,4.4,10% off,No,3.3/5,India
Shop_49,Shop_49_P0074,Item_74,30798,218,1 days,14 days,In Stock,3.3,10% off,Yes,4.1/5,India
Shop_49,Shop_49_P0075,Item_75,7386,554,7 days,30 days,In Stock,3.2,None,No,4.5/5,India
Shop_49,Shop_49_P0076,Item_76,12354,240,6 days,30 days,Out of Stock,3.7,10% off,Yes,3.6/5,India
Shop_49,Shop_49_P0077,Item_77,39628,423,6 days,14 days,Out of Stock,4.2,10% off,Yes,3.4/5,India
Shop_49,Shop_49_P0078,Item_78,44960,479,7 days,30 days,In Stock,4.1,Free shipping,No,3.2/5,India
Shop_49,Shop_49_P0079,Item_79,3518,565,5 days,7 days,In Stock,3.7,10% off,No,3.2/5,India
Shop_49,Shop_49_P0080,Item_80,20739,75,3 days,14 days,In Stock,4.2,Free shipping,Yes,4.1/5,India
Shop_49,Shop_49_P0081,Item_81,34497,422,1 days,30 days,In Stock,4.2,10% off,No,4.3/5,India
Shop_49,Shop_49_P0082,Item_82,12781,695,4 days,14 days,In Stock,4.1,10% off,No,3.1/5,India
Shop_49,Shop_49_P0083,Item_83,18756,510,6 days,14 days,In Stock,4.7,Free shipping,No,3.8/5,India
Shop_49,Shop_49_P0084,Item_84,10645,332,4 days,30 days,Out of Stock,4.7,Free shipping,No,4.8/5,India
Shop_49,Shop_49_P0085,Item_85,33094,592,4 days,14 days,In Stock,4.2,Free shipping,Yes,4.5/5,India
Shop_49,Shop_49_P0086,Item_86,15824,174,6 days,30 days,Out of Stock,3.9,None,Yes,4.0/5,India
Shop_49,Shop_49_P0087,Item_87,33931,57,6 days,30 days,Out of Stock,4.2,None,No,4.3/5,India
Shop_49,Shop_49_P0088,Item_88,3067,295,3 days,14 days,Out of Stock,4.4,10% off,Yes,3.9/5,India
Shop_49,Shop_49_P0089,Item_89,8047,443,4 days,14 days,Out of Stock,3.4,10% off,No,4.1/5,India
Shop_49,Shop_49_P0090,Item_90,3307,126,4 days,7 days,Out of Stock,4.4,None,Yes,3.3/5,India
Shop_49,Shop_49_P0091,Item_91,21402,605,5 days,7 days,Out of Stock,5.0,10% off,Yes,4.5/5,India
Shop_49,Shop_49_P0092,Item_92,21985,510,5 days,14 days,Out of Stock,5.0,Free shipping,Yes,3.0/5,India
Shop_49,Shop_49_P0093,Item_93,8626,638,2 days,7 days,Out of Stock,4.1,10% off,No,3.9/5,India
Shop_49,Shop_49_P0094,Item_94,41103,239,1 days,30 days,In Stock,3.2,10% off,No,5.0/5,India
Shop_49,Shop_49_P0095,Item_95,35804,542,5 days,30 days,In Stock,3.6,Free shipping,Yes,3.5/5,India
Shop_49,Shop_49_P0096,Item_96,37113,612,2 days,30 days,In Stock,3.7,None,No,3.3/5,India
Shop_49,Shop_49_P0097,Item_97,2114,519,2 days,7 days,Out of Stock,3.5,Free shipping,No,3.6/5,India
Shop_49,Shop_49_P0098,Item_98,17119,389,3 days,14 days,Out of Stock,4.8,None,No,4.5/5,India
Shop_49,Shop_49_P0099,Item_99,21419,248,6 days,30 days,Out of Stock,4.0,10% off,No,3.3/5,India
Shop_49,Shop_49_P0100,Item_100,6738,335,4 days,14 days,Out of Stock,4.1,Free shipping,Yes,4.6/5,India
Shop_50,Shop_50_P0001,Item_1,42542,236,1 days,30 days,In Stock,4.9,None,Yes,4.7/5,India
Shop_50,Shop_50_P0002,Item_2,25525,45,1 days,30 days,Out of Stock,4.7,None,No,3.4/5,India
Shop_50,Shop_50_P0003,Item_3,37122,459,1 days,7 days,In Stock,4.0,Free shipping,Yes,4.4/5,India
Shop_50,Shop_50_P0004,Item_4,38175,522,2 days,14 days,In Stock,4.5,10% off,Yes,3.9/5,India
Shop_50,Shop_50_P0005,Item_5,12039,494,7 days,7 days,In Stock,4.8,Free shipping,Yes,4.5/5,India
Shop_50,Shop_50_P0006,Item_6,15379,439,3 days,7 days,In Stock,4.6,10% off,Yes,3.4/5,India
Shop_50,Shop_50_P0007,Item_7,33483,284,6 days,7 days,In Stock,3.6,10% off,No,4.6/5,India
Shop_50,Shop_50_P0008,Item_8,36312,185,7 days,7 days,In Stock,3.9,None,Yes,4.3/5,India
Shop_50,Shop_50_P0009,Item_9,18403,352,5 days,14 days,In Stock,4.8,None,Yes,4.3/5,India
Shop_50,Shop_50_P0010,Item_10,47306,136,1 days,7 days,Out of Stock,3.3,None,Yes,4.0/5,India
Shop_50,Shop_50_P0011,Item_11,9179,155,2 days,14 days,Out of Stock,4.2,10% off,Yes,4.1/5,India
Shop_50,Shop_50_P0012,Item_12,26470,103,3 days,14 days,In Stock,4.9,None,No,4.9/5,India
Shop_50,Shop_50_P0013,Item_13,9409,376,1 days,7 days,In Stock,4.8,10% off,No,4.0/5,India
Shop_50,Shop_50_P0014,Item_14,29219,116,5 days,7 days,In Stock,3.3,Free shipping,Yes,3.5/5,India
Shop_50,Shop_50_P0015,Item_15,6031,699,4 days,30 days,In Stock,4.8,Free shipping,No,4.9/5,India
Shop_50,Shop_50_P0016,Item_16,24869,285,5 days,30 days,Out of Stock,4.3,10% off,No,4.8/5,India
Shop_50,Shop_50_P0017,Item_17,5284,52,7 days,14 days,In Stock,4.5,Free shipping,No,4.9/5,India
Shop_50,Shop_50_P0018,Item_18,5494,55,7 days,30 days,Out of Stock,3.3,Free shipping,No,3.9/5,India
Shop_50,Shop_50_P0019,Item_19,8641,298,6 days,30 days,Out of Stock,4.7,10% off,Yes,3.2/5,India
Shop_50,Shop_50_P0020,Item_20,26086,224,6 days,30 days,Out of Stock,4.8,Free shipping,No,3.6/5,India
Shop_50,Shop_50_P0021,Item_21,6144,71,1 days,7 days,In Stock,3.4,10% off,No,4.2/5,India
Shop_50,Shop_50_P0022,Item_22,20422,622,6 days,30 days,Out of Stock,3.7,None,Yes,3.2/5,India
Shop_50,Shop_50_P0023,Item_23,36940,479,3 days,30 days,In Stock,4.1,Free shipping,No,3.3/5,India
Shop_50,Shop_50_P0024,Item_24,37377,675,7 days,14 days,In Stock,3.2,Free shipping,No,4.7/5,India
Shop_50,Shop_50_P0025,Item_25,40430,434,6 days,30 days,In Stock,4.6,None,Yes,3.3/5,India
Shop_50,Shop_50_P0026,Item_26,39368,288,1 days,14 days,In Stock,4.7,Free shipping,No,3.2/5,India
Shop_50,Shop_50_P0027,Item_27,46018,382,5 days,30 days,Out of Stock,4.7,None,No,3.2/5,India
Shop_50,Shop_50_P0028,Item_28,44873,255,5 days,14 days,Out of Stock,4.1,10% off,No,4.2/5,India
Shop_50,Shop_50_P0029,Item_29,28929,371,5 days,30 days,In Stock,3.4,None,Yes,3.1/5,India
Shop_50,Shop_50_P0030,Item_30,2994,650,7 days,7 days,Out of Stock,4.3,10% off,Yes,3.4/5,India
Shop_50,Shop_50_P0031,Item_31,47109,332,3 days,14 days,In Stock,4.9,10% off,No,4.1/5,India
Shop_50,Shop_50_P0032,Item_32,43090,421,3 days,30 days,In Stock,3.8,Free shipping,Yes,3.6/5,India
Shop_50,Shop_50_P0033,Item_33,20482,308,7 days,30 days,In Stock,3.8,None,No,4.8/5,India
Shop_50,Shop_50_P0034,Item_34,38943,529,2 days,7 days,Out of Stock,3.9,Free shipping,Yes,3.9/5,India
Shop_50,Shop_50_P0035,Item_35,41588,460,7 days,30 days,In Stock,3.8,10% off,No,3.2/5,India
Shop_50,Shop_50_P0036,Item_36,49894,36,4 days,14 days,Out of Stock,3.8,Free shipping,No,4.9/5,India
Shop_50,Shop_50_P0037,Item_37,7032,56,3 days,14 days,In Stock,3.1,10% off,No,4.2/5,India
Shop_50,Shop_50_P0038,Item_38,47691,203,4 days,14 days,In Stock,4.4,10% off,No,3.7/5,India
Shop_50,Shop_50_P0039,Item_39,24877,392,1 days,30 days,Out of Stock,4.7,None,Yes,3.6/5,India
Shop_50,Shop_50_P0040,Item_40,45698,641,1 days,14 days,Out of Stock,3.6,None,Yes,4.7/5,India
Shop_50,Shop_50_P0041,Item_41,20222,193,6 days,14 days,In Stock,4.4,Free shipping,Yes,4.4/5,India
Shop_50,Shop_50_P0042,Item_42,10259,172,3 days,30 days,In Stock,3.8,None,No,3.5/5,India
Shop_50,Shop_50_P0043,Item_43,41227,89,1 days,30 days,In Stock,4.0,10% off,No,4.2/5,India
Shop_50,Shop_50_P0044,Item_44,17566,210,3 days,14 days,In Stock,4.3,Free shipping,Yes,4.6/5,India
Shop_50,Shop_50_P0045,Item_45,33076,552,3 days,30 days,Out of Stock,3.8,None,No,4.8/5,India
Shop_50,Shop_50_P0046,Item_46,26723,278,2 days,7 days,In Stock,4.0,Free shipping,No,4.3/5,India
Shop_50,Shop_50_P0047,Item_47,1127,434,1 days,30 days,In Stock,4.5,Free shipping,Yes,4.2/5,India
Shop_50,Shop_50_P0048,Item_48,48623,461,7 days,7 days,In Stock,3.8,10% off,Yes,3.1/5,India
Shop_50,Shop_50_P0049,Item_49,891,664,7 days,14 days,Out of Stock,3.8,None,Yes,4.6/5,India
Shop_50,Shop_50_P0050,Item_50,18310,300,3 days,30 days,Out of Stock,3.1,Free shipping,No,4.7/5,India
Shop_50,Shop_50_P0051,Item_51,14490,416,4 days,30 days,Out of Stock,4.1,Free shipping,Yes,4.2/5,India
Shop_50,Shop_50_P0052,Item_52,19332,487,2 days,7 days,Out of Stock,4.6,None,No,4.4/5,India
Shop_50,Shop_50_P0053,Item_53,31462,336,2 days,7 days,In Stock,3.7,10% off,Yes,3.9/5,India
Shop_50,Shop_50_P0054,Item_54,9778,28,4 days,14 days,Out of Stock,4.8,None,Yes,3.4/5,India
Shop_50,Shop_50_P0055,Item_55,10348,66,2 days,30 days,In Stock,4.8,Free shipping,Yes,3.0/5,India
Shop_50,Shop_50_P0056,Item_56,41145,392,4 days,14 days,In Stock,3.1,10% off,Yes,4.4/5,India
Shop_50,Shop_50_P0057,Item_57,2180,340,3 days,30 days,In Stock,3.7,None,No,4.3/5,India
Shop_50,Shop_50_P0058,Item_58,16771,376,5 days,30 days,In Stock,3.6,None,No,3.4/5,India
Shop_50,Shop_50_P0059,Item_59,37465,393,5 days,30 days,In Stock,4.8,10% off,No,4.5/5,India
Shop_50,Shop_50_P0060,Item_60,35845,396,6 days,30 days,In Stock,4.2,Free shipping,No,3.9/5,India
Shop_50,Shop_50_P0061,Item_61,7398,236,7 days,14 days,Out of Stock,3.7,10% off,Yes,4.0/5,India
Shop_50,Shop_50_P0062,Item_62,33365,284,5 days,14 days,Out of Stock,4.3,Free shipping,No,3.3/5,India
Shop_50,Shop_50_P0063,Item_63,34771,374,4 days,14 days,In Stock,3.9,10% off,No,4.7/5,India
Shop_50,Shop_50_P0064,Item_64,31054,557,5 days,14 days,Out of Stock,3.9,Free shipping,Yes,4.2/5,India
Shop_50,Shop_50_P0065,Item_65,16620,354,5 days,7 days,In Stock,4.6,Free shipping,No,3.5/5,India
Shop_50,Shop_50_P0066,Item_66,23200,372,4 days,14 days,In Stock,3.0,Free shipping,Yes,3.6/5,India
Shop_50,Shop_50_P0067,Item_67,43542,561,4 days,7 days,In Stock,3.7,None,Yes,4.4/5,India
Shop_50,Shop_50_P0068,Item_68,23575,657,7 days,30 days,Out of Stock,4.0,None,Yes,3.6/5,India
Shop_50,Shop_50_P0069,Item_69,33621,371,1 days,7 days,In Stock,3.4,Free shipping,Yes,3.1/5,India
Shop_50,Shop_50_P0070,Item_70,34618,657,6 days,30 days,In Stock,3.0,None,No,3.9/5,India
Shop_50,Shop_50_P0071,Item_71,19216,573,3 days,7 days,Out of Stock,4.7,10% off,Yes,3.9/5,India
Shop_50,Shop_50_P0072,Item_72,5787,565,3 days,30 days,In Stock,4.4,10% off,No,3.3/5,India
Shop_50,Shop_50_P0073,Item_73,9324,188,4 days,14 days,In Stock,4.5,None,No,4.3/5,India
Shop_50,Shop_50_P0074,Item_74,24980,222,2 days,14 days,Out of Stock,3.2,Free shipping,No,5.0/5,India
Shop_50,Shop_50_P0075,Item_75,18437,601,5 days,14 days,In Stock,4.8,10% off,Yes,5.0/5,India
Shop_50,Shop_50_P0076,Item_76,42241,479,1 days,7 days,Out of Stock,4.9,None,No,3.4/5,India
Shop_50,Shop_50_P0077,Item_77,17986,363,7 days,30 days,Out of Stock,3.4,10% off,Yes,4.5/5,India
Shop_50,Shop_50_P0078,Item_78,40642,443,3 days,7 days,Out of Stock,4.0,10% off,Yes,4.1/5,India
Shop_50,Shop_50_P0079,Item_79,10292,155,4 days,30 days,In Stock,3.0,10% off,Yes,4.5/5,India
Shop_50,Shop_50_P0080,Item_80,45930,451,5 days,7 days,Out of Stock,4.5,None,No,4.2/5,India
Shop_50,Shop_50_P0081,Item_81,49116,346,5 days,7 days,Out of Stock,3.2,10% off,No,4.5/5,India
Shop_50,Shop_50_P0082,Item_82,27505,25,2 days,30 days,Out of Stock,3.7,Free shipping,Yes,4.0/5,India
Shop_50,Shop_50_P0083,Item_83,35731,286,6 days,30 days,Out of Stock,4.5,Free shipping,No,4.3/5,India
Shop_50,Shop_50_P0084,Item_84,18637,576,2 days,14 days,In Stock,3.8,10% off,Yes,4.2/5,India
Shop_50,Shop_50_P0085,Item_85,34934,213,1 days,30 days,In Stock,3.9,Free shipping,Yes,4.7/5,India
Shop_50,Shop_50_P0086,Item_86,21319,239,6 days,7 days,Out of Stock,4.4,10% off,Yes,4.2/5,India
Shop_50,Shop_50_P0087,Item_87,44214,336,2 days,30 days,In Stock,3.6,None,No,3.1/5,India
Shop_50,Shop_50_P0088,Item_88,12559,78,6 days,7 days,In Stock,3.8,10% off,No,4.6/5,India
Shop_50,Shop_50_P0089,Item_89,29163,157,6 days,7 days,Out of Stock,4.6,10% off,Yes,4.1/5,India
Shop_50,Shop_50_P0090,Item_90,20350,493,1 days,7 days,In Stock,3.4,Free shipping,Yes,4.1/5,India
Shop_50,Shop_50_P0091,Item_91,12687,414,2 days,30 days,Out of Stock,4.1,Free shipping,Yes,4.4/5,India
Shop_50,Shop_50_P0092,Item_92,5145,384,5 days,7 days,In Stock,3.7,10% off,Yes,3.3/5,India
Shop_50,Shop_50_P0093,Item_93,37729,270,7 days,30 days,In Stock,3.9,Free shipping,Yes,3.9/5,India
Shop_50,Shop_50_P0094,Item_94,34327,467,6 days,14 days,In Stock,4.4,None,Yes,3.5/5,India
Shop_50,Shop_50_P0095,Item_95,35421,563,6 days,14 days,Out of Stock,4.6,Free shipping,Yes,4.9/5,India
Shop_50,Shop_50_P0096,Item_96,39175,699,7 days,7 days,In Stock,4.7,10% off,Yes,3.3/5,India
Shop_50,Shop_50_P0097,Item_97,19683,575,3 days,30 days,Out of Stock,4.9,Free shipping,Yes,4.1/5,India
Shop_50,Shop_50_P0098,Item_98,36587,449,1 days,7 days,In Stock,4.3,10% off,No,3.8/5,India
Shop_50,Shop_50_P0099,Item_99,49375,365,5 days,30 days,In Stock,4.8,Free shipping,Yes,3.0/5,India
Shop_50,Shop_50_P0100,Item_100,28083,327,3 days,14 days,Out of Stock,4.9,None,No,4.1/5,India
Shop_51,Shop_51_P0001,Item_1,3846,457,5 days,14 days,In Stock,4.4,Free shipping,Yes,4.3/5,India
Shop_51,Shop_51_P0002,Item_2,35466,495,1 days,30 days,In Stock,4.8,10% off,Yes,4.8/5,India
Shop_51,Shop_51_P0003,Item_3,26646,447,7 days,14 days,In Stock,3.3,Free shipping,Yes,3.2/5,India
Shop_51,Shop_51_P0004,Item_4,32520,124,7 days,30 days,In Stock,4.5,None,No,3.8/5,India
Shop_51,Shop_51_P0005,Item_5,40525,483,4 days,30 days,In Stock,4.9,Free shipping,No,3.3/5,India
Shop_51,Shop_51_P0006,Item_6,2154,275,6 days,7 days,In Stock,3.1,Free shipping,No,3.1/5,India
Shop_51,Shop_51_P0007,Item_7,33166,502,4 days,30 days,Out of Stock,3.9,10% off,Yes,4.1/5,India
Shop_51,Shop_51_P0008,Item_8,49829,330,5 days,14 days,In Stock,4.9,None,No,3.8/5,India
Shop_51,Shop_51_P0009,Item_9,20080,330,5 days,14 days,In Stock,4.5,Free shipping,Yes,3.8/5,India
Shop_51,Shop_51_P0010,Item_10,47719,275,3 days,7 days,In Stock,3.2,10% off,Yes,3.2/5,India
Shop_51,Shop_51_P0011,Item_11,10274,434,2 days,30 days,Out of Stock,4.6,None,Yes,4.7/5,India
Shop_51,Shop_51_P0012,Item_12,37802,276,2 days,14 days,Out of Stock,3.6,10% off,No,3.4/5,India
Shop_51,Shop_51_P0013,Item_13,12267,220,3 days,14 days,Out of Stock,4.1,None,No,3.6/5,India
Shop_51,Shop_51_P0014,Item_14,10282,79,1 days,14 days,In Stock,3.9,Free shipping,No,4.0/5,India
Shop_51,Shop_51_P0015,Item_15,45834,670,4 days,30 days,Out of Stock,4.1,None,Yes,4.0/5,India
Shop_51,Shop_51_P0016,Item_16,36371,377,3 days,30 days,In Stock,4.1,Free shipping,Yes,3.1/5,India
Shop_51,Shop_51_P0017,Item_17,39173,454,3 days,7 days,Out of Stock,4.4,Free shipping,Yes,4.9/5,India
Shop_51,Shop_51_P0018,Item_18,9687,561,4 days,7 days,Out of Stock,3.7,None,Yes,3.3/5,India
Shop_51,Shop_51_P0019,Item_19,40453,25,5 days,14 days,Out of Stock,4.0,None,No,3.2/5,India
Shop_51,Shop_51_P0020,Item_20,23334,484,3 days,7 days,Out of Stock,3.1,None,Yes,3.4/5,India
Shop_51,Shop_51_P0021,Item_21,12204,244,5 days,30 days,Out of Stock,3.9,10% off,No,4.1/5,India
Shop_51,Shop_51_P0022,Item_22,43613,619,1 days,7 days,In Stock,3.8,10% off,Yes,4.2/5,India
Shop_51,Shop_51_P0023,Item_23,16850,676,3 days,14 days,In Stock,3.2,None,No,3.1/5,India
Shop_51,Shop_51_P0024,Item_24,49036,313,5 days,14 days,In Stock,3.7,Free shipping,No,4.2/5,India
Shop_51,Shop_51_P0025,Item_25,32938,348,4 days,30 days,Out of Stock,4.4,None,No,5.0/5,India
Shop_51,Shop_51_P0026,Item_26,21019,354,1 days,14 days,In Stock,3.3,Free shipping,No,3.3/5,India
Shop_51,Shop_51_P0027,Item_27,30790,647,4 days,7 days,In Stock,4.7,10% off,Yes,3.1/5,India
Shop_51,Shop_51_P0028,Item_28,25582,287,3 days,30 days,Out of Stock,3.9,10% off,No,3.3/5,India
Shop_51,Shop_51_P0029,Item_29,9111,86,3 days,30 days,In Stock,3.1,Free shipping,No,3.7/5,India
Shop_51,Shop_51_P0030,Item_30,6046,283,4 days,7 days,Out of Stock,3.4,None,No,4.3/5,India
Shop_51,Shop_51_P0031,Item_31,2105,345,5 days,7 days,In Stock,4.3,Free shipping,No,3.6/5,India
Shop_51,Shop_51_P0032,Item_32,15025,47,2 days,14 days,In Stock,4.2,10% off,No,4.3/5,India
Shop_51,Shop_51_P0033,Item_33,12588,230,2 days,30 days,Out of Stock,3.2,None,No,5.0/5,India
Shop_51,Shop_51_P0034,Item_34,24964,326,4 days,14 days,In Stock,3.2,None,Yes,4.1/5,India
Shop_51,Shop_51_P0035,Item_35,30404,554,7 days,14 days,Out of Stock,3.1,10% off,No,4.8/5,India
Shop_51,Shop_51_P0036,Item_36,27350,553,3 days,14 days,In Stock,3.8,10% off,Yes,4.5/5,India
Shop_51,Shop_51_P0037,Item_37,25305,233,6 days,7 days,In Stock,4.8,Free shipping,Yes,4.3/5,India
Shop_51,Shop_51_P0038,Item_38,46736,514,7 days,7 days,In Stock,3.9,10% off,No,3.2/5,India
Shop_51,Shop_51_P0039,Item_39,32106,611,6 days,14 days,Out of Stock,4.2,10% off,No,3.5/5,India
Shop_51,Shop_51_P0040,Item_40,18215,635,2 days,30 days,In Stock,4.3,None,Yes,3.2/5,India
Shop_51,Shop_51_P0041,Item_41,5621,35,7 days,7 days,In Stock,3.1,None,Yes,4.7/5,India
Shop_51,Shop_51_P0042,Item_42,39162,337,4 days,14 days,In Stock,4.4,Free shipping,No,4.8/5,India
Shop_51,Shop_51_P0043,Item_43,40718,153,7 days,30 days,Out of Stock,4.5,10% off,Yes,3.6/5,India
Shop_51,Shop_51_P0044,Item_44,1675,428,4 days,7 days,In Stock,4.9,10% off,Yes,3.6/5,India
Shop_51,Shop_51_P0045,Item_45,32898,469,5 days,14 days,In Stock,3.8,None,No,3.5/5,India
Shop_51,Shop_51_P0046,Item_46,32856,379,6 days,14 days,In Stock,3.7,Free shipping,No,4.4/5,India
Shop_51,Shop_51_P0047,Item_47,36340,79,3 days,14 days,In Stock,3.7,10% off,No,3.9/5,India
Shop_51,Shop_51_P0048,Item_48,3126,150,7 days,7 days,Out of Stock,3.4,10% off,Yes,4.0/5,India
Shop_51,Shop_51_P0049,Item_49,42138,50,6 days,30 days,Out of Stock,3.6,None,Yes,3.8/5,India
Shop_51,Shop_51_P0050,Item_50,40991,616,1 days,30 days,Out of Stock,3.3,10% off,No,3.7/5,India
Shop_51,Shop_51_P0051,Item_51,20493,635,1 days,7 days,Out of Stock,3.4,10% off,No,3.4/5,India
Shop_51,Shop_51_P0052,Item_52,18595,297,3 days,7 days,In Stock,3.5,Free shipping,No,4.5/5,India
Shop_51,Shop_51_P0053,Item_53,10688,62,3 days,14 days,In Stock,4.8,10% off,No,4.0/5,India
Shop_51,Shop_51_P0054,Item_54,43034,550,2 days,14 days,In Stock,3.4,None,Yes,4.0/5,India
Shop_51,Shop_51_P0055,Item_55,5590,503,2 days,14 days,In Stock,4.3,10% off,Yes,4.5/5,India
Shop_51,Shop_51_P0056,Item_56,41192,479,1 days,7 days,In Stock,4.2,10% off,Yes,3.7/5,India
Shop_51,Shop_51_P0057,Item_57,15006,590,4 days,7 days,Out of Stock,3.2,10% off,Yes,4.4/5,India
Shop_51,Shop_51_P0058,Item_58,33042,676,4 days,30 days,Out of Stock,4.7,10% off,Yes,3.1/5,India
Shop_51,Shop_51_P0059,Item_59,15536,298,7 days,30 days,In Stock,4.6,Free shipping,Yes,3.1/5,India
Shop_51,Shop_51_P0060,Item_60,24193,401,7 days,30 days,In Stock,3.2,10% off,No,3.2/5,India
Shop_51,Shop_51_P0061,Item_61,44763,327,3 days,30 days,Out of Stock,5.0,Free shipping,No,3.8/5,India
Shop_51,Shop_51_P0062,Item_62,19229,475,5 days,7 days,Out of Stock,4.5,10% off,Yes,3.8/5,India
Shop_51,Shop_51_P0063,Item_63,9146,144,1 days,30 days,Out of Stock,4.6,10% off,Yes,4.5/5,India
Shop_51,Shop_51_P0064,Item_64,22846,412,5 days,7 days,In Stock,4.2,None,Yes,3.7/5,India
Shop_51,Shop_51_P0065,Item_65,10153,140,7 days,30 days,Out of Stock,3.4,None,No,3.8/5,India
Shop_51,Shop_51_P0066,Item_66,26393,379,2 days,7 days,In Stock,4.4,Free shipping,No,4.4/5,India
Shop_51,Shop_51_P0067,Item_67,15982,470,7 days,14 days,In Stock,4.1,Free shipping,No,4.3/5,India
Shop_51,Shop_51_P0068,Item_68,10189,550,3 days,7 days,In Stock,4.3,None,No,3.2/5,India
Shop_51,Shop_51_P0069,Item_69,26945,474,6 days,7 days,Out of Stock,4.1,Free shipping,No,3.3/5,India
Shop_51,Shop_51_P0070,Item_70,26527,403,7 days,14 days,Out of Stock,4.3,10% off,Yes,3.2/5,India
Shop_51,Shop_51_P0071,Item_71,9869,453,6 days,7 days,In Stock,4.9,None,No,3.9/5,India
Shop_51,Shop_51_P0072,Item_72,43810,613,3 days,7 days,In Stock,3.9,None,Yes,4.8/5,India
Shop_51,Shop_51_P0073,Item_73,9494,394,3 days,7 days,Out of Stock,4.5,10% off,No,4.7/5,India
Shop_51,Shop_51_P0074,Item_74,48123,247,3 days,30 days,Out of Stock,3.5,None,No,4.6/5,India
Shop_51,Shop_51_P0075,Item_75,8774,478,4 days,14 days,Out of Stock,4.1,Free shipping,Yes,3.0/5,India
Shop_51,Shop_51_P0076,Item_76,20410,620,2 days,30 days,Out of Stock,5.0,None,Yes,3.1/5,India
Shop_51,Shop_51_P0077,Item_77,31451,146,3 days,30 days,In Stock,3.6,10% off,No,4.2/5,India
Shop_51,Shop_51_P0078,Item_78,23368,557,3 days,7 days,In Stock,4.0,10% off,Yes,4.6/5,India
Shop_51,Shop_51_P0079,Item_79,49380,334,7 days,30 days,In Stock,3.1,None,No,4.8/5,India
Shop_51,Shop_51_P0080,Item_80,9250,183,3 days,7 days,In Stock,4.7,10% off,No,3.6/5,India
Shop_51,Shop_51_P0081,Item_81,18032,122,4 days,14 days,Out of Stock,4.8,Free shipping,No,4.2/5,India
Shop_51,Shop_51_P0082,Item_82,25011,132,5 days,14 days,In Stock,4.2,None,Yes,3.5/5,India
Shop_51,Shop_51_P0083,Item_83,4032,198,1 days,14 days,In Stock,5.0,10% off,Yes,3.1/5,India
Shop_51,Shop_51_P0084,Item_84,22981,222,5 days,14 days,Out of Stock,4.3,10% off,No,4.0/5,India
Shop_51,Shop_51_P0085,Item_85,7555,329,2 days,14 days,In Stock,4.7,Free shipping,No,3.2/5,India
Shop_51,Shop_51_P0086,Item_86,16470,532,4 days,14 days,In Stock,4.9,Free shipping,Yes,4.0/5,India
Shop_51,Shop_51_P0087,Item_87,36088,682,1 days,7 days,In Stock,3.6,Free shipping,No,4.5/5,India
Shop_51,Shop_51_P0088,Item_88,2672,243,1 days,30 days,In Stock,4.5,Free shipping,No,4.6/5,India
Shop_51,Shop_51_P0089,Item_89,44186,166,3 days,7 days,Out of Stock,4.1,10% off,No,4.4/5,India
Shop_51,Shop_51_P0090,Item_90,5416,513,2 days,14 days,In Stock,4.1,None,No,4.0/5,India
Shop_51,Shop_51_P0091,Item_91,39691,354,3 days,7 days,In Stock,4.2,None,No,4.9/5,India
Shop_51,Shop_51_P0092,Item_92,8617,121,4 days,14 days,Out of Stock,3.6,None,No,3.1/5,India
Shop_51,Shop_51_P0093,Item_93,43864,199,1 days,7 days,Out of Stock,3.0,10% off,No,4.5/5,India
Shop_51,Shop_51_P0094,Item_94,32547,317,5 days,30 days,Out of Stock,4.3,10% off,Yes,3.2/5,India
Shop_51,Shop_51_P0095,Item_95,33356,213,1 days,14 days,In Stock,4.5,None,No,3.8/5,India
Shop_51,Shop_51_P0096,Item_96,46575,342,5 days,7 days,Out of Stock,3.8,10% off,No,3.9/5,India
Shop_51,Shop_51_P0097,Item_97,41580,668,3 days,14 days,In Stock,4.1,10% off,No,4.1/5,India
Shop_51,Shop_51_P0098,Item_98,36593,308,2 days,14 days,In Stock,4.5,None,Yes,3.4/5,India
Shop_51,Shop_51_P0099,Item_99,42852,117,5 days,7 days,Out of Stock,4.2,Free shipping,No,3.3/5,India
Shop_51,Shop_51_P0100,Item_100,7084,103,3 days,7 days,In Stock,4.2,None,Yes,3.3/5,India
Shop_52,Shop_52_P0001,Item_1,28227,687,1 days,14 days,In Stock,3.6,Free shipping,No,4.1/5,India
Shop_52,Shop_52_P0002,Item_2,44804,404,4 days,7 days,Out of Stock,3.1,Free shipping,Yes,3.8/5,India
Shop_52,Shop_52_P0003,Item_3,1905,279,5 days,7 days,In Stock,4.4,Free shipping,No,4.9/5,India
Shop_52,Shop_52_P0004,Item_4,13408,321,4 days,30 days,In Stock,4.7,None,No,4.5/5,India
Shop_52,Shop_52_P0005,Item_5,5416,92,6 days,30 days,Out of Stock,4.4,10% off,No,3.6/5,India
Shop_52,Shop_52_P0006,Item_6,7017,395,6 days,30 days,Out of Stock,4.7,10% off,No,4.1/5,India
Shop_52,Shop_52_P0007,Item_7,16384,318,6 days,30 days,In Stock,3.9,10% off,Yes,3.1/5,India
Shop_52,Shop_52_P0008,Item_8,18910,245,2 days,7 days,In Stock,3.0,10% off,No,4.7/5,India
Shop_52,Shop_52_P0009,Item_9,12347,437,4 days,30 days,Out of Stock,3.8,Free shipping,No,3.3/5,India
Shop_52,Shop_52_P0010,Item_10,2570,195,6 days,30 days,Out of Stock,3.9,Free shipping,No,3.4/5,India
Shop_52,Shop_52_P0011,Item_11,41279,564,5 days,14 days,Out of Stock,3.8,10% off,No,5.0/5,India
Shop_52,Shop_52_P0012,Item_12,10217,302,6 days,30 days,In Stock,4.9,None,Yes,3.2/5,India
Shop_52,Shop_52_P0013,Item_13,10891,317,2 days,7 days,In Stock,4.9,Free shipping,Yes,4.3/5,India
Shop_52,Shop_52_P0014,Item_14,10145,526,4 days,14 days,In Stock,4.2,Free shipping,Yes,3.8/5,India
Shop_52,Shop_52_P0015,Item_15,34160,136,7 days,7 days,In Stock,3.2,Free shipping,Yes,4.2/5,India
Shop_52,Shop_52_P0016,Item_16,20991,80,3 days,14 days,Out of Stock,5.0,Free shipping,Yes,4.7/5,India
Shop_52,Shop_52_P0017,Item_17,1590,144,7 days,7 days,In Stock,4.3,None,Yes,4.9/5,India
Shop_52,Shop_52_P0018,Item_18,15603,271,5 days,30 days,Out of Stock,4.9,10% off,Yes,3.9/5,India
Shop_52,Shop_52_P0019,Item_19,4110,255,1 days,7 days,In Stock,4.1,10% off,Yes,4.8/5,India
Shop_52,Shop_52_P0020,Item_20,47053,460,1 days,30 days,Out of Stock,3.4,None,Yes,3.8/5,India
Shop_52,Shop_52_P0021,Item_21,27771,295,4 days,14 days,Out of Stock,3.4,10% off,Yes,4.6/5,India
Shop_52,Shop_52_P0022,Item_22,49769,67,7 days,30 days,In Stock,3.8,10% off,Yes,4.9/5,India
Shop_52,Shop_52_P0023,Item_23,4985,261,7 days,7 days,In Stock,3.4,10% off,Yes,4.4/5,India
Shop_52,Shop_52_P0024,Item_24,18145,181,5 days,7 days,Out of Stock,4.1,None,Yes,3.5/5,India
Shop_52,Shop_52_P0025,Item_25,32133,319,1 days,14 days,In Stock,4.8,None,No,3.1/5,India
Shop_52,Shop_52_P0026,Item_26,49294,323,1 days,30 days,Out of Stock,3.5,10% off,Yes,5.0/5,India
Shop_52,Shop_52_P0027,Item_27,34223,170,7 days,7 days,In Stock,4.7,None,No,4.8/5,India
Shop_52,Shop_52_P0028,Item_28,21409,514,6 days,7 days,Out of Stock,3.2,None,Yes,4.8/5,India
Shop_52,Shop_52_P0029,Item_29,43763,682,7 days,30 days,In Stock,4.6,Free shipping,No,3.6/5,India
Shop_52,Shop_52_P0030,Item_30,21125,648,1 days,14 days,In Stock,3.5,10% off,No,3.3/5,India
Shop_52,Shop_52_P0031,Item_31,37249,307,1 days,14 days,Out of Stock,3.7,None,No,4.7/5,India
Shop_52,Shop_52_P0032,Item_32,23174,313,4 days,30 days,Out of Stock,3.2,None,No,3.1/5,India
Shop_52,Shop_52_P0033,Item_33,752,177,3 days,7 days,In Stock,3.5,10% off,Yes,3.0/5,India
Shop_52,Shop_52_P0034,Item_34,37206,547,6 days,14 days,Out of Stock,4.0,None,No,4.0/5,India
Shop_52,Shop_52_P0035,Item_35,29881,607,3 days,7 days,Out of Stock,4.5,None,No,3.7/5,India
Shop_52,Shop_52_P0036,Item_36,1281,332,7 days,14 days,In Stock,5.0,10% off,Yes,3.5/5,India
Shop_52,Shop_52_P0037,Item_37,5246,683,5 days,7 days,Out of Stock,4.9,Free shipping,No,3.1/5,India
Shop_52,Shop_52_P0038,Item_38,12033,449,3 days,7 days,In Stock,4.7,Free shipping,No,3.4/5,India
Shop_52,Shop_52_P0039,Item_39,5250,678,4 days,14 days,In Stock,3.1,10% off,No,3.3/5,India
Shop_52,Shop_52_P0040,Item_40,40346,475,2 days,30 days,In Stock,4.7,10% off,Yes,4.3/5,India
Shop_52,Shop_52_P0041,Item_41,8921,212,7 days,7 days,In Stock,4.4,Free shipping,Yes,3.6/5,India
Shop_52,Shop_52_P0042,Item_42,27587,116,3 days,14 days,In Stock,4.2,None,Yes,3.8/5,India
Shop_52,Shop_52_P0043,Item_43,39326,549,3 days,14 days,Out of Stock,3.6,10% off,Yes,4.5/5,India
Shop_52,Shop_52_P0044,Item_44,8617,288,4 days,30 days,In Stock,3.4,10% off,Yes,4.8/5,India
Shop_52,Shop_52_P0045,Item_45,1208,510,3 days,7 days,In Stock,4.6,10% off,Yes,3.3/5,India
Shop_52,Shop_52_P0046,Item_46,41315,324,5 days,30 days,Out of Stock,3.3,10% off,Yes,4.4/5,India
Shop_52,Shop_52_P0047,Item_47,8041,509,2 days,14 days,In Stock,4.6,None,Yes,3.9/5,India
Shop_52,Shop_52_P0048,Item_48,15815,384,4 days,14 days,In Stock,3.3,None,No,3.6/5,India
Shop_52,Shop_52_P0049,Item_49,6341,188,1 days,30 days,Out of Stock,4.1,None,Yes,4.1/5,India
Shop_52,Shop_52_P0050,Item_50,37109,265,7 days,30 days,Out of Stock,3.1,Free shipping,No,4.7/5,India
Shop_52,Shop_52_P0051,Item_51,26302,120,1 days,30 days,In Stock,3.7,Free shipping,No,3.2/5,India
Shop_52,Shop_52_P0052,Item_52,42303,617,7 days,30 days,Out of Stock,3.3,None,Yes,3.8/5,India
Shop_52,Shop_52_P0053,Item_53,15835,610,5 days,7 days,Out of Stock,3.9,10% off,Yes,3.1/5,India
Shop_52,Shop_52_P0054,Item_54,27777,556,5 days,14 days,Out of Stock,4.6,Free shipping,No,3.4/5,India
Shop_52,Shop_52_P0055,Item_55,36488,195,5 days,14 days,In Stock,4.0,10% off,No,3.8/5,India
Shop_52,Shop_52_P0056,Item_56,38052,49,4 days,7 days,In Stock,4.2,None,No,3.6/5,India
Shop_52,Shop_52_P0057,Item_57,17612,318,5 days,30 days,In Stock,4.9,None,Yes,4.1/5,India
Shop_52,Shop_52_P0058,Item_58,25495,453,4 days,7 days,In Stock,4.5,None,Yes,3.8/5,India
Shop_52,Shop_52_P0059,Item_59,24692,435,3 days,30 days,In Stock,4.5,10% off,No,3.7/5,India
Shop_52,Shop_52_P0060,Item_60,40331,130,1 days,30 days,Out of Stock,4.1,10% off,Yes,4.6/5,India
Shop_52,Shop_52_P0061,Item_61,44926,665,6 days,14 days,In Stock,3.9,10% off,Yes,3.3/5,India
Shop_52,Shop_52_P0062,Item_62,11004,468,6 days,7 days,Out of Stock,3.2,10% off,No,4.1/5,India
Shop_52,Shop_52_P0063,Item_63,18815,93,3 days,7 days,Out of Stock,3.5,10% off,Yes,3.7/5,India
Shop_52,Shop_52_P0064,Item_64,7054,219,1 days,14 days,Out of Stock,4.3,Free shipping,Yes,4.1/5,India
Shop_52,Shop_52_P0065,Item_65,19012,104,2 days,30 days,Out of Stock,4.4,None,Yes,4.5/5,India
Shop_52,Shop_52_P0066,Item_66,25568,558,5 days,30 days,Out of Stock,3.8,10% off,No,3.2/5,India
Shop_52,Shop_52_P0067,Item_67,36355,256,2 days,7 days,Out of Stock,3.2,10% off,Yes,4.2/5,India
Shop_52,Shop_52_P0068,Item_68,1255,196,2 days,30 days,In Stock,4.7,10% off,No,3.4/5,India
Shop_52,Shop_52_P0069,Item_69,21161,662,7 days,30 days,Out of Stock,3.2,10% off,Yes,4.1/5,India
Shop_52,Shop_52_P0070,Item_70,46666,85,1 days,14 days,Out of Stock,4.5,None,Yes,3.9/5,India
Shop_52,Shop_52_P0071,Item_71,5093,662,5 days,7 days,In Stock,3.2,10% off,Yes,4.3/5,India
Shop_52,Shop_52_P0072,Item_72,8192,334,1 days,7 days,Out of Stock,4.5,None,Yes,3.3/5,India
Shop_52,Shop_52_P0073,Item_73,47359,363,5 days,14 days,In Stock,5.0,None,Yes,4.2/5,India
Shop_52,Shop_52_P0074,Item_74,14509,618,1 days,30 days,In Stock,3.8,10% off,No,3.1/5,India
Shop_52,Shop_52_P0075,Item_75,36184,351,3 days,14 days,Out of Stock,3.9,Free shipping,No,3.3/5,India
Shop_52,Shop_52_P0076,Item_76,30599,660,4 days,30 days,Out of Stock,4.0,Free shipping,No,3.9/5,India
Shop_52,Shop_52_P0077,Item_77,48001,203,7 days,7 days,In Stock,3.0,Free shipping,Yes,4.2/5,India
Shop_52,Shop_52_P0078,Item_78,7158,46,4 days,7 days,In Stock,3.3,10% off,Yes,4.5/5,India
Shop_52,Shop_52_P0079,Item_79,32081,81,4 days,14 days,Out of Stock,3.5,10% off,No,3.4/5,India
Shop_52,Shop_52_P0080,Item_80,44508,239,1 days,7 days,Out of Stock,3.7,Free shipping,No,3.1/5,India
Shop_52,Shop_52_P0081,Item_81,37940,192,3 days,14 days,In Stock,4.0,None,Yes,4.7/5,India
Shop_52,Shop_52_P0082,Item_82,3819,386,7 days,14 days,In Stock,4.7,Free shipping,Yes,3.2/5,India
Shop_52,Shop_52_P0083,Item_83,33123,326,7 days,7 days,Out of Stock,4.6,None,Yes,3.1/5,India
Shop_52,Shop_52_P0084,Item_84,7181,443,5 days,30 days,In Stock,3.5,None,Yes,4.3/5,India
Shop_52,Shop_52_P0085,Item_85,34316,116,3 days,14 days,Out of Stock,4.5,10% off,No,4.0/5,India
Shop_52,Shop_52_P0086,Item_86,35156,28,7 days,14 days,Out of Stock,4.5,10% off,Yes,3.4/5,India
Shop_52,Shop_52_P0087,Item_87,9456,507,6 days,14 days,In Stock,3.9,None,Yes,3.1/5,India
Shop_52,Shop_52_P0088,Item_88,39513,545,2 days,14 days,In Stock,3.6,Free shipping,Yes,3.9/5,India
Shop_52,Shop_52_P0089,Item_89,35471,366,6 days,30 days,In Stock,5.0,Free shipping,Yes,4.1/5,India
Shop_52,Shop_52_P0090,Item_90,23302,279,2 days,7 days,In Stock,4.0,Free shipping,Yes,4.9/5,India
Shop_52,Shop_52_P0091,Item_91,2397,136,7 days,14 days,Out of Stock,4.0,None,No,3.7/5,India
Shop_52,Shop_52_P0092,Item_92,45430,294,4 days,14 days,Out of Stock,3.7,Free shipping,No,3.6/5,India
Shop_52,Shop_52_P0093,Item_93,45262,183,2 days,14 days,Out of Stock,3.3,10% off,Yes,3.0/5,India
Shop_52,Shop_52_P0094,Item_94,10215,444,7 days,30 days,In Stock,4.9,10% off,No,4.4/5,India
Shop_52,Shop_52_P0095,Item_95,1879,122,3 days,7 days,In Stock,4.7,10% off,Yes,4.0/5,India
Shop_52,Shop_52_P0096,Item_96,46645,210,2 days,30 days,Out of Stock,3.5,10% off,Yes,3.2/5,India
Shop_52,Shop_52_P0097,Item_97,27738,507,7 days,30 days,In Stock,3.0,None,Yes,3.2/5,India
Shop_52,Shop_52_P0098,Item_98,11919,259,7 days,14 days,Out of Stock,4.5,None,Yes,4.5/5,India
Shop_52,Shop_52_P0099,Item_99,16709,667,2 days,14 days,In Stock,3.6,10% off,No,3.4/5,India
Shop_52,Shop_52_P0100,Item_100,18826,94,4 days,30 days,Out of Stock,3.3,10% off,No,4.5/5,India
Shop_53,Shop_53_P0001,Item_1,39931,677,2 days,14 days,Out of Stock,3.1,Free shipping,Yes,4.7/5,India
Shop_53,Shop_53_P0002,Item_2,37424,646,5 days,30 days,In Stock,4.9,Free shipping,Yes,3.1/5,India
Shop_53,Shop_53_P0003,Item_3,25302,210,6 days,7 days,In Stock,4.5,10% off,No,3.5/5,India
Shop_53,Shop_53_P0004,Item_4,23702,461,4 days,14 days,Out of Stock,3.2,10% off,No,5.0/5,India
Shop_53,Shop_53_P0005,Item_5,43979,213,6 days,14 days,Out of Stock,3.4,Free shipping,Yes,4.6/5,India
Shop_53,Shop_53_P0006,Item_6,24021,430,2 days,7 days,In Stock,3.5,None,No,3.6/5,India
Shop_53,Shop_53_P0007,Item_7,33078,617,2 days,14 days,In Stock,3.6,None,No,3.3/5,India
Shop_53,Shop_53_P0008,Item_8,1806,556,5 days,14 days,In Stock,4.4,None,No,4.9/5,India
Shop_53,Shop_53_P0009,Item_9,30055,197,2 days,14 days,Out of Stock,4.0,Free shipping,Yes,4.1/5,India
Shop_53,Shop_53_P0010,Item_10,11458,40,5 days,30 days,In Stock,4.8,Free shipping,Yes,4.9/5,India
Shop_53,Shop_53_P0011,Item_11,47560,195,5 days,30 days,Out of Stock,3.1,Free shipping,No,4.4/5,India
Shop_53,Shop_53_P0012,Item_12,47645,696,2 days,30 days,In Stock,3.4,10% off,No,3.8/5,India
Shop_53,Shop_53_P0013,Item_13,44618,241,4 days,30 days,Out of Stock,3.5,10% off,Yes,4.4/5,India
Shop_53,Shop_53_P0014,Item_14,12416,519,2 days,30 days,In Stock,4.2,10% off,No,4.5/5,India
Shop_53,Shop_53_P0015,Item_15,23521,360,2 days,30 days,Out of Stock,3.8,10% off,No,3.3/5,India
Shop_53,Shop_53_P0016,Item_16,46693,192,3 days,14 days,Out of Stock,3.8,Free shipping,Yes,3.9/5,India
Shop_53,Shop_53_P0017,Item_17,39303,157,1 days,7 days,Out of Stock,3.2,10% off,No,4.7/5,India
Shop_53,Shop_53_P0018,Item_18,21902,202,4 days,7 days,Out of Stock,3.3,None,No,4.0/5,India
Shop_53,Shop_53_P0019,Item_19,44758,230,7 days,7 days,Out of Stock,3.2,None,No,4.5/5,India
Shop_53,Shop_53_P0020,Item_20,6540,624,5 days,14 days,In Stock,4.4,Free shipping,Yes,4.2/5,India
Shop_53,Shop_53_P0021,Item_21,23941,416,6 days,14 days,In Stock,3.6,Free shipping,No,4.7/5,India
Shop_53,Shop_53_P0022,Item_22,24859,534,6 days,14 days,In Stock,4.0,None,Yes,4.4/5,India
Shop_53,Shop_53_P0023,Item_23,1101,106,2 days,30 days,In Stock,3.1,None,Yes,3.5/5,India
Shop_53,Shop_53_P0024,Item_24,1407,175,5 days,7 days,Out of Stock,3.3,10% off,Yes,3.5/5,India
Shop_53,Shop_53_P0025,Item_25,42508,426,3 days,30 days,In Stock,3.8,10% off,Yes,4.6/5,India
Shop_53,Shop_53_P0026,Item_26,32969,73,5 days,14 days,Out of Stock,4.0,10% off,Yes,3.5/5,India
Shop_53,Shop_53_P0027,Item_27,38116,565,2 days,7 days,Out of Stock,4.8,None,Yes,3.4/5,India
Shop_53,Shop_53_P0028,Item_28,15143,495,3 days,30 days,Out of Stock,3.7,None,No,4.9/5,India
Shop_53,Shop_53_P0029,Item_29,32880,185,4 days,7 days,In Stock,4.2,10% off,No,4.4/5,India
Shop_53,Shop_53_P0030,Item_30,2148,159,2 days,7 days,In Stock,3.3,10% off,Yes,4.6/5,India
Shop_53,Shop_53_P0031,Item_31,4319,670,5 days,14 days,Out of Stock,4.0,10% off,No,3.4/5,India
Shop_53,Shop_53_P0032,Item_32,29525,277,7 days,7 days,In Stock,4.2,10% off,No,3.6/5,India
Shop_53,Shop_53_P0033,Item_33,25950,145,1 days,7 days,Out of Stock,3.4,Free shipping,No,3.2/5,India
Shop_53,Shop_53_P0034,Item_34,36771,600,5 days,30 days,Out of Stock,4.1,10% off,No,3.4/5,India
Shop_53,Shop_53_P0035,Item_35,35093,182,3 days,30 days,Out of Stock,3.5,10% off,Yes,4.8/5,India
Shop_53,Shop_53_P0036,Item_36,22932,170,7 days,7 days,In Stock,4.1,Free shipping,No,3.9/5,India
Shop_53,Shop_53_P0037,Item_37,19101,151,1 days,30 days,In Stock,4.7,None,Yes,3.6/5,India
Shop_53,Shop_53_P0038,Item_38,37707,234,3 days,30 days,Out of Stock,4.0,10% off,No,4.5/5,India
Shop_53,Shop_53_P0039,Item_39,22225,125,2 days,30 days,In Stock,4.1,None,Yes,3.5/5,India
Shop_53,Shop_53_P0040,Item_40,14374,309,4 days,30 days,Out of Stock,4.7,10% off,Yes,4.0/5,India
Shop_53,Shop_53_P0041,Item_41,12670,407,5 days,14 days,Out of Stock,3.2,Free shipping,Yes,4.3/5,India
Shop_53,Shop_53_P0042,Item_42,19871,54,1 days,14 days,Out of Stock,4.5,Free shipping,No,4.4/5,India
Shop_53,Shop_53_P0043,Item_43,6283,404,4 days,14 days,Out of Stock,3.2,None,No,3.9/5,India
Shop_53,Shop_53_P0044,Item_44,11794,613,6 days,30 days,In Stock,3.6,10% off,No,3.4/5,India
Shop_53,Shop_53_P0045,Item_45,31261,608,4 days,14 days,Out of Stock,4.9,Free shipping,Yes,3.3/5,India
Shop_53,Shop_53_P0046,Item_46,31119,223,6 days,14 days,Out of Stock,3.7,Free shipping,Yes,4.2/5,India
Shop_53,Shop_53_P0047,Item_47,40090,95,2 days,30 days,In Stock,4.6,10% off,No,4.2/5,India
Shop_53,Shop_53_P0048,Item_48,17892,102,2 days,7 days,Out of Stock,3.2,None,No,4.8/5,India
Shop_53,Shop_53_P0049,Item_49,13481,636,5 days,7 days,In Stock,4.2,None,Yes,4.7/5,India
Shop_53,Shop_53_P0050,Item_50,45182,542,2 days,14 days,Out of Stock,3.9,Free shipping,Yes,4.0/5,India
Shop_53,Shop_53_P0051,Item_51,11207,388,2 days,14 days,Out of Stock,3.0,10% off,No,5.0/5,India
Shop_53,Shop_53_P0052,Item_52,11976,125,6 days,7 days,In Stock,4.1,None,No,3.9/5,India
Shop_53,Shop_53_P0053,Item_53,35709,603,6 days,14 days,In Stock,3.4,10% off,No,4.3/5,India
Shop_53,Shop_53_P0054,Item_54,43520,225,4 days,30 days,In Stock,5.0,None,Yes,4.5/5,India
Shop_53,Shop_53_P0055,Item_55,3147,98,5 days,30 days,In Stock,4.7,Free shipping,Yes,4.0/5,India
Shop_53,Shop_53_P0056,Item_56,8308,54,3 days,30 days,In Stock,4.2,Free shipping,Yes,3.7/5,India
Shop_53,Shop_53_P0057,Item_57,39945,56,5 days,14 days,Out of Stock,4.3,None,No,4.5/5,India
Shop_53,Shop_53_P0058,Item_58,31517,516,3 days,14 days,In Stock,3.9,Free shipping,No,4.4/5,India
Shop_53,Shop_53_P0059,Item_59,36685,255,6 days,14 days,Out of Stock,4.5,10% off,Yes,4.5/5,India
Shop_53,Shop_53_P0060,Item_60,47237,259,7 days,14 days,Out of Stock,4.5,Free shipping,No,4.0/5,India
Shop_53,Shop_53_P0061,Item_61,24667,379,5 days,14 days,In Stock,3.4,10% off,Yes,3.5/5,India
Shop_53,Shop_53_P0062,Item_62,19853,589,6 days,14 days,Out of Stock,3.2,10% off,Yes,3.5/5,India
Shop_53,Shop_53_P0063,Item_63,19234,658,1 days,7 days,In Stock,4.0,Free shipping,No,4.7/5,India
Shop_53,Shop_53_P0064,Item_64,30599,431,3 days,30 days,In Stock,4.2,10% off,Yes,3.1/5,India
Shop_53,Shop_53_P0065,Item_65,25904,315,1 days,30 days,In Stock,4.9,10% off,Yes,3.9/5,India
Shop_53,Shop_53_P0066,Item_66,40042,313,7 days,30 days,Out of Stock,4.1,Free shipping,Yes,3.7/5,India
Shop_53,Shop_53_P0067,Item_67,36582,261,4 days,30 days,In Stock,4.6,Free shipping,No,3.9/5,India
Shop_53,Shop_53_P0068,Item_68,42995,543,5 days,30 days,Out of Stock,3.9,10% off,Yes,3.9/5,India
Shop_53,Shop_53_P0069,Item_69,20190,644,6 days,7 days,In Stock,3.7,10% off,No,4.1/5,India
Shop_53,Shop_53_P0070,Item_70,40672,74,2 days,14 days,In Stock,4.3,None,Yes,4.3/5,India
Shop_53,Shop_53_P0071,Item_71,32384,422,2 days,7 days,In Stock,3.7,None,No,4.3/5,India
Shop_53,Shop_53_P0072,Item_72,11487,42,5 days,7 days,In Stock,3.7,10% off,Yes,3.2/5,India
Shop_53,Shop_53_P0073,Item_73,31341,312,3 days,7 days,Out of Stock,4.2,10% off,Yes,3.9/5,India
Shop_53,Shop_53_P0074,Item_74,18497,529,1 days,14 days,Out of Stock,4.8,10% off,Yes,3.6/5,India
Shop_53,Shop_53_P0075,Item_75,30093,413,1 days,7 days,Out of Stock,4.1,10% off,Yes,4.8/5,India
Shop_53,Shop_53_P0076,Item_76,7102,553,7 days,7 days,In Stock,3.8,10% off,Yes,5.0/5,India
Shop_53,Shop_53_P0077,Item_77,8436,231,3 days,7 days,In Stock,4.1,Free shipping,No,4.5/5,India
Shop_53,Shop_53_P0078,Item_78,34424,266,6 days,30 days,Out of Stock,3.5,Free shipping,Yes,4.1/5,India
Shop_53,Shop_53_P0079,Item_79,17418,426,6 days,14 days,Out of Stock,4.6,Free shipping,No,3.4/5,India
Shop_53,Shop_53_P0080,Item_80,40577,199,3 days,14 days,Out of Stock,3.9,10% off,Yes,4.5/5,India
Shop_53,Shop_53_P0081,Item_81,829,445,3 days,30 days,Out of Stock,3.1,10% off,Yes,3.8/5,India
Shop_53,Shop_53_P0082,Item_82,30019,268,4 days,14 days,Out of Stock,4.7,10% off,No,3.9/5,India
Shop_53,Shop_53_P0083,Item_83,44628,468,6 days,14 days,Out of Stock,3.1,Free shipping,No,4.8/5,India
Shop_53,Shop_53_P0084,Item_84,34744,579,4 days,30 days,Out of Stock,3.0,None,Yes,4.3/5,India
Shop_53,Shop_53_P0085,Item_85,34853,397,6 days,14 days,In Stock,3.1,Free shipping,Yes,4.6/5,India
Shop_53,Shop_53_P0086,Item_86,27702,343,3 days,14 days,In Stock,4.2,Free shipping,Yes,4.5/5,India
Shop_53,Shop_53_P0087,Item_87,43700,26,4 days,14 days,Out of Stock,3.8,None,Yes,3.9/5,India
Shop_53,Shop_53_P0088,Item_88,834,559,5 days,7 days,In Stock,3.2,Free shipping,Yes,4.3/5,India
Shop_53,Shop_53_P0089,Item_89,9953,535,3 days,14 days,In Stock,3.3,Free shipping,No,4.0/5,India
Shop_53,Shop_53_P0090,Item_90,41563,673,7 days,30 days,In Stock,3.6,None,Yes,4.9/5,India
Shop_53,Shop_53_P0091,Item_91,14821,403,1 days,7 days,In Stock,4.5,10% off,Yes,4.7/5,India
Shop_53,Shop_53_P0092,Item_92,8458,627,6 days,7 days,Out of Stock,3.4,10% off,Yes,3.2/5,India
Shop_53,Shop_53_P0093,Item_93,10877,351,4 days,14 days,In Stock,4.8,10% off,Yes,4.8/5,India
Shop_53,Shop_53_P0094,Item_94,13815,76,7 days,14 days,In Stock,3.3,Free shipping,Yes,3.4/5,India
Shop_53,Shop_53_P0095,Item_95,28810,155,3 days,7 days,Out of Stock,3.2,Free shipping,Yes,4.1/5,India
Shop_53,Shop_53_P0096,Item_96,36177,461,4 days,7 days,In Stock,3.5,Free shipping,No,4.0/5,India
Shop_53,Shop_53_P0097,Item_97,2393,314,7 days,14 days,Out of Stock,3.1,10% off,Yes,4.7/5,India
Shop_53,Shop_53_P0098,Item_98,44049,48,5 days,14 days,Out of Stock,4.5,Free shipping,No,3.9/5,India
Shop_53,Shop_53_P0099,Item_99,29603,170,7 days,7 days,Out of Stock,4.8,None,No,4.8/5,India
Shop_53,Shop_53_P0100,Item_100,41461,225,6 days,7 days,Out of Stock,3.0,None,Yes,3.7/5,India
Shop_54,Shop_54_P0001,Item_1,48420,425,5 days,7 days,Out of Stock,3.5,10% off,Yes,4.6/5,India
Shop_54,Shop_54_P0002,Item_2,9183,676,6 days,14 days,Out of Stock,3.6,10% off,No,4.0/5,India
Shop_54,Shop_54_P0003,Item_3,48534,697,6 days,14 days,In Stock,5.0,None,No,4.9/5,India
Shop_54,Shop_54_P0004,Item_4,23874,190,1 days,14 days,In Stock,3.3,Free shipping,No,4.9/5,India
Shop_54,Shop_54_P0005,Item_5,3199,71,2 days,14 days,In Stock,3.1,None,Yes,3.2/5,India
Shop_54,Shop_54_P0006,Item_6,4768,161,6 days,14 days,In Stock,3.3,None,Yes,4.9/5,India
Shop_54,Shop_54_P0007,Item_7,46823,558,7 days,14 days,In Stock,4.0,10% off,No,4.6/5,India
Shop_54,Shop_54_P0008,Item_8,39597,400,5 days,7 days,Out of Stock,4.1,None,No,4.1/5,India
Shop_54,Shop_54_P0009,Item_9,937,313,4 days,7 days,Out of Stock,3.9,None,No,4.0/5,India
Shop_54,Shop_54_P0010,Item_10,4607,288,4 days,7 days,In Stock,4.8,None,No,3.2/5,India
Shop_54,Shop_54_P0011,Item_11,9444,65,3 days,30 days,In Stock,4.0,10% off,No,3.5/5,India
Shop_54,Shop_54_P0012,Item_12,5208,35,1 days,30 days,In Stock,4.4,None,No,3.7/5,India
Shop_54,Shop_54_P0013,Item_13,25343,328,3 days,30 days,Out of Stock,4.1,10% off,No,4.1/5,India
Shop_54,Shop_54_P0014,Item_14,21091,601,4 days,7 days,In Stock,4.5,None,No,3.6/5,India
Shop_54,Shop_54_P0015,Item_15,9232,184,3 days,14 days,Out of Stock,4.7,10% off,No,4.7/5,India
Shop_54,Shop_54_P0016,Item_16,41893,443,6 days,14 days,In Stock,4.2,Free shipping,Yes,3.7/5,India
Shop_54,Shop_54_P0017,Item_17,34317,536,4 days,30 days,In Stock,4.7,10% off,Yes,3.4/5,India
Shop_54,Shop_54_P0018,Item_18,3038,547,5 days,30 days,In Stock,3.2,10% off,Yes,4.7/5,India
Shop_54,Shop_54_P0019,Item_19,11776,473,2 days,7 days,In Stock,3.9,Free shipping,Yes,4.2/5,India
Shop_54,Shop_54_P0020,Item_20,16105,107,1 days,7 days,In Stock,3.7,None,Yes,3.1/5,India
Shop_54,Shop_54_P0021,Item_21,40853,187,5 days,30 days,In Stock,4.6,Free shipping,No,3.8/5,India
Shop_54,Shop_54_P0022,Item_22,47085,457,1 days,7 days,In Stock,4.5,None,Yes,4.0/5,India
Shop_54,Shop_54_P0023,Item_23,7994,59,1 days,14 days,Out of Stock,3.9,None,No,3.8/5,India
Shop_54,Shop_54_P0024,Item_24,18934,59,2 days,30 days,In Stock,4.4,10% off,Yes,3.9/5,India
Shop_54,Shop_54_P0025,Item_25,6990,122,2 days,14 days,Out of Stock,4.6,10% off,No,3.9/5,India
Shop_54,Shop_54_P0026,Item_26,15451,579,3 days,7 days,Out of Stock,3.4,Free shipping,No,3.7/5,India
Shop_54,Shop_54_P0027,Item_27,36326,98,1 days,14 days,Out of Stock,3.3,10% off,Yes,4.5/5,India
Shop_54,Shop_54_P0028,Item_28,13823,347,5 days,30 days,Out of Stock,3.3,None,No,3.0/5,India
Shop_54,Shop_54_P0029,Item_29,15287,593,7 days,14 days,In Stock,4.4,Free shipping,No,4.6/5,India
Shop_54,Shop_54_P0030,Item_30,30344,99,5 days,14 days,Out of Stock,3.9,10% off,Yes,3.9/5,India
Shop_54,Shop_54_P0031,Item_31,24390,210,6 days,30 days,Out of Stock,3.4,10% off,Yes,4.6/5,India
Shop_54,Shop_54_P0032,Item_32,7529,681,2 days,14 days,In Stock,4.6,None,Yes,4.4/5,India
Shop_54,Shop_54_P0033,Item_33,37752,468,7 days,30 days,In Stock,3.7,None,Yes,3.9/5,India
Shop_54,Shop_54_P0034,Item_34,14300,677,3 days,7 days,In Stock,4.4,None,No,4.9/5,India
Shop_54,Shop_54_P0035,Item_35,31696,642,7 days,30 days,Out of Stock,4.7,None,No,4.8/5,India
Shop_54,Shop_54_P0036,Item_36,29662,239,3 days,7 days,Out of Stock,3.8,None,No,3.9/5,India
Shop_54,Shop_54_P0037,Item_37,45732,519,4 days,14 days,Out of Stock,4.0,10% off,No,3.8/5,India
Shop_54,Shop_54_P0038,Item_38,21748,648,1 days,7 days,Out of Stock,3.4,None,Yes,3.1/5,India
Shop_54,Shop_54_P0039,Item_39,47285,420,7 days,30 days,Out of Stock,3.6,10% off,No,3.9/5,India
Shop_54,Shop_54_P0040,Item_40,18269,91,1 days,30 days,Out of Stock,4.9,Free shipping,Yes,4.1/5,India
Shop_54,Shop_54_P0041,Item_41,39491,694,5 days,7 days,In Stock,3.8,10% off,No,3.3/5,India
Shop_54,Shop_54_P0042,Item_42,39573,34,4 days,30 days,Out of Stock,3.5,Free shipping,Yes,3.1/5,India
Shop_54,Shop_54_P0043,Item_43,38003,228,2 days,14 days,Out of Stock,3.7,Free shipping,No,4.4/5,India
Shop_54,Shop_54_P0044,Item_44,29655,473,1 days,14 days,In Stock,3.2,None,No,3.5/5,India
Shop_54,Shop_54_P0045,Item_45,11011,413,7 days,14 days,Out of Stock,4.4,10% off,Yes,4.0/5,India
Shop_54,Shop_54_P0046,Item_46,33479,336,4 days,14 days,Out of Stock,3.5,10% off,No,4.4/5,India
Shop_54,Shop_54_P0047,Item_47,49596,591,4 days,30 days,Out of Stock,4.4,None,No,4.1/5,India
Shop_54,Shop_54_P0048,Item_48,30903,492,6 days,7 days,In Stock,4.1,Free shipping,No,5.0/5,India
Shop_54,Shop_54_P0049,Item_49,26190,620,2 days,7 days,Out of Stock,4.8,10% off,No,4.1/5,India
Shop_54,Shop_54_P0050,Item_50,34502,565,1 days,14 days,Out of Stock,4.6,None,Yes,4.5/5,India
Shop_54,Shop_54_P0051,Item_51,8541,339,6 days,30 days,Out of Stock,4.5,Free shipping,Yes,4.5/5,India
Shop_54,Shop_54_P0052,Item_52,34142,587,7 days,14 days,Out of Stock,4.7,None,No,3.5/5,India
Shop_54,Shop_54_P0053,Item_53,37611,511,7 days,14 days,In Stock,3.4,Free shipping,Yes,3.3/5,India
Shop_54,Shop_54_P0054,Item_54,21603,328,2 days,30 days,In Stock,4.5,10% off,Yes,3.7/5,India
Shop_54,Shop_54_P0055,Item_55,3040,509,2 days,14 days,In Stock,4.5,10% off,Yes,4.4/5,India
Shop_54,Shop_54_P0056,Item_56,8655,502,4 days,30 days,In Stock,3.4,Free shipping,No,3.6/5,India
Shop_54,Shop_54_P0057,Item_57,5991,321,2 days,14 days,In Stock,4.0,None,No,4.5/5,India
Shop_54,Shop_54_P0058,Item_58,48266,447,5 days,30 days,In Stock,5.0,10% off,Yes,4.4/5,India
Shop_54,Shop_54_P0059,Item_59,11456,446,1 days,30 days,Out of Stock,4.9,Free shipping,Yes,4.2/5,India
Shop_54,Shop_54_P0060,Item_60,38411,299,4 days,14 days,Out of Stock,4.8,10% off,Yes,4.1/5,India
Shop_54,Shop_54_P0061,Item_61,18964,99,1 days,7 days,Out of Stock,4.2,None,Yes,4.4/5,India
Shop_54,Shop_54_P0062,Item_62,11220,312,2 days,30 days,In Stock,3.0,None,Yes,5.0/5,India
Shop_54,Shop_54_P0063,Item_63,37512,649,7 days,30 days,Out of Stock,4.6,None,No,3.9/5,India
Shop_54,Shop_54_P0064,Item_64,9393,39,7 days,14 days,Out of Stock,3.7,Free shipping,Yes,3.2/5,India
Shop_54,Shop_54_P0065,Item_65,14518,288,7 days,14 days,Out of Stock,4.2,Free shipping,No,4.6/5,India
Shop_54,Shop_54_P0066,Item_66,37175,644,5 days,14 days,Out of Stock,4.8,10% off,Yes,3.6/5,India
Shop_54,Shop_54_P0067,Item_67,20420,253,4 days,14 days,Out of Stock,3.2,None,No,4.1/5,India
Shop_54,Shop_54_P0068,Item_68,14243,235,4 days,7 days,Out of Stock,3.4,None,Yes,3.8/5,India
Shop_54,Shop_54_P0069,Item_69,33663,284,1 days,14 days,In Stock,4.6,Free shipping,No,3.8/5,India
Shop_54,Shop_54_P0070,Item_70,32132,617,7 days,7 days,In Stock,3.9,None,Yes,3.7/5,India
Shop_54,Shop_54_P0071,Item_71,37307,375,5 days,14 days,In Stock,3.8,10% off,Yes,3.5/5,India
Shop_54,Shop_54_P0072,Item_72,27973,76,3 days,7 days,Out of Stock,3.3,10% off,No,3.8/5,India
Shop_54,Shop_54_P0073,Item_73,23786,633,1 days,30 days,In Stock,4.0,None,No,4.1/5,India
Shop_54,Shop_54_P0074,Item_74,12884,326,6 days,14 days,Out of Stock,4.9,None,No,4.7/5,India
Shop_54,Shop_54_P0075,Item_75,27045,459,4 days,30 days,In Stock,3.0,10% off,No,3.2/5,India
Shop_54,Shop_54_P0076,Item_76,13987,30,4 days,7 days,Out of Stock,3.4,Free shipping,No,4.0/5,India
Shop_54,Shop_54_P0077,Item_77,15374,530,6 days,7 days,In Stock,4.4,10% off,No,4.4/5,India
Shop_54,Shop_54_P0078,Item_78,42156,668,4 days,7 days,In Stock,4.1,10% off,No,3.8/5,India
Shop_54,Shop_54_P0079,Item_79,9080,243,5 days,7 days,In Stock,4.2,Free shipping,No,3.6/5,India
Shop_54,Shop_54_P0080,Item_80,37618,41,3 days,14 days,Out of Stock,4.3,Free shipping,No,3.7/5,India
Shop_54,Shop_54_P0081,Item_81,4309,287,6 days,14 days,In Stock,3.7,None,Yes,4.6/5,India
Shop_54,Shop_54_P0082,Item_82,32371,57,6 days,30 days,Out of Stock,4.5,None,No,4.1/5,India
Shop_54,Shop_54_P0083,Item_83,9014,274,1 days,14 days,Out of Stock,3.5,10% off,Yes,3.2/5,India
Shop_54,Shop_54_P0084,Item_84,42902,586,5 days,30 days,Out of Stock,4.6,None,No,4.6/5,India
Shop_54,Shop_54_P0085,Item_85,46903,85,2 days,7 days,In Stock,5.0,10% off,No,3.8/5,India
Shop_54,Shop_54_P0086,Item_86,20778,689,3 days,30 days,In Stock,3.1,Free shipping,Yes,3.1/5,India
Shop_54,Shop_54_P0087,Item_87,12885,485,3 days,14 days,Out of Stock,4.5,Free shipping,Yes,4.1/5,India
Shop_54,Shop_54_P0088,Item_88,45882,437,1 days,14 days,Out of Stock,4.3,Free shipping,No,3.2/5,India
Shop_54,Shop_54_P0089,Item_89,3220,72,7 days,30 days,Out of Stock,4.0,Free shipping,No,3.3/5,India
Shop_54,Shop_54_P0090,Item_90,12994,115,1 days,7 days,Out of Stock,4.3,10% off,No,3.8/5,India
Shop_54,Shop_54_P0091,Item_91,7410,22,1 days,30 days,In Stock,4.7,10% off,No,4.9/5,India
Shop_54,Shop_54_P0092,Item_92,14451,91,1 days,30 days,In Stock,4.5,Free shipping,Yes,4.9/5,India
Shop_54,Shop_54_P0093,Item_93,20944,185,7 days,30 days,In Stock,3.3,Free shipping,Yes,5.0/5,India
Shop_54,Shop_54_P0094,Item_94,2598,698,1 days,7 days,In Stock,3.1,Free shipping,Yes,3.3/5,India
Shop_54,Shop_54_P0095,Item_95,17148,588,5 days,14 days,In Stock,3.1,Free shipping,No,3.0/5,India
Shop_54,Shop_54_P0096,Item_96,28904,163,7 days,7 days,In Stock,3.5,None,No,4.0/5,India
Shop_54,Shop_54_P0097,Item_97,42666,555,7 days,7 days,In Stock,3.0,10% off,Yes,3.4/5,India
Shop_54,Shop_54_P0098,Item_98,33014,147,2 days,7 days,In Stock,4.7,None,Yes,3.2/5,India
Shop_54,Shop_54_P0099,Item_99,41275,319,7 days,7 days,Out of Stock,4.5,None,Yes,3.0/5,India
Shop_54,Shop_54_P0100,Item_100,24699,265,2 days,30 days,In Stock,4.7,10% off,No,3.3/5,India
Shop_55,Shop_55_P0001,Item_1,25651,291,7 days,7 days,In Stock,4.9,None,Yes,4.3/5,India
Shop_55,Shop_55_P0002,Item_2,48132,357,4 days,30 days,In Stock,4.7,10% off,Yes,3.1/5,India
Shop_55,Shop_55_P0003,Item_3,45219,628,1 days,30 days,In Stock,5.0,None,No,4.2/5,India
Shop_55,Shop_55_P0004,Item_4,43307,84,1 days,14 days,Out of Stock,4.6,None,No,3.6/5,India
Shop_55,Shop_55_P0005,Item_5,32003,535,7 days,7 days,Out of Stock,3.8,10% off,No,4.5/5,India
Shop_55,Shop_55_P0006,Item_6,3306,138,1 days,30 days,Out of Stock,3.0,Free shipping,Yes,3.4/5,India
Shop_55,Shop_55_P0007,Item_7,17995,66,1 days,30 days,In Stock,3.1,None,No,3.4/5,India
Shop_55,Shop_55_P0008,Item_8,43385,316,6 days,30 days,In Stock,4.2,Free shipping,No,3.1/5,India
Shop_55,Shop_55_P0009,Item_9,47760,34,4 days,7 days,Out of Stock,3.9,Free shipping,No,3.0/5,India
Shop_55,Shop_55_P0010,Item_10,22188,513,6 days,7 days,In Stock,3.5,10% off,No,3.7/5,India
Shop_55,Shop_55_P0011,Item_11,20613,635,5 days,30 days,Out of Stock,3.7,None,Yes,4.2/5,India
Shop_55,Shop_55_P0012,Item_12,36568,653,6 days,14 days,In Stock,4.2,Free shipping,Yes,4.3/5,India
Shop_55,Shop_55_P0013,Item_13,16232,73,7 days,30 days,Out of Stock,3.5,Free shipping,Yes,4.7/5,India
Shop_55,Shop_55_P0014,Item_14,3737,571,7 days,30 days,In Stock,4.0,Free shipping,Yes,4.6/5,India
Shop_55,Shop_55_P0015,Item_15,28519,59,1 days,7 days,Out of Stock,3.1,Free shipping,No,4.7/5,India
Shop_55,Shop_55_P0016,Item_16,18060,619,7 days,7 days,Out of Stock,4.9,10% off,Yes,3.3/5,India
Shop_55,Shop_55_P0017,Item_17,22063,550,7 days,14 days,In Stock,4.5,10% off,No,3.6/5,India
Shop_55,Shop_55_P0018,Item_18,30945,313,6 days,30 days,Out of Stock,3.5,10% off,No,3.9/5,India
Shop_55,Shop_55_P0019,Item_19,9860,642,4 days,30 days,Out of Stock,4.8,Free shipping,Yes,3.2/5,India
Shop_55,Shop_55_P0020,Item_20,37966,51,7 days,30 days,Out of Stock,3.5,10% off,Yes,3.3/5,India
Shop_55,Shop_55_P0021,Item_21,43218,275,1 days,30 days,Out of Stock,4.1,None,Yes,4.8/5,India
Shop_55,Shop_55_P0022,Item_22,40499,278,7 days,7 days,Out of Stock,4.1,None,Yes,3.6/5,India
Shop_55,Shop_55_P0023,Item_23,40176,26,1 days,14 days,In Stock,4.4,Free shipping,No,4.1/5,India
Shop_55,Shop_55_P0024,Item_24,12147,545,6 days,7 days,Out of Stock,5.0,10% off,Yes,4.0/5,India
Shop_55,Shop_55_P0025,Item_25,39640,156,2 days,14 days,In Stock,4.8,Free shipping,No,3.4/5,India
Shop_55,Shop_55_P0026,Item_26,48502,200,1 days,7 days,Out of Stock,3.8,None,Yes,4.8/5,India
Shop_55,Shop_55_P0027,Item_27,1907,590,1 days,30 days,Out of Stock,3.2,None,Yes,4.5/5,India
Shop_55,Shop_55_P0028,Item_28,35717,402,2 days,7 days,Out of Stock,3.3,10% off,Yes,3.5/5,India
Shop_55,Shop_55_P0029,Item_29,11272,190,3 days,30 days,In Stock,4.7,10% off,No,3.5/5,India
Shop_55,Shop_55_P0030,Item_30,29144,641,5 days,30 days,Out of Stock,3.5,None,No,3.1/5,India
Shop_55,Shop_55_P0031,Item_31,1338,63,6 days,14 days,Out of Stock,3.5,10% off,Yes,4.3/5,India
Shop_55,Shop_55_P0032,Item_32,6143,400,1 days,30 days,Out of Stock,4.0,Free shipping,Yes,3.2/5,India
Shop_55,Shop_55_P0033,Item_33,6291,680,6 days,7 days,In Stock,4.5,10% off,Yes,3.6/5,India
Shop_55,Shop_55_P0034,Item_34,31452,699,7 days,30 days,In Stock,4.3,None,No,4.2/5,India
Shop_55,Shop_55_P0035,Item_35,3632,22,3 days,30 days,Out of Stock,3.3,Free shipping,Yes,4.6/5,India
Shop_55,Shop_55_P0036,Item_36,44464,353,7 days,7 days,Out of Stock,3.6,None,Yes,4.3/5,India
Shop_55,Shop_55_P0037,Item_37,41325,89,6 days,14 days,Out of Stock,4.9,Free shipping,Yes,3.4/5,India
Shop_55,Shop_55_P0038,Item_38,12525,637,7 days,30 days,In Stock,3.5,10% off,No,3.1/5,India
Shop_55,Shop_55_P0039,Item_39,18333,58,2 days,14 days,Out of Stock,4.0,Free shipping,No,4.2/5,India
Shop_55,Shop_55_P0040,Item_40,38638,516,2 days,30 days,Out of Stock,4.8,None,No,3.9/5,India
Shop_55,Shop_55_P0041,Item_41,28783,305,7 days,14 days,Out of Stock,3.7,10% off,Yes,4.5/5,India
Shop_55,Shop_55_P0042,Item_42,44510,101,5 days,14 days,In Stock,3.9,Free shipping,No,3.6/5,India
Shop_55,Shop_55_P0043,Item_43,9299,373,1 days,30 days,In Stock,4.2,None,Yes,3.9/5,India
Shop_55,Shop_55_P0044,Item_44,43344,355,3 days,14 days,Out of Stock,5.0,None,Yes,4.7/5,India
Shop_55,Shop_55_P0045,Item_45,6397,134,3 days,14 days,In Stock,3.3,10% off,Yes,3.4/5,India
Shop_55,Shop_55_P0046,Item_46,7898,481,3 days,7 days,In Stock,3.3,None,No,3.5/5,India
Shop_55,Shop_55_P0047,Item_47,17985,664,4 days,7 days,In Stock,3.5,None,Yes,4.1/5,India
Shop_55,Shop_55_P0048,Item_48,7099,333,2 days,30 days,In Stock,3.3,10% off,No,3.9/5,India
Shop_55,Shop_55_P0049,Item_49,45404,94,4 days,30 days,In Stock,4.3,Free shipping,No,3.2/5,India
Shop_55,Shop_55_P0050,Item_50,40948,618,7 days,30 days,Out of Stock,4.7,None,Yes,4.8/5,India
Shop_55,Shop_55_P0051,Item_51,46666,365,7 days,30 days,Out of Stock,3.2,10% off,No,4.6/5,India
Shop_55,Shop_55_P0052,Item_52,35018,164,4 days,7 days,In Stock,3.4,10% off,Yes,4.5/5,India
Shop_55,Shop_55_P0053,Item_53,38023,214,7 days,7 days,In Stock,4.0,10% off,No,4.1/5,India
Shop_55,Shop_55_P0054,Item_54,4064,222,6 days,14 days,Out of Stock,3.8,10% off,No,3.4/5,India
Shop_55,Shop_55_P0055,Item_55,24571,233,3 days,30 days,In Stock,3.0,None,No,4.1/5,India
Shop_55,Shop_55_P0056,Item_56,45967,355,1 days,7 days,Out of Stock,3.8,10% off,No,4.3/5,India
Shop_55,Shop_55_P0057,Item_57,49428,408,6 days,30 days,Out of Stock,4.1,10% off,No,3.3/5,India
Shop_55,Shop_55_P0058,Item_58,17558,663,4 days,14 days,In Stock,3.6,Free shipping,No,4.2/5,India
Shop_55,Shop_55_P0059,Item_59,35949,240,1 days,14 days,In Stock,4.5,None,Yes,4.2/5,India
Shop_55,Shop_55_P0060,Item_60,13423,570,4 days,14 days,In Stock,4.4,None,Yes,3.1/5,India
Shop_55,Shop_55_P0061,Item_61,11478,60,6 days,7 days,Out of Stock,3.4,None,No,4.1/5,India
Shop_55,Shop_55_P0062,Item_62,25189,131,5 days,30 days,In Stock,3.2,Free shipping,Yes,4.2/5,India
Shop_55,Shop_55_P0063,Item_63,1836,387,2 days,14 days,In Stock,3.4,10% off,No,4.4/5,India
Shop_55,Shop_55_P0064,Item_64,43292,499,5 days,14 days,Out of Stock,4.3,Free shipping,Yes,4.3/5,India
Shop_55,Shop_55_P0065,Item_65,1751,596,3 days,14 days,Out of Stock,3.6,10% off,No,4.4/5,India
Shop_55,Shop_55_P0066,Item_66,2958,500,3 days,7 days,In Stock,3.4,None,No,4.0/5,India
Shop_55,Shop_55_P0067,Item_67,17667,67,6 days,30 days,In Stock,4.4,None,Yes,3.0/5,India
Shop_55,Shop_55_P0068,Item_68,34460,56,6 days,30 days,In Stock,5.0,10% off,No,4.7/5,India
Shop_55,Shop_55_P0069,Item_69,16653,90,6 days,7 days,Out of Stock,3.3,10% off,Yes,3.7/5,India
Shop_55,Shop_55_P0070,Item_70,16811,46,1 days,30 days,Out of Stock,4.7,None,No,4.8/5,India
Shop_55,Shop_55_P0071,Item_71,43473,378,3 days,14 days,Out of Stock,4.2,None,Yes,3.5/5,India
Shop_55,Shop_55_P0072,Item_72,22573,379,7 days,7 days,Out of Stock,3.3,Free shipping,Yes,4.8/5,India
Shop_55,Shop_55_P0073,Item_73,33781,612,6 days,7 days,Out of Stock,3.3,10% off,No,4.5/5,India
Shop_55,Shop_55_P0074,Item_74,36937,488,4 days,7 days,In Stock,3.8,10% off,Yes,4.3/5,India
Shop_55,Shop_55_P0075,Item_75,40867,245,1 days,14 days,In Stock,4.2,10% off,Yes,4.6/5,India
Shop_55,Shop_55_P0076,Item_76,35184,536,1 days,30 days,Out of Stock,5.0,Free shipping,Yes,4.8/5,India
Shop_55,Shop_55_P0077,Item_77,44939,495,6 days,7 days,Out of Stock,3.8,None,No,4.7/5,India
Shop_55,Shop_55_P0078,Item_78,37528,390,1 days,14 days,In Stock,4.6,Free shipping,No,4.1/5,India
Shop_55,Shop_55_P0079,Item_79,37527,413,3 days,30 days,In Stock,3.2,10% off,Yes,3.0/5,India
Shop_55,Shop_55_P0080,Item_80,31807,698,7 days,7 days,In Stock,4.4,Free shipping,No,4.7/5,India
Shop_55,Shop_55_P0081,Item_81,4090,145,6 days,30 days,In Stock,3.6,Free shipping,No,3.3/5,India
Shop_55,Shop_55_P0082,Item_82,14662,424,7 days,7 days,Out of Stock,3.6,None,Yes,3.0/5,India
Shop_55,Shop_55_P0083,Item_83,35776,598,1 days,14 days,In Stock,4.8,10% off,No,3.3/5,India
Shop_55,Shop_55_P0084,Item_84,20305,288,5 days,14 days,In Stock,3.6,10% off,Yes,3.4/5,India
Shop_55,Shop_55_P0085,Item_85,31613,450,2 days,7 days,Out of Stock,3.5,None,Yes,4.7/5,India
Shop_55,Shop_55_P0086,Item_86,21106,156,5 days,14 days,In Stock,4.9,None,Yes,3.7/5,India
Shop_55,Shop_55_P0087,Item_87,32148,700,6 days,7 days,In Stock,4.2,Free shipping,No,3.9/5,India
Shop_55,Shop_55_P0088,Item_88,40813,179,6 days,7 days,In Stock,3.8,None,No,3.3/5,India
Shop_55,Shop_55_P0089,Item_89,29945,480,1 days,7 days,Out of Stock,3.4,10% off,Yes,4.6/5,India
Shop_55,Shop_55_P0090,Item_90,29484,381,1 days,14 days,Out of Stock,3.7,None,No,4.9/5,India
Shop_55,Shop_55_P0091,Item_91,20162,75,2 days,30 days,In Stock,4.5,Free shipping,No,3.8/5,India
Shop_55,Shop_55_P0092,Item_92,45667,358,1 days,7 days,Out of Stock,3.5,Free shipping,Yes,3.2/5,India
Shop_55,Shop_55_P0093,Item_93,40015,474,3 days,7 days,Out of Stock,4.3,10% off,Yes,3.5/5,India
Shop_55,Shop_55_P0094,Item_94,16878,43,6 days,7 days,In Stock,3.9,10% off,No,4.9/5,India
Shop_55,Shop_55_P0095,Item_95,24623,580,5 days,30 days,Out of Stock,3.0,None,No,3.1/5,India
Shop_55,Shop_55_P0096,Item_96,38879,532,3 days,7 days,In Stock,3.9,10% off,No,3.4/5,India
Shop_55,Shop_55_P0097,Item_97,29818,162,5 days,14 days,In Stock,4.6,Free shipping,Yes,3.9/5,India
Shop_55,Shop_55_P0098,Item_98,38194,323,5 days,30 days,Out of Stock,3.6,None,Yes,4.7/5,India
Shop_55,Shop_55_P0099,Item_99,20391,95,5 days,30 days,Out of Stock,4.5,Free shipping,No,4.8/5,India
Shop_55,Shop_55_P0100,Item_100,32433,395,3 days,7 days,Out of Stock,3.1,10% off,No,3.5/5,India
Shop_56,Shop_56_P0001,Item_1,15680,240,4 days,14 days,Out of Stock,4.5,Free shipping,No,3.7/5,India
Shop_56,Shop_56_P0002,Item_2,6750,590,6 days,7 days,In Stock,4.9,10% off,Yes,4.8/5,India
Shop_56,Shop_56_P0003,Item_3,3960,700,4 days,7 days,Out of Stock,3.2,None,Yes,3.3/5,India
Shop_56,Shop_56_P0004,Item_4,20384,132,5 days,30 days,In Stock,4.4,Free shipping,No,3.6/5,India
Shop_56,Shop_56_P0005,Item_5,25522,264,4 days,7 days,Out of Stock,3.1,10% off,Yes,4.1/5,India
Shop_56,Shop_56_P0006,Item_6,18734,655,3 days,7 days,In Stock,4.7,None,Yes,4.8/5,India
Shop_56,Shop_56_P0007,Item_7,36601,191,7 days,7 days,Out of Stock,3.2,Free shipping,No,4.1/5,India
Shop_56,Shop_56_P0008,Item_8,16785,564,5 days,30 days,Out of Stock,3.2,10% off,Yes,3.6/5,India
Shop_56,Shop_56_P0009,Item_9,3249,290,6 days,30 days,Out of Stock,3.0,10% off,No,3.7/5,India
Shop_56,Shop_56_P0010,Item_10,24200,108,3 days,14 days,Out of Stock,3.2,10% off,Yes,3.2/5,India
Shop_56,Shop_56_P0011,Item_11,20562,232,4 days,7 days,In Stock,3.4,10% off,Yes,4.3/5,India
Shop_56,Shop_56_P0012,Item_12,28295,357,3 days,7 days,Out of Stock,3.0,None,Yes,4.4/5,India
Shop_56,Shop_56_P0013,Item_13,14115,552,5 days,30 days,Out of Stock,4.1,10% off,No,3.2/5,India
Shop_56,Shop_56_P0014,Item_14,7924,168,5 days,30 days,In Stock,4.8,Free shipping,Yes,3.7/5,India
Shop_56,Shop_56_P0015,Item_15,4601,229,5 days,14 days,In Stock,3.4,None,Yes,3.1/5,India
Shop_56,Shop_56_P0016,Item_16,35628,144,3 days,14 days,In Stock,3.8,None,No,4.0/5,India
Shop_56,Shop_56_P0017,Item_17,1140,208,4 days,7 days,In Stock,4.3,Free shipping,Yes,3.3/5,India
Shop_56,Shop_56_P0018,Item_18,17989,211,1 days,30 days,Out of Stock,5.0,Free shipping,No,4.9/5,India
Shop_56,Shop_56_P0019,Item_19,47153,385,3 days,7 days,Out of Stock,3.6,Free shipping,No,3.2/5,India
Shop_56,Shop_56_P0020,Item_20,34889,305,4 days,14 days,In Stock,3.7,None,Yes,3.8/5,India
Shop_56,Shop_56_P0021,Item_21,19984,250,6 days,7 days,Out of Stock,3.8,None,No,4.7/5,India
Shop_56,Shop_56_P0022,Item_22,14189,673,2 days,14 days,In Stock,4.7,Free shipping,No,3.7/5,India
Shop_56,Shop_56_P0023,Item_23,22906,367,3 days,7 days,In Stock,4.3,10% off,Yes,4.6/5,India
Shop_56,Shop_56_P0024,Item_24,18296,136,7 days,30 days,In Stock,4.3,Free shipping,No,3.9/5,India
Shop_56,Shop_56_P0025,Item_25,15819,477,5 days,7 days,Out of Stock,4.6,Free shipping,Yes,4.0/5,India
Shop_56,Shop_56_P0026,Item_26,44586,391,3 days,30 days,Out of Stock,4.9,10% off,Yes,3.1/5,India
Shop_56,Shop_56_P0027,Item_27,15419,572,7 days,30 days,In Stock,4.9,None,Yes,3.7/5,India
Shop_56,Shop_56_P0028,Item_28,44023,612,2 days,30 days,In Stock,4.1,10% off,Yes,4.3/5,India
Shop_56,Shop_56_P0029,Item_29,38377,142,5 days,30 days,Out of Stock,4.2,10% off,No,3.8/5,India
Shop_56,Shop_56_P0030,Item_30,22870,166,1 days,7 days,In Stock,4.6,10% off,Yes,3.2/5,India
Shop_56,Shop_56_P0031,Item_31,9091,431,5 days,30 days,In Stock,4.2,None,Yes,3.1/5,India
Shop_56,Shop_56_P0032,Item_32,45856,244,7 days,30 days,Out of Stock,3.7,None,No,3.4/5,India
Shop_56,Shop_56_P0033,Item_33,19690,148,2 days,14 days,Out of Stock,3.8,None,Yes,3.4/5,India
Shop_56,Shop_56_P0034,Item_34,33473,364,4 days,14 days,In Stock,4.9,10% off,No,3.3/5,India
Shop_56,Shop_56_P0035,Item_35,42794,194,2 days,7 days,Out of Stock,3.8,Free shipping,Yes,3.2/5,India
Shop_56,Shop_56_P0036,Item_36,32547,476,2 days,7 days,In Stock,3.5,None,No,4.0/5,India
Shop_56,Shop_56_P0037,Item_37,39097,419,1 days,14 days,Out of Stock,4.2,Free shipping,No,4.7/5,India
Shop_56,Shop_56_P0038,Item_38,23716,655,1 days,30 days,In Stock,4.4,Free shipping,Yes,4.5/5,India
Shop_56,Shop_56_P0039,Item_39,4488,29,2 days,30 days,In Stock,4.1,Free shipping,Yes,4.4/5,India
Shop_56,Shop_56_P0040,Item_40,39139,237,7 days,30 days,Out of Stock,3.2,None,No,4.6/5,India
Shop_56,Shop_56_P0041,Item_41,32529,548,6 days,7 days,Out of Stock,3.2,Free shipping,Yes,4.4/5,India
Shop_56,Shop_56_P0042,Item_42,49841,438,2 days,7 days,In Stock,3.3,None,No,3.3/5,India
Shop_56,Shop_56_P0043,Item_43,7186,460,3 days,30 days,In Stock,5.0,None,Yes,4.7/5,India
Shop_56,Shop_56_P0044,Item_44,45306,210,7 days,30 days,In Stock,3.8,10% off,No,4.3/5,India
Shop_56,Shop_56_P0045,Item_45,32695,690,5 days,7 days,Out of Stock,3.8,None,Yes,4.4/5,India
Shop_56,Shop_56_P0046,Item_46,39511,61,5 days,30 days,In Stock,4.2,None,No,5.0/5,India
Shop_56,Shop_56_P0047,Item_47,6282,178,2 days,14 days,Out of Stock,3.1,10% off,No,4.7/5,India
Shop_56,Shop_56_P0048,Item_48,18114,336,3 days,30 days,In Stock,3.8,Free shipping,Yes,3.3/5,India
Shop_56,Shop_56_P0049,Item_49,26184,373,3 days,7 days,Out of Stock,3.4,10% off,No,3.2/5,India
Shop_56,Shop_56_P0050,Item_50,24726,532,3 days,7 days,Out of Stock,3.5,10% off,No,4.6/5,India
Shop_56,Shop_56_P0051,Item_51,38247,497,1 days,14 days,Out of Stock,3.9,10% off,Yes,4.4/5,India
Shop_56,Shop_56_P0052,Item_52,4372,450,5 days,7 days,Out of Stock,3.7,10% off,No,4.1/5,India
Shop_56,Shop_56_P0053,Item_53,49805,25,5 days,30 days,Out of Stock,4.9,Free shipping,No,3.6/5,India
Shop_56,Shop_56_P0054,Item_54,45215,677,5 days,14 days,In Stock,4.2,Free shipping,No,3.6/5,India
Shop_56,Shop_56_P0055,Item_55,1467,70,7 days,30 days,Out of Stock,3.0,10% off,No,4.0/5,India
Shop_56,Shop_56_P0056,Item_56,49450,252,3 days,14 days,In Stock,3.8,10% off,No,3.1/5,India
Shop_56,Shop_56_P0057,Item_57,14182,296,2 days,7 days,In Stock,3.6,None,No,3.8/5,India
Shop_56,Shop_56_P0058,Item_58,24479,29,4 days,30 days,Out of Stock,3.4,None,No,4.0/5,India
Shop_56,Shop_56_P0059,Item_59,35463,315,5 days,14 days,In Stock,4.8,Free shipping,No,4.6/5,India
Shop_56,Shop_56_P0060,Item_60,18972,510,4 days,30 days,In Stock,4.8,10% off,Yes,3.2/5,India
Shop_56,Shop_56_P0061,Item_61,3250,339,2 days,30 days,In Stock,5.0,Free shipping,No,4.0/5,India
Shop_56,Shop_56_P0062,Item_62,39896,358,4 days,7 days,In Stock,4.1,10% off,Yes,3.0/5,India
Shop_56,Shop_56_P0063,Item_63,35940,284,2 days,14 days,In Stock,4.4,None,Yes,4.7/5,India
Shop_56,Shop_56_P0064,Item_64,16761,528,4 days,14 days,Out of Stock,4.8,Free shipping,No,4.9/5,India
Shop_56,Shop_56_P0065,Item_65,32507,625,6 days,14 days,In Stock,4.4,10% off,No,3.4/5,India
Shop_56,Shop_56_P0066,Item_66,37670,65,5 days,14 days,Out of Stock,4.0,Free shipping,No,3.7/5,India
Shop_56,Shop_56_P0067,Item_67,33766,468,4 days,30 days,In Stock,4.0,Free shipping,Yes,3.2/5,India
Shop_56,Shop_56_P0068,Item_68,42068,38,7 days,30 days,Out of Stock,4.3,None,No,3.3/5,India
Shop_56,Shop_56_P0069,Item_69,14450,493,5 days,14 days,In Stock,3.7,None,Yes,3.4/5,India
Shop_56,Shop_56_P0070,Item_70,48489,608,5 days,14 days,Out of Stock,4.3,Free shipping,Yes,4.8/5,India
Shop_56,Shop_56_P0071,Item_71,11175,678,7 days,30 days,In Stock,4.5,None,No,5.0/5,India
Shop_56,Shop_56_P0072,Item_72,28083,73,3 days,30 days,In Stock,4.1,Free shipping,No,4.2/5,India
Shop_56,Shop_56_P0073,Item_73,33811,400,1 days,7 days,In Stock,3.6,10% off,No,3.6/5,India
Shop_56,Shop_56_P0074,Item_74,45308,131,4 days,30 days,Out of Stock,4.5,10% off,Yes,3.2/5,India
Shop_56,Shop_56_P0075,Item_75,34524,636,7 days,14 days,Out of Stock,4.9,Free shipping,No,4.0/5,India
Shop_56,Shop_56_P0076,Item_76,4781,537,6 days,7 days,In Stock,3.1,10% off,No,4.4/5,India
Shop_56,Shop_56_P0077,Item_77,10037,103,1 days,14 days,Out of Stock,4.7,None,Yes,4.6/5,India
Shop_56,Shop_56_P0078,Item_78,11949,683,1 days,7 days,In Stock,4.7,Free shipping,Yes,3.3/5,India
Shop_56,Shop_56_P0079,Item_79,47725,350,6 days,7 days,Out of Stock,4.7,10% off,Yes,4.0/5,India
Shop_56,Shop_56_P0080,Item_80,47740,153,7 days,30 days,In Stock,4.6,Free shipping,Yes,3.4/5,India
Shop_56,Shop_56_P0081,Item_81,33175,535,6 days,7 days,Out of Stock,4.7,10% off,No,4.9/5,India
Shop_56,Shop_56_P0082,Item_82,21696,158,4 days,7 days,In Stock,3.9,None,Yes,3.4/5,India
Shop_56,Shop_56_P0083,Item_83,30923,455,7 days,7 days,Out of Stock,4.7,Free shipping,No,3.9/5,India
Shop_56,Shop_56_P0084,Item_84,11587,508,7 days,30 days,Out of Stock,3.9,Free shipping,Yes,4.9/5,India
Shop_56,Shop_56_P0085,Item_85,15987,363,3 days,30 days,Out of Stock,4.0,None,Yes,4.2/5,India
Shop_56,Shop_56_P0086,Item_86,26967,574,3 days,7 days,Out of Stock,4.4,10% off,Yes,4.8/5,India
Shop_56,Shop_56_P0087,Item_87,44578,583,3 days,7 days,In Stock,4.0,None,No,3.5/5,India
Shop_56,Shop_56_P0088,Item_88,19982,396,3 days,7 days,Out of Stock,4.6,None,Yes,3.5/5,India
Shop_56,Shop_56_P0089,Item_89,32393,506,2 days,14 days,In Stock,3.8,10% off,Yes,3.1/5,India
Shop_56,Shop_56_P0090,Item_90,49525,581,4 days,30 days,In Stock,3.2,Free shipping,No,4.1/5,India
Shop_56,Shop_56_P0091,Item_91,48764,21,3 days,14 days,In Stock,3.5,10% off,Yes,4.7/5,India
Shop_56,Shop_56_P0092,Item_92,46063,39,1 days,14 days,In Stock,3.7,None,Yes,4.1/5,India
Shop_56,Shop_56_P0093,Item_93,36241,624,4 days,30 days,In Stock,4.9,Free shipping,No,3.8/5,India
Shop_56,Shop_56_P0094,Item_94,23265,243,4 days,30 days,Out of Stock,3.2,Free shipping,No,4.8/5,India
Shop_56,Shop_56_P0095,Item_95,18282,484,5 days,30 days,In Stock,3.8,10% off,No,4.8/5,India
Shop_56,Shop_56_P0096,Item_96,3006,249,3 days,14 days,In Stock,3.7,10% off,Yes,3.8/5,India
Shop_56,Shop_56_P0097,Item_97,1250,610,4 days,14 days,Out of Stock,3.1,None,Yes,3.9/5,India
Shop_56,Shop_56_P0098,Item_98,20741,296,7 days,30 days,Out of Stock,4.3,Free shipping,No,3.5/5,India
Shop_56,Shop_56_P0099,Item_99,880,367,6 days,30 days,In Stock,3.6,10% off,No,4.7/5,India
Shop_56,Shop_56_P0100,Item_100,41915,654,1 days,14 days,Out of Stock,4.7,None,Yes,3.8/5,India
Shop_57,Shop_57_P0001,Item_1,32721,21,6 days,7 days,In Stock,4.9,Free shipping,No,4.8/5,India
Shop_57,Shop_57_P0002,Item_2,21181,66,5 days,14 days,Out of Stock,3.3,10% off,No,3.6/5,India
Shop_57,Shop_57_P0003,Item_3,38302,472,3 days,7 days,Out of Stock,3.7,None,Yes,3.2/5,India
Shop_57,Shop_57_P0004,Item_4,47934,172,4 days,14 days,Out of Stock,3.2,Free shipping,No,3.9/5,India
Shop_57,Shop_57_P0005,Item_5,29516,590,7 days,7 days,In Stock,3.1,Free shipping,Yes,3.3/5,India
Shop_57,Shop_57_P0006,Item_6,16527,31,4 days,7 days,In Stock,3.4,Free shipping,Yes,4.0/5,India
Shop_57,Shop_57_P0007,Item_7,48583,525,7 days,7 days,Out of Stock,3.8,10% off,No,4.7/5,India
Shop_57,Shop_57_P0008,Item_8,31983,399,7 days,7 days,In Stock,3.4,10% off,Yes,3.1/5,India
Shop_57,Shop_57_P0009,Item_9,40789,228,2 days,14 days,In Stock,4.7,None,No,4.8/5,India
Shop_57,Shop_57_P0010,Item_10,16401,607,4 days,7 days,In Stock,4.6,None,Yes,4.8/5,India
Shop_57,Shop_57_P0011,Item_11,19536,43,1 days,14 days,Out of Stock,4.5,Free shipping,No,4.5/5,India
Shop_57,Shop_57_P0012,Item_12,27228,664,4 days,30 days,Out of Stock,3.5,Free shipping,Yes,3.6/5,India
Shop_57,Shop_57_P0013,Item_13,25672,239,7 days,7 days,In Stock,3.9,10% off,Yes,4.0/5,India
Shop_57,Shop_57_P0014,Item_14,39297,361,2 days,7 days,Out of Stock,4.1,Free shipping,No,4.6/5,India
Shop_57,Shop_57_P0015,Item_15,47350,117,1 days,7 days,Out of Stock,3.7,None,Yes,3.3/5,India
Shop_57,Shop_57_P0016,Item_16,14396,621,5 days,30 days,Out of Stock,4.0,Free shipping,Yes,4.3/5,India
Shop_57,Shop_57_P0017,Item_17,29105,437,1 days,7 days,In Stock,4.3,None,No,3.4/5,India
Shop_57,Shop_57_P0018,Item_18,5526,640,2 days,30 days,Out of Stock,4.1,None,Yes,5.0/5,India
Shop_57,Shop_57_P0019,Item_19,21440,78,4 days,14 days,Out of Stock,3.6,10% off,No,4.2/5,India
Shop_57,Shop_57_P0020,Item_20,21019,470,1 days,7 days,In Stock,5.0,Free shipping,No,3.8/5,India
Shop_57,Shop_57_P0021,Item_21,6747,644,5 days,14 days,In Stock,4.0,None,No,4.0/5,India
Shop_57,Shop_57_P0022,Item_22,26449,252,4 days,7 days,In Stock,4.9,10% off,Yes,4.4/5,India
Shop_57,Shop_57_P0023,Item_23,25281,122,3 days,7 days,In Stock,4.2,10% off,No,3.7/5,India
Shop_57,Shop_57_P0024,Item_24,8873,63,7 days,30 days,Out of Stock,3.3,10% off,No,4.3/5,India
Shop_57,Shop_57_P0025,Item_25,20099,87,3 days,14 days,In Stock,4.1,10% off,No,4.7/5,India
Shop_57,Shop_57_P0026,Item_26,49558,577,5 days,14 days,In Stock,3.1,None,No,4.5/5,India
Shop_57,Shop_57_P0027,Item_27,6181,617,6 days,14 days,Out of Stock,4.7,Free shipping,Yes,4.0/5,India
Shop_57,Shop_57_P0028,Item_28,40527,394,1 days,7 days,In Stock,3.4,10% off,No,3.8/5,India
Shop_57,Shop_57_P0029,Item_29,29288,461,2 days,7 days,Out of Stock,3.4,None,Yes,5.0/5,India
Shop_57,Shop_57_P0030,Item_30,1485,78,5 days,7 days,Out of Stock,4.6,None,No,3.4/5,India
Shop_57,Shop_57_P0031,Item_31,29886,522,4 days,30 days,Out of Stock,3.7,10% off,No,3.1/5,India
Shop_57,Shop_57_P0032,Item_32,31011,161,4 days,30 days,In Stock,3.5,None,Yes,3.9/5,India
Shop_57,Shop_57_P0033,Item_33,26690,580,6 days,14 days,Out of Stock,4.7,Free shipping,Yes,4.7/5,India
Shop_57,Shop_57_P0034,Item_34,21952,407,5 days,14 days,In Stock,4.3,10% off,No,3.7/5,India
Shop_57,Shop_57_P0035,Item_35,2422,346,7 days,30 days,In Stock,3.9,10% off,Yes,4.2/5,India
Shop_57,Shop_57_P0036,Item_36,39072,413,5 days,14 days,Out of Stock,4.5,Free shipping,No,3.7/5,India
Shop_57,Shop_57_P0037,Item_37,22837,376,5 days,7 days,In Stock,3.3,Free shipping,No,3.1/5,India
Shop_57,Shop_57_P0038,Item_38,38408,569,7 days,14 days,Out of Stock,4.0,10% off,No,4.4/5,India
Shop_57,Shop_57_P0039,Item_39,7376,37,6 days,7 days,Out of Stock,5.0,None,No,4.4/5,India
Shop_57,Shop_57_P0040,Item_40,48562,219,5 days,14 days,Out of Stock,4.8,None,No,4.5/5,India
Shop_57,Shop_57_P0041,Item_41,8876,250,5 days,7 days,Out of Stock,4.2,None,Yes,4.2/5,India
Shop_57,Shop_57_P0042,Item_42,8693,231,3 days,30 days,Out of Stock,3.1,10% off,Yes,4.5/5,India
Shop_57,Shop_57_P0043,Item_43,38156,327,1 days,30 days,Out of Stock,4.6,10% off,Yes,3.7/5,India
Shop_57,Shop_57_P0044,Item_44,33881,481,5 days,30 days,In Stock,3.8,10% off,Yes,3.8/5,India
Shop_57,Shop_57_P0045,Item_45,33818,457,6 days,30 days,Out of Stock,3.8,Free shipping,No,3.8/5,India
Shop_57,Shop_57_P0046,Item_46,7090,243,1 days,14 days,Out of Stock,4.7,Free shipping,No,3.7/5,India
Shop_57,Shop_57_P0047,Item_47,48549,624,7 days,14 days,Out of Stock,4.8,Free shipping,No,4.3/5,India
Shop_57,Shop_57_P0048,Item_48,29127,136,3 days,14 days,Out of Stock,4.3,Free shipping,Yes,3.3/5,India
Shop_57,Shop_57_P0049,Item_49,28995,530,4 days,14 days,In Stock,3.1,Free shipping,Yes,4.8/5,India
Shop_57,Shop_57_P0050,Item_50,25129,472,1 days,30 days,Out of Stock,4.6,10% off,No,4.5/5,India
Shop_57,Shop_57_P0051,Item_51,22351,470,5 days,14 days,Out of Stock,3.4,Free shipping,Yes,4.0/5,India
Shop_57,Shop_57_P0052,Item_52,49971,613,1 days,7 days,Out of Stock,4.7,10% off,Yes,3.7/5,India
Shop_57,Shop_57_P0053,Item_53,36639,455,5 days,30 days,In Stock,4.8,10% off,No,3.4/5,India
Shop_57,Shop_57_P0054,Item_54,27257,332,6 days,14 days,Out of Stock,5.0,10% off,No,3.9/5,India
Shop_57,Shop_57_P0055,Item_55,28657,148,2 days,7 days,In Stock,3.1,10% off,Yes,4.2/5,India
Shop_57,Shop_57_P0056,Item_56,16473,111,2 days,30 days,In Stock,4.7,Free shipping,No,4.7/5,India
Shop_57,Shop_57_P0057,Item_57,32132,653,1 days,14 days,Out of Stock,4.1,Free shipping,No,4.1/5,India
Shop_57,Shop_57_P0058,Item_58,36913,506,5 days,30 days,In Stock,4.5,10% off,Yes,3.9/5,India
Shop_57,Shop_57_P0059,Item_59,10937,642,4 days,7 days,Out of Stock,3.8,None,Yes,4.9/5,India
Shop_57,Shop_57_P0060,Item_60,34657,223,6 days,7 days,In Stock,4.7,None,Yes,4.1/5,India
Shop_57,Shop_57_P0061,Item_61,10314,301,4 days,30 days,Out of Stock,4.6,Free shipping,No,4.9/5,India
Shop_57,Shop_57_P0062,Item_62,24117,407,3 days,7 days,Out of Stock,4.3,None,No,3.8/5,India
Shop_57,Shop_57_P0063,Item_63,1447,251,7 days,30 days,In Stock,3.8,10% off,Yes,3.9/5,India
Shop_57,Shop_57_P0064,Item_64,26027,558,5 days,14 days,Out of Stock,3.7,10% off,Yes,3.2/5,India
Shop_57,Shop_57_P0065,Item_65,1143,674,4 days,14 days,In Stock,3.7,None,No,3.8/5,India
Shop_57,Shop_57_P0066,Item_66,11760,289,3 days,30 days,In Stock,3.2,None,No,3.7/5,India
Shop_57,Shop_57_P0067,Item_67,35556,65,2 days,14 days,In Stock,3.8,Free shipping,No,3.6/5,India
Shop_57,Shop_57_P0068,Item_68,5727,79,1 days,7 days,In Stock,4.2,10% off,No,3.6/5,India
Shop_57,Shop_57_P0069,Item_69,23851,31,5 days,7 days,Out of Stock,3.9,None,No,3.0/5,India
Shop_57,Shop_57_P0070,Item_70,7248,487,3 days,7 days,Out of Stock,3.9,Free shipping,No,4.5/5,India
Shop_57,Shop_57_P0071,Item_71,29071,320,5 days,14 days,Out of Stock,4.9,None,Yes,5.0/5,India
Shop_57,Shop_57_P0072,Item_72,28285,590,1 days,7 days,In Stock,4.7,10% off,No,4.1/5,India
Shop_57,Shop_57_P0073,Item_73,14293,429,6 days,30 days,Out of Stock,4.8,10% off,Yes,3.9/5,India
Shop_57,Shop_57_P0074,Item_74,10400,95,2 days,30 days,Out of Stock,4.0,None,Yes,4.2/5,India
Shop_57,Shop_57_P0075,Item_75,43648,505,7 days,7 days,Out of Stock,4.3,None,No,4.1/5,India
Shop_57,Shop_57_P0076,Item_76,27372,469,5 days,30 days,In Stock,3.1,Free shipping,Yes,4.3/5,India
Shop_57,Shop_57_P0077,Item_77,44817,691,1 days,30 days,In Stock,3.4,None,No,3.6/5,India
Shop_57,Shop_57_P0078,Item_78,44356,504,2 days,30 days,Out of Stock,4.5,10% off,Yes,3.4/5,India
Shop_57,Shop_57_P0079,Item_79,28185,122,2 days,14 days,In Stock,3.4,10% off,No,3.8/5,India
Shop_57,Shop_57_P0080,Item_80,19076,634,6 days,7 days,In Stock,4.3,Free shipping,Yes,4.8/5,India
Shop_57,Shop_57_P0081,Item_81,5427,391,2 days,7 days,Out of Stock,3.1,10% off,No,3.9/5,India
Shop_57,Shop_57_P0082,Item_82,16699,581,2 days,7 days,Out of Stock,3.3,None,Yes,3.5/5,India
Shop_57,Shop_57_P0083,Item_83,18037,364,6 days,30 days,In Stock,3.8,None,Yes,4.0/5,India
Shop_57,Shop_57_P0084,Item_84,28929,360,4 days,7 days,In Stock,3.5,10% off,Yes,3.2/5,India
Shop_57,Shop_57_P0085,Item_85,37744,602,4 days,14 days,In Stock,3.5,10% off,Yes,3.9/5,India
Shop_57,Shop_57_P0086,Item_86,17508,419,6 days,14 days,Out of Stock,4.1,10% off,No,3.6/5,India
Shop_57,Shop_57_P0087,Item_87,40884,488,2 days,30 days,In Stock,3.4,None,Yes,4.8/5,India
Shop_57,Shop_57_P0088,Item_88,31890,22,7 days,30 days,In Stock,3.8,None,Yes,4.2/5,India
Shop_57,Shop_57_P0089,Item_89,44133,520,4 days,14 days,Out of Stock,3.0,None,No,4.7/5,India
Shop_57,Shop_57_P0090,Item_90,39291,152,1 days,14 days,In Stock,3.1,10% off,Yes,4.3/5,India
Shop_57,Shop_57_P0091,Item_91,29457,413,1 days,14 days,Out of Stock,3.7,10% off,Yes,3.0/5,India
Shop_57,Shop_57_P0092,Item_92,2754,683,2 days,30 days,In Stock,3.3,None,No,4.9/5,India
Shop_57,Shop_57_P0093,Item_93,31817,591,1 days,14 days,In Stock,4.0,None,No,4.4/5,India
Shop_57,Shop_57_P0094,Item_94,49997,573,2 days,14 days,Out of Stock,3.5,Free shipping,Yes,4.3/5,India
Shop_57,Shop_57_P0095,Item_95,46683,224,1 days,30 days,In Stock,3.6,Free shipping,No,4.7/5,India
Shop_57,Shop_57_P0096,Item_96,23454,668,5 days,30 days,In Stock,4.0,10% off,Yes,3.9/5,India
Shop_57,Shop_57_P0097,Item_97,3527,228,4 days,14 days,In Stock,3.6,Free shipping,No,4.6/5,India
Shop_57,Shop_57_P0098,Item_98,23859,65,4 days,7 days,In Stock,4.9,Free shipping,No,3.6/5,India
Shop_57,Shop_57_P0099,Item_99,12693,150,6 days,14 days,Out of Stock,3.3,None,No,4.3/5,India
Shop_57,Shop_57_P0100,Item_100,46337,223,2 days,14 days,In Stock,3.5,10% off,Yes,3.8/5,India
Shop_58,Shop_58_P0001,Item_1,5036,254,7 days,14 days,In Stock,4.2,Free shipping,No,3.7/5,India
Shop_58,Shop_58_P0002,Item_2,33825,322,5 days,7 days,Out of Stock,4.1,Free shipping,No,3.7/5,India
Shop_58,Shop_58_P0003,Item_3,48539,91,2 days,7 days,In Stock,4.2,None,No,3.6/5,India
Shop_58,Shop_58_P0004,Item_4,20116,549,3 days,14 days,Out of Stock,3.7,10% off,No,3.5/5,India
Shop_58,Shop_58_P0005,Item_5,35075,131,6 days,7 days,In Stock,3.6,10% off,No,4.3/5,India
Shop_58,Shop_58_P0006,Item_6,33513,21,7 days,14 days,Out of Stock,4.7,None,Yes,4.6/5,India
Shop_58,Shop_58_P0007,Item_7,4211,497,6 days,7 days,Out of Stock,3.1,Free shipping,No,4.9/5,India
Shop_58,Shop_58_P0008,Item_8,14371,616,5 days,14 days,Out of Stock,4.8,None,No,3.7/5,India
Shop_58,Shop_58_P0009,Item_9,43539,69,7 days,7 days,In Stock,3.6,None,Yes,3.8/5,India
Shop_58,Shop_58_P0010,Item_10,4127,398,5 days,30 days,Out of Stock,3.8,Free shipping,No,4.7/5,India
Shop_58,Shop_58_P0011,Item_11,4373,260,5 days,14 days,In Stock,3.8,10% off,No,3.3/5,India
Shop_58,Shop_58_P0012,Item_12,9918,674,5 days,7 days,Out of Stock,4.9,None,No,3.4/5,India
Shop_58,Shop_58_P0013,Item_13,35496,403,3 days,30 days,In Stock,3.7,Free shipping,No,4.7/5,India
Shop_58,Shop_58_P0014,Item_14,47964,474,5 days,30 days,In Stock,4.5,Free shipping,Yes,3.4/5,India
Shop_58,Shop_58_P0015,Item_15,7050,188,7 days,7 days,In Stock,4.8,Free shipping,No,4.3/5,India
Shop_58,Shop_58_P0016,Item_16,6565,289,2 days,7 days,Out of Stock,4.6,10% off,No,4.8/5,India
Shop_58,Shop_58_P0017,Item_17,39043,93,4 days,30 days,Out of Stock,3.5,None,Yes,4.7/5,India
Shop_58,Shop_58_P0018,Item_18,15567,279,4 days,30 days,In Stock,3.4,None,No,4.4/5,India
Shop_58,Shop_58_P0019,Item_19,30120,335,2 days,14 days,In Stock,4.4,None,Yes,4.7/5,India
Shop_58,Shop_58_P0020,Item_20,42175,300,5 days,30 days,In Stock,3.5,Free shipping,No,4.6/5,India
Shop_58,Shop_58_P0021,Item_21,24852,377,2 days,14 days,In Stock,4.8,Free shipping,No,3.0/5,India
Shop_58,Shop_58_P0022,Item_22,32804,213,1 days,14 days,Out of Stock,3.1,10% off,No,4.2/5,India
Shop_58,Shop_58_P0023,Item_23,49822,369,6 days,30 days,In Stock,4.5,10% off,Yes,3.1/5,India
Shop_58,Shop_58_P0024,Item_24,42975,172,7 days,7 days,In Stock,4.6,10% off,Yes,4.2/5,India
Shop_58,Shop_58_P0025,Item_25,40059,350,5 days,14 days,In Stock,3.4,Free shipping,No,4.7/5,India
Shop_58,Shop_58_P0026,Item_26,45986,527,6 days,7 days,Out of Stock,3.8,None,Yes,4.6/5,India
Shop_58,Shop_58_P0027,Item_27,24101,203,5 days,30 days,Out of Stock,3.5,None,Yes,4.5/5,India
Shop_58,Shop_58_P0028,Item_28,20496,430,3 days,30 days,Out of Stock,4.7,Free shipping,No,3.9/5,India
Shop_58,Shop_58_P0029,Item_29,40484,641,3 days,30 days,In Stock,3.9,Free shipping,No,4.5/5,India
Shop_58,Shop_58_P0030,Item_30,9613,326,3 days,14 days,Out of Stock,3.8,None,No,3.3/5,India
Shop_58,Shop_58_P0031,Item_31,21735,602,1 days,7 days,In Stock,5.0,Free shipping,No,4.8/5,India
Shop_58,Shop_58_P0032,Item_32,28818,89,5 days,14 days,Out of Stock,4.4,10% off,No,3.7/5,India
Shop_58,Shop_58_P0033,Item_33,14187,629,1 days,14 days,Out of Stock,4.6,None,Yes,3.6/5,India
Shop_58,Shop_58_P0034,Item_34,47706,375,5 days,7 days,In Stock,4.0,Free shipping,No,3.1/5,India
Shop_58,Shop_58_P0035,Item_35,29431,252,7 days,7 days,In Stock,4.8,None,Yes,3.7/5,India
Shop_58,Shop_58_P0036,Item_36,23635,623,3 days,7 days,Out of Stock,4.1,Free shipping,Yes,4.8/5,India
Shop_58,Shop_58_P0037,Item_37,45698,201,5 days,30 days,Out of Stock,3.3,10% off,Yes,3.6/5,India
Shop_58,Shop_58_P0038,Item_38,5337,416,6 days,14 days,Out of Stock,3.9,None,Yes,4.5/5,India
Shop_58,Shop_58_P0039,Item_39,49254,591,4 days,30 days,In Stock,4.2,Free shipping,No,4.3/5,India
Shop_58,Shop_58_P0040,Item_40,33301,600,5 days,7 days,In Stock,4.3,None,Yes,4.8/5,India
Shop_58,Shop_58_P0041,Item_41,24721,566,3 days,30 days,In Stock,3.9,None,No,3.6/5,India
Shop_58,Shop_58_P0042,Item_42,29226,537,1 days,30 days,Out of Stock,3.7,10% off,Yes,3.3/5,India
Shop_58,Shop_58_P0043,Item_43,48840,553,5 days,14 days,In Stock,4.3,None,Yes,5.0/5,India
Shop_58,Shop_58_P0044,Item_44,22540,144,3 days,7 days,Out of Stock,3.6,10% off,Yes,3.6/5,India
Shop_58,Shop_58_P0045,Item_45,23781,399,5 days,7 days,In Stock,3.8,None,No,4.0/5,India
Shop_58,Shop_58_P0046,Item_46,47843,126,5 days,14 days,In Stock,3.1,None,No,4.4/5,India
Shop_58,Shop_58_P0047,Item_47,11889,694,6 days,14 days,Out of Stock,3.1,Free shipping,No,3.2/5,India
Shop_58,Shop_58_P0048,Item_48,48291,240,4 days,30 days,In Stock,4.7,None,Yes,4.2/5,India
Shop_58,Shop_58_P0049,Item_49,48783,693,5 days,7 days,Out of Stock,3.6,Free shipping,Yes,4.9/5,India
Shop_58,Shop_58_P0050,Item_50,24338,105,3 days,30 days,In Stock,3.1,10% off,Yes,3.3/5,India
Shop_58,Shop_58_P0051,Item_51,38924,224,5 days,14 days,Out of Stock,3.1,None,Yes,3.0/5,India
Shop_58,Shop_58_P0052,Item_52,14486,455,5 days,7 days,Out of Stock,4.6,None,No,3.7/5,India
Shop_58,Shop_58_P0053,Item_53,48867,26,3 days,7 days,In Stock,4.0,10% off,No,3.3/5,India
Shop_58,Shop_58_P0054,Item_54,16125,394,1 days,30 days,Out of Stock,3.5,None,No,4.1/5,India
Shop_58,Shop_58_P0055,Item_55,13788,363,2 days,14 days,In Stock,4.6,None,No,4.2/5,India
Shop_58,Shop_58_P0056,Item_56,17837,651,5 days,7 days,In Stock,4.2,Free shipping,No,3.7/5,India
Shop_58,Shop_58_P0057,Item_57,45676,32,5 days,14 days,In Stock,4.7,10% off,Yes,4.7/5,India
Shop_58,Shop_58_P0058,Item_58,18442,136,3 days,14 days,In Stock,4.7,10% off,No,4.9/5,India
Shop_58,Shop_58_P0059,Item_59,47634,363,1 days,7 days,Out of Stock,4.5,10% off,Yes,4.1/5,India
Shop_58,Shop_58_P0060,Item_60,49582,668,4 days,7 days,Out of Stock,4.9,None,No,4.6/5,India
Shop_58,Shop_58_P0061,Item_61,20213,424,6 days,7 days,Out of Stock,4.3,10% off,No,4.9/5,India
Shop_58,Shop_58_P0062,Item_62,22903,151,1 days,30 days,In Stock,4.6,Free shipping,No,4.0/5,India
Shop_58,Shop_58_P0063,Item_63,45280,298,6 days,7 days,Out of Stock,3.9,None,No,3.3/5,India
Shop_58,Shop_58_P0064,Item_64,10548,501,6 days,14 days,Out of Stock,4.5,None,Yes,4.9/5,India
Shop_58,Shop_58_P0065,Item_65,32542,211,6 days,14 days,Out of Stock,4.9,None,Yes,3.6/5,India
Shop_58,Shop_58_P0066,Item_66,42813,606,5 days,7 days,In Stock,3.6,Free shipping,No,4.9/5,India
Shop_58,Shop_58_P0067,Item_67,17285,27,3 days,7 days,Out of Stock,3.4,10% off,No,3.3/5,India
Shop_58,Shop_58_P0068,Item_68,42958,199,4 days,30 days,Out of Stock,4.8,10% off,Yes,4.3/5,India
Shop_58,Shop_58_P0069,Item_69,13183,536,3 days,7 days,Out of Stock,4.5,None,No,4.9/5,India
Shop_58,Shop_58_P0070,Item_70,48680,614,7 days,14 days,Out of Stock,5.0,None,Yes,3.6/5,India
Shop_58,Shop_58_P0071,Item_71,46908,128,3 days,14 days,In Stock,3.8,Free shipping,Yes,3.7/5,India
Shop_58,Shop_58_P0072,Item_72,4408,207,7 days,7 days,In Stock,4.8,None,Yes,3.8/5,India
Shop_58,Shop_58_P0073,Item_73,42168,308,4 days,30 days,In Stock,4.9,Free shipping,Yes,5.0/5,India
Shop_58,Shop_58_P0074,Item_74,17669,160,6 days,7 days,Out of Stock,3.3,Free shipping,Yes,4.1/5,India
Shop_58,Shop_58_P0075,Item_75,34910,302,3 days,14 days,In Stock,3.6,None,Yes,3.8/5,India
Shop_58,Shop_58_P0076,Item_76,20555,337,5 days,30 days,Out of Stock,4.2,Free shipping,Yes,4.5/5,India
Shop_58,Shop_58_P0077,Item_77,18801,599,5 days,14 days,In Stock,3.7,None,No,4.5/5,India
Shop_58,Shop_58_P0078,Item_78,18283,656,4 days,14 days,In Stock,4.5,None,Yes,3.4/5,India
Shop_58,Shop_58_P0079,Item_79,46615,373,2 days,30 days,Out of Stock,3.7,None,No,4.4/5,India
Shop_58,Shop_58_P0080,Item_80,24225,270,3 days,30 days,Out of Stock,4.2,Free shipping,No,4.6/5,India
Shop_58,Shop_58_P0081,Item_81,49821,528,3 days,14 days,In Stock,4.7,Free shipping,No,3.9/5,India
Shop_58,Shop_58_P0082,Item_82,13563,273,7 days,14 days,Out of Stock,3.9,Free shipping,Yes,4.4/5,India
Shop_58,Shop_58_P0083,Item_83,1283,368,1 days,14 days,Out of Stock,3.2,Free shipping,No,4.8/5,India
Shop_58,Shop_58_P0084,Item_84,44541,253,4 days,30 days,In Stock,4.8,None,Yes,4.5/5,India
Shop_58,Shop_58_P0085,Item_85,22347,106,1 days,30 days,Out of Stock,4.1,10% off,No,3.2/5,India
Shop_58,Shop_58_P0086,Item_86,9746,259,2 days,14 days,Out of Stock,3.7,10% off,Yes,4.5/5,India
Shop_58,Shop_58_P0087,Item_87,47335,689,4 days,14 days,Out of Stock,3.6,None,Yes,3.1/5,India
Shop_58,Shop_58_P0088,Item_88,4207,527,1 days,30 days,Out of Stock,3.3,None,No,3.2/5,India
Shop_58,Shop_58_P0089,Item_89,28311,581,2 days,30 days,Out of Stock,3.2,None,Yes,4.3/5,India
Shop_58,Shop_58_P0090,Item_90,27401,655,4 days,7 days,In Stock,3.9,10% off,No,4.6/5,India
Shop_58,Shop_58_P0091,Item_91,23642,352,4 days,7 days,Out of Stock,3.2,10% off,No,3.6/5,India
Shop_58,Shop_58_P0092,Item_92,24285,431,6 days,7 days,In Stock,3.2,None,No,3.4/5,India
Shop_58,Shop_58_P0093,Item_93,46760,29,3 days,14 days,In Stock,4.7,Free shipping,Yes,3.9/5,India
Shop_58,Shop_58_P0094,Item_94,48609,360,2 days,14 days,In Stock,3.9,10% off,Yes,3.6/5,India
Shop_58,Shop_58_P0095,Item_95,25529,559,6 days,30 days,Out of Stock,4.3,Free shipping,Yes,3.6/5,India
Shop_58,Shop_58_P0096,Item_96,31607,535,7 days,14 days,In Stock,4.7,Free shipping,Yes,4.1/5,India
Shop_58,Shop_58_P0097,Item_97,40179,501,4 days,7 days,In Stock,4.2,10% off,Yes,3.7/5,India
Shop_58,Shop_58_P0098,Item_98,40374,372,7 days,30 days,Out of Stock,4.4,None,No,4.0/5,India
Shop_58,Shop_58_P0099,Item_99,22917,566,4 days,7 days,In Stock,4.5,10% off,No,4.5/5,India
Shop_58,Shop_58_P0100,Item_100,44631,114,1 days,14 days,Out of Stock,4.7,Free shipping,Yes,3.8/5,India
Shop_59,Shop_59_P0001,Item_1,22768,183,5 days,14 days,Out of Stock,4.0,10% off,Yes,4.7/5,India
Shop_59,Shop_59_P0002,Item_2,13930,73,2 days,30 days,In Stock,4.0,Free shipping,No,4.4/5,India
Shop_59,Shop_59_P0003,Item_3,32278,144,1 days,14 days,Out of Stock,4.5,Free shipping,No,4.3/5,India
Shop_59,Shop_59_P0004,Item_4,32204,477,2 days,7 days,Out of Stock,3.1,Free shipping,No,4.2/5,India
Shop_59,Shop_59_P0005,Item_5,13606,385,4 days,14 days,In Stock,4.6,10% off,Yes,3.2/5,India
Shop_59,Shop_59_P0006,Item_6,23929,361,4 days,30 days,Out of Stock,3.3,None,Yes,3.6/5,India
Shop_59,Shop_59_P0007,Item_7,27704,205,2 days,7 days,In Stock,4.4,None,Yes,3.7/5,India
Shop_59,Shop_59_P0008,Item_8,29989,226,3 days,7 days,In Stock,3.1,Free shipping,Yes,4.1/5,India
Shop_59,Shop_59_P0009,Item_9,3608,75,5 days,14 days,Out of Stock,4.7,Free shipping,No,3.6/5,India
Shop_59,Shop_59_P0010,Item_10,25295,368,7 days,7 days,In Stock,3.6,None,No,5.0/5,India
Shop_59,Shop_59_P0011,Item_11,47669,565,7 days,14 days,In Stock,4.7,None,Yes,3.4/5,India
Shop_59,Shop_59_P0012,Item_12,11073,309,5 days,14 days,In Stock,3.6,10% off,No,3.2/5,India
Shop_59,Shop_59_P0013,Item_13,12457,633,4 days,30 days,In Stock,3.9,10% off,No,3.1/5,India
Shop_59,Shop_59_P0014,Item_14,20724,115,5 days,30 days,In Stock,4.4,10% off,Yes,4.4/5,India
Shop_59,Shop_59_P0015,Item_15,29260,85,2 days,30 days,In Stock,4.6,None,Yes,3.9/5,India
Shop_59,Shop_59_P0016,Item_16,12870,140,3 days,14 days,In Stock,3.7,10% off,No,4.9/5,India
Shop_59,Shop_59_P0017,Item_17,20360,47,3 days,30 days,Out of Stock,4.5,Free shipping,Yes,3.4/5,India
Shop_59,Shop_59_P0018,Item_18,33191,409,1 days,14 days,Out of Stock,4.2,Free shipping,No,5.0/5,India
Shop_59,Shop_59_P0019,Item_19,31329,49,1 days,30 days,In Stock,4.2,None,No,4.0/5,India
Shop_59,Shop_59_P0020,Item_20,42024,464,3 days,14 days,Out of Stock,3.2,Free shipping,Yes,4.1/5,India
Shop_59,Shop_59_P0021,Item_21,16425,365,1 days,30 days,Out of Stock,4.2,None,Yes,4.5/5,India
Shop_59,Shop_59_P0022,Item_22,20792,348,3 days,14 days,Out of Stock,4.5,Free shipping,No,3.6/5,India
Shop_59,Shop_59_P0023,Item_23,8959,115,2 days,7 days,In Stock,4.6,10% off,Yes,4.3/5,India
Shop_59,Shop_59_P0024,Item_24,41820,27,3 days,30 days,Out of Stock,3.7,10% off,Yes,3.9/5,India
Shop_59,Shop_59_P0025,Item_25,17859,79,7 days,30 days,Out of Stock,4.4,10% off,Yes,4.8/5,India
Shop_59,Shop_59_P0026,Item_26,898,160,7 days,7 days,Out of Stock,4.7,None,No,4.9/5,India
Shop_59,Shop_59_P0027,Item_27,14025,185,1 days,7 days,In Stock,4.1,Free shipping,No,4.6/5,India
Shop_59,Shop_59_P0028,Item_28,29041,599,4 days,14 days,In Stock,4.7,None,Yes,3.2/5,India
Shop_59,Shop_59_P0029,Item_29,47504,65,2 days,7 days,Out of Stock,4.5,None,Yes,4.0/5,India
Shop_59,Shop_59_P0030,Item_30,32546,137,5 days,30 days,Out of Stock,3.5,None,No,3.3/5,India
Shop_59,Shop_59_P0031,Item_31,15211,58,2 days,14 days,In Stock,3.3,10% off,No,3.6/5,India
Shop_59,Shop_59_P0032,Item_32,12937,315,1 days,14 days,In Stock,4.1,Free shipping,Yes,4.6/5,India
Shop_59,Shop_59_P0033,Item_33,46276,425,7 days,14 days,Out of Stock,3.0,10% off,No,4.6/5,India
Shop_59,Shop_59_P0034,Item_34,42771,413,1 days,14 days,Out of Stock,4.5,Free shipping,Yes,3.6/5,India
Shop_59,Shop_59_P0035,Item_35,13933,31,5 days,14 days,In Stock,4.7,10% off,Yes,3.7/5,India
Shop_59,Shop_59_P0036,Item_36,26553,652,5 days,7 days,Out of Stock,3.6,None,No,4.2/5,India
Shop_59,Shop_59_P0037,Item_37,49070,391,5 days,7 days,In Stock,4.2,10% off,Yes,3.9/5,India
Shop_59,Shop_59_P0038,Item_38,8352,300,3 days,30 days,Out of Stock,3.1,None,No,3.4/5,India
Shop_59,Shop_59_P0039,Item_39,20844,273,5 days,14 days,In Stock,3.6,None,Yes,3.9/5,India
Shop_59,Shop_59_P0040,Item_40,21953,42,3 days,14 days,In Stock,4.6,10% off,No,3.9/5,India
Shop_59,Shop_59_P0041,Item_41,48893,179,3 days,14 days,In Stock,3.1,None,Yes,3.3/5,India
Shop_59,Shop_59_P0042,Item_42,35342,646,1 days,7 days,In Stock,3.2,Free shipping,No,3.4/5,India
Shop_59,Shop_59_P0043,Item_43,12614,248,1 days,14 days,Out of Stock,3.6,None,Yes,3.8/5,India
Shop_59,Shop_59_P0044,Item_44,38348,480,4 days,30 days,Out of Stock,3.5,None,Yes,4.3/5,India
Shop_59,Shop_59_P0045,Item_45,36158,423,6 days,14 days,In Stock,3.9,10% off,Yes,3.6/5,India
Shop_59,Shop_59_P0046,Item_46,17751,178,6 days,30 days,Out of Stock,4.6,Free shipping,Yes,3.8/5,India
Shop_59,Shop_59_P0047,Item_47,45228,217,4 days,7 days,Out of Stock,3.7,Free shipping,Yes,3.7/5,India
Shop_59,Shop_59_P0048,Item_48,44746,82,4 days,14 days,Out of Stock,3.4,10% off,No,3.9/5,India
Shop_59,Shop_59_P0049,Item_49,38723,518,2 days,7 days,Out of Stock,4.8,None,Yes,3.1/5,India
Shop_59,Shop_59_P0050,Item_50,7815,176,4 days,7 days,In Stock,4.8,10% off,Yes,3.7/5,India
Shop_59,Shop_59_P0051,Item_51,23448,448,7 days,7 days,In Stock,3.7,None,No,3.6/5,India
Shop_59,Shop_59_P0052,Item_52,16167,317,1 days,14 days,Out of Stock,4.2,Free shipping,Yes,4.0/5,India
Shop_59,Shop_59_P0053,Item_53,14918,184,2 days,14 days,Out of Stock,4.7,Free shipping,Yes,3.4/5,India
Shop_59,Shop_59_P0054,Item_54,23402,114,3 days,7 days,Out of Stock,3.8,10% off,Yes,3.2/5,India
Shop_59,Shop_59_P0055,Item_55,45764,211,6 days,30 days,Out of Stock,3.3,10% off,No,4.2/5,India
Shop_59,Shop_59_P0056,Item_56,22413,622,4 days,7 days,In Stock,3.7,Free shipping,No,4.8/5,India
Shop_59,Shop_59_P0057,Item_57,3264,321,2 days,30 days,Out of Stock,4.7,Free shipping,Yes,4.9/5,India
Shop_59,Shop_59_P0058,Item_58,33552,311,6 days,30 days,In Stock,3.4,None,No,4.1/5,India
Shop_59,Shop_59_P0059,Item_59,30027,455,1 days,30 days,In Stock,4.5,10% off,No,4.1/5,India
Shop_59,Shop_59_P0060,Item_60,21104,549,4 days,30 days,Out of Stock,3.5,Free shipping,No,4.6/5,India
Shop_59,Shop_59_P0061,Item_61,21654,56,7 days,30 days,Out of Stock,4.5,None,Yes,3.9/5,India
Shop_59,Shop_59_P0062,Item_62,23124,388,2 days,30 days,Out of Stock,4.7,Free shipping,Yes,3.8/5,India
Shop_59,Shop_59_P0063,Item_63,45075,59,5 days,7 days,In Stock,3.6,10% off,Yes,4.4/5,India
Shop_59,Shop_59_P0064,Item_64,32405,229,5 days,7 days,In Stock,3.8,None,No,4.3/5,India
Shop_59,Shop_59_P0065,Item_65,35283,505,3 days,7 days,Out of Stock,3.8,None,No,4.7/5,India
Shop_59,Shop_59_P0066,Item_66,12612,670,7 days,14 days,Out of Stock,4.5,None,Yes,4.5/5,India
Shop_59,Shop_59_P0067,Item_67,25808,93,6 days,30 days,In Stock,3.2,10% off,Yes,4.8/5,India
Shop_59,Shop_59_P0068,Item_68,28308,31,5 days,7 days,In Stock,4.4,10% off,No,3.4/5,India
Shop_59,Shop_59_P0069,Item_69,45589,114,5 days,14 days,Out of Stock,4.6,None,Yes,4.5/5,India
Shop_59,Shop_59_P0070,Item_70,7377,551,7 days,14 days,Out of Stock,3.4,Free shipping,No,3.7/5,India
Shop_59,Shop_59_P0071,Item_71,28228,34,6 days,30 days,Out of Stock,4.4,Free shipping,Yes,4.5/5,India
Shop_59,Shop_59_P0072,Item_72,39250,51,5 days,30 days,In Stock,3.5,None,No,3.8/5,India
Shop_59,Shop_59_P0073,Item_73,46437,92,6 days,7 days,In Stock,4.3,None,No,3.0/5,India
Shop_59,Shop_59_P0074,Item_74,32100,77,3 days,14 days,Out of Stock,4.2,10% off,Yes,3.5/5,India
Shop_59,Shop_59_P0075,Item_75,14866,556,7 days,7 days,In Stock,4.2,10% off,No,3.3/5,India
Shop_59,Shop_59_P0076,Item_76,17276,344,4 days,30 days,In Stock,5.0,10% off,No,4.6/5,India
Shop_59,Shop_59_P0077,Item_77,20901,37,5 days,7 days,Out of Stock,4.7,Free shipping,Yes,3.4/5,India
Shop_59,Shop_59_P0078,Item_78,14959,293,5 days,30 days,In Stock,3.4,None,Yes,4.8/5,India
Shop_59,Shop_59_P0079,Item_79,22786,188,5 days,14 days,In Stock,4.5,10% off,Yes,4.7/5,India
Shop_59,Shop_59_P0080,Item_80,21645,513,3 days,7 days,In Stock,3.4,Free shipping,No,3.3/5,India
Shop_59,Shop_59_P0081,Item_81,40795,603,3 days,7 days,In Stock,4.1,None,Yes,4.1/5,India
Shop_59,Shop_59_P0082,Item_82,7014,644,7 days,30 days,In Stock,3.7,10% off,No,3.5/5,India
Shop_59,Shop_59_P0083,Item_83,3230,313,2 days,30 days,Out of Stock,4.1,10% off,Yes,4.7/5,India
Shop_59,Shop_59_P0084,Item_84,27931,456,5 days,14 days,In Stock,4.2,Free shipping,Yes,3.5/5,India
Shop_59,Shop_59_P0085,Item_85,22186,663,5 days,30 days,In Stock,3.1,None,No,3.2/5,India
Shop_59,Shop_59_P0086,Item_86,27326,264,6 days,7 days,Out of Stock,4.2,None,Yes,4.4/5,India
Shop_59,Shop_59_P0087,Item_87,36394,486,2 days,7 days,In Stock,3.7,None,Yes,3.3/5,India
Shop_59,Shop_59_P0088,Item_88,33037,590,7 days,7 days,Out of Stock,3.1,None,No,5.0/5,India
Shop_59,Shop_59_P0089,Item_89,44582,606,3 days,7 days,Out of Stock,3.3,None,Yes,3.9/5,India
Shop_59,Shop_59_P0090,Item_90,40513,679,7 days,30 days,Out of Stock,4.1,Free shipping,Yes,4.9/5,India
Shop_59,Shop_59_P0091,Item_91,30663,31,4 days,30 days,Out of Stock,3.9,Free shipping,Yes,3.7/5,India
Shop_59,Shop_59_P0092,Item_92,27371,576,1 days,14 days,Out of Stock,4.5,Free shipping,Yes,4.6/5,India
Shop_59,Shop_59_P0093,Item_93,9755,139,6 days,30 days,Out of Stock,3.8,Free shipping,No,4.5/5,India
Shop_59,Shop_59_P0094,Item_94,6657,60,3 days,30 days,In Stock,4.7,Free shipping,No,4.1/5,India
Shop_59,Shop_59_P0095,Item_95,43770,643,1 days,30 days,In Stock,3.8,Free shipping,Yes,3.5/5,India
Shop_59,Shop_59_P0096,Item_96,29552,87,3 days,14 days,In Stock,4.9,10% off,No,3.6/5,India
Shop_59,Shop_59_P0097,Item_97,7075,588,3 days,14 days,Out of Stock,4.5,None,No,4.4/5,India
Shop_59,Shop_59_P0098,Item_98,5616,423,3 days,7 days,In Stock,3.3,10% off,Yes,3.9/5,India
Shop_59,Shop_59_P0099,Item_99,26368,347,6 days,30 days,In Stock,4.0,10% off,No,4.2/5,India
Shop_59,Shop_59_P0100,Item_100,36019,699,2 days,7 days,Out of Stock,4.7,None,No,3.6/5,India
Shop_60,Shop_60_P0001,Item_1,47806,68,2 days,14 days,In Stock,4.9,10% off,No,3.1/5,India
Shop_60,Shop_60_P0002,Item_2,38383,220,4 days,7 days,In Stock,3.8,10% off,No,3.8/5,India
Shop_60,Shop_60_P0003,Item_3,27502,363,7 days,14 days,In Stock,3.7,10% off,No,3.7/5,India
Shop_60,Shop_60_P0004,Item_4,20482,155,1 days,30 days,Out of Stock,3.4,None,No,3.6/5,India
Shop_60,Shop_60_P0005,Item_5,35499,301,1 days,14 days,In Stock,3.2,Free shipping,Yes,4.4/5,India
Shop_60,Shop_60_P0006,Item_6,4235,584,6 days,30 days,Out of Stock,4.7,10% off,Yes,4.3/5,India
Shop_60,Shop_60_P0007,Item_7,49092,348,2 days,14 days,In Stock,4.2,10% off,No,3.0/5,India
Shop_60,Shop_60_P0008,Item_8,28318,46,6 days,14 days,In Stock,4.2,None,No,3.3/5,India
Shop_60,Shop_60_P0009,Item_9,47559,592,6 days,30 days,In Stock,4.7,None,No,4.5/5,India
Shop_60,Shop_60_P0010,Item_10,5434,443,3 days,7 days,In Stock,3.2,10% off,Yes,3.4/5,India
Shop_60,Shop_60_P0011,Item_11,6614,60,2 days,7 days,Out of Stock,3.5,None,Yes,3.1/5,India
Shop_60,Shop_60_P0012,Item_12,26418,405,6 days,14 days,In Stock,4.6,10% off,Yes,3.6/5,India
Shop_60,Shop_60_P0013,Item_13,47681,403,4 days,30 days,Out of Stock,3.7,None,No,4.7/5,India
Shop_60,Shop_60_P0014,Item_14,940,652,2 days,30 days,In Stock,3.3,Free shipping,No,4.0/5,India
Shop_60,Shop_60_P0015,Item_15,17284,274,3 days,7 days,In Stock,4.9,10% off,Yes,4.0/5,India
Shop_60,Shop_60_P0016,Item_16,18558,327,1 days,30 days,Out of Stock,3.3,None,Yes,3.3/5,India
Shop_60,Shop_60_P0017,Item_17,47659,431,1 days,30 days,Out of Stock,4.5,Free shipping,Yes,4.3/5,India
Shop_60,Shop_60_P0018,Item_18,48406,621,1 days,7 days,In Stock,3.0,None,No,4.6/5,India
Shop_60,Shop_60_P0019,Item_19,37308,408,1 days,30 days,Out of Stock,3.6,10% off,Yes,3.8/5,India
Shop_60,Shop_60_P0020,Item_20,32587,509,4 days,14 days,In Stock,3.2,Free shipping,Yes,3.2/5,India
Shop_60,Shop_60_P0021,Item_21,18945,229,2 days,7 days,Out of Stock,3.1,10% off,No,3.9/5,India
Shop_60,Shop_60_P0022,Item_22,38287,599,7 days,7 days,Out of Stock,4.5,Free shipping,No,4.0/5,India
Shop_60,Shop_60_P0023,Item_23,10675,128,6 days,7 days,In Stock,4.2,None,No,4.3/5,India
Shop_60,Shop_60_P0024,Item_24,5189,409,2 days,30 days,Out of Stock,4.2,Free shipping,No,3.1/5,India
Shop_60,Shop_60_P0025,Item_25,36698,235,7 days,7 days,In Stock,3.7,10% off,No,3.3/5,India
Shop_60,Shop_60_P0026,Item_26,4457,633,6 days,14 days,In Stock,4.6,None,No,3.4/5,India
Shop_60,Shop_60_P0027,Item_27,20714,307,4 days,30 days,Out of Stock,3.3,10% off,No,3.1/5,India
Shop_60,Shop_60_P0028,Item_28,39983,122,7 days,30 days,Out of Stock,3.6,Free shipping,Yes,4.4/5,India
Shop_60,Shop_60_P0029,Item_29,11064,78,1 days,14 days,Out of Stock,3.1,10% off,Yes,3.5/5,India
Shop_60,Shop_60_P0030,Item_30,9317,82,4 days,7 days,In Stock,4.0,10% off,No,3.0/5,India
Shop_60,Shop_60_P0031,Item_31,7545,695,1 days,7 days,In Stock,4.4,Free shipping,No,4.5/5,India
Shop_60,Shop_60_P0032,Item_32,36077,225,2 days,30 days,In Stock,4.7,Free shipping,Yes,3.8/5,India
Shop_60,Shop_60_P0033,Item_33,34541,183,7 days,14 days,In Stock,3.1,None,No,4.7/5,India
Shop_60,Shop_60_P0034,Item_34,35665,561,1 days,14 days,Out of Stock,3.8,10% off,No,4.6/5,India
Shop_60,Shop_60_P0035,Item_35,30634,357,3 days,14 days,In Stock,3.3,10% off,No,3.8/5,India
Shop_60,Shop_60_P0036,Item_36,20760,47,3 days,14 days,Out of Stock,4.0,10% off,Yes,3.9/5,India
Shop_60,Shop_60_P0037,Item_37,42185,95,1 days,14 days,Out of Stock,3.6,10% off,No,3.4/5,India
Shop_60,Shop_60_P0038,Item_38,41331,28,3 days,30 days,Out of Stock,4.7,Free shipping,No,3.5/5,India
Shop_60,Shop_60_P0039,Item_39,6080,399,3 days,7 days,Out of Stock,3.0,Free shipping,Yes,5.0/5,India
Shop_60,Shop_60_P0040,Item_40,23931,52,3 days,30 days,In Stock,3.5,Free shipping,No,4.3/5,India
Shop_60,Shop_60_P0041,Item_41,32456,428,7 days,14 days,In Stock,4.8,10% off,Yes,4.2/5,India
Shop_60,Shop_60_P0042,Item_42,34424,376,3 days,14 days,In Stock,4.2,Free shipping,No,3.1/5,India
Shop_60,Shop_60_P0043,Item_43,2260,525,3 days,30 days,In Stock,3.2,10% off,No,3.7/5,India
Shop_60,Shop_60_P0044,Item_44,19581,618,3 days,14 days,Out of Stock,3.7,None,Yes,3.3/5,India
Shop_60,Shop_60_P0045,Item_45,23426,554,1 days,7 days,Out of Stock,4.3,None,Yes,4.9/5,India
Shop_60,Shop_60_P0046,Item_46,35478,117,6 days,30 days,Out of Stock,4.0,None,Yes,4.5/5,India
Shop_60,Shop_60_P0047,Item_47,41914,328,6 days,14 days,In Stock,3.5,10% off,No,5.0/5,India
Shop_60,Shop_60_P0048,Item_48,49409,572,2 days,30 days,Out of Stock,4.5,10% off,No,3.2/5,India
Shop_60,Shop_60_P0049,Item_49,27379,430,3 days,7 days,In Stock,3.6,10% off,Yes,3.6/5,India
Shop_60,Shop_60_P0050,Item_50,30302,222,7 days,7 days,Out of Stock,4.7,10% off,No,4.7/5,India
Shop_60,Shop_60_P0051,Item_51,37845,328,6 days,14 days,In Stock,3.1,None,No,4.5/5,India
Shop_60,Shop_60_P0052,Item_52,45291,532,5 days,30 days,In Stock,3.1,10% off,Yes,4.5/5,India
Shop_60,Shop_60_P0053,Item_53,49903,593,2 days,14 days,Out of Stock,3.9,10% off,Yes,3.3/5,India
Shop_60,Shop_60_P0054,Item_54,17292,161,3 days,30 days,Out of Stock,4.1,10% off,No,3.1/5,India
Shop_60,Shop_60_P0055,Item_55,26040,445,5 days,7 days,In Stock,4.3,10% off,Yes,4.8/5,India
Shop_60,Shop_60_P0056,Item_56,45092,436,4 days,14 days,Out of Stock,4.9,None,No,3.6/5,India
Shop_60,Shop_60_P0057,Item_57,16757,529,6 days,7 days,Out of Stock,3.3,None,Yes,4.0/5,India
Shop_60,Shop_60_P0058,Item_58,47023,184,3 days,30 days,In Stock,4.4,None,Yes,3.5/5,India
Shop_60,Shop_60_P0059,Item_59,5153,112,3 days,30 days,Out of Stock,3.5,10% off,No,4.6/5,India
Shop_60,Shop_60_P0060,Item_60,38369,641,6 days,7 days,Out of Stock,3.5,Free shipping,No,3.2/5,India
Shop_60,Shop_60_P0061,Item_61,42604,67,1 days,14 days,In Stock,3.1,10% off,Yes,3.6/5,India
Shop_60,Shop_60_P0062,Item_62,39905,201,3 days,14 days,Out of Stock,4.1,Free shipping,No,3.0/5,India
Shop_60,Shop_60_P0063,Item_63,26311,380,2 days,30 days,Out of Stock,4.3,10% off,Yes,4.3/5,India
Shop_60,Shop_60_P0064,Item_64,34298,315,2 days,30 days,Out of Stock,3.9,Free shipping,No,4.2/5,India
Shop_60,Shop_60_P0065,Item_65,9232,23,7 days,30 days,Out of Stock,3.3,10% off,No,4.5/5,India
Shop_60,Shop_60_P0066,Item_66,46338,306,6 days,14 days,Out of Stock,4.7,10% off,No,3.3/5,India
Shop_60,Shop_60_P0067,Item_67,31637,621,6 days,14 days,Out of Stock,4.7,10% off,Yes,3.5/5,India
Shop_60,Shop_60_P0068,Item_68,13467,401,4 days,7 days,Out of Stock,4.4,10% off,No,3.2/5,India
Shop_60,Shop_60_P0069,Item_69,43837,391,7 days,14 days,Out of Stock,3.5,None,Yes,4.9/5,India
Shop_60,Shop_60_P0070,Item_70,5107,476,6 days,7 days,Out of Stock,4.8,None,No,3.1/5,India
Shop_60,Shop_60_P0071,Item_71,42617,688,7 days,14 days,Out of Stock,4.8,10% off,No,4.9/5,India
Shop_60,Shop_60_P0072,Item_72,33624,268,7 days,7 days,In Stock,4.3,None,No,4.3/5,India
Shop_60,Shop_60_P0073,Item_73,7815,360,3 days,30 days,In Stock,3.9,10% off,Yes,4.8/5,India
Shop_60,Shop_60_P0074,Item_74,36380,695,7 days,14 days,In Stock,3.6,Free shipping,No,4.1/5,India
Shop_60,Shop_60_P0075,Item_75,18207,459,3 days,14 days,Out of Stock,3.1,10% off,No,4.8/5,India
Shop_60,Shop_60_P0076,Item_76,16323,650,2 days,30 days,In Stock,3.2,10% off,Yes,3.2/5,India
Shop_60,Shop_60_P0077,Item_77,12695,545,2 days,14 days,In Stock,4.5,10% off,No,4.2/5,India
Shop_60,Shop_60_P0078,Item_78,3244,455,7 days,7 days,Out of Stock,4.2,None,No,3.9/5,India
Shop_60,Shop_60_P0079,Item_79,18139,338,4 days,14 days,Out of Stock,3.5,Free shipping,No,4.5/5,India
Shop_60,Shop_60_P0080,Item_80,23511,630,4 days,7 days,In Stock,3.2,None,No,4.4/5,India
Shop_60,Shop_60_P0081,Item_81,21270,343,4 days,30 days,In Stock,3.4,Free shipping,No,4.1/5,India
Shop_60,Shop_60_P0082,Item_82,45247,658,2 days,7 days,In Stock,4.2,Free shipping,Yes,3.2/5,India
Shop_60,Shop_60_P0083,Item_83,32235,302,1 days,14 days,Out of Stock,3.4,Free shipping,No,4.2/5,India
Shop_60,Shop_60_P0084,Item_84,3363,456,4 days,14 days,In Stock,4.2,Free shipping,Yes,4.3/5,India
Shop_60,Shop_60_P0085,Item_85,38197,262,7 days,14 days,In Stock,4.7,10% off,Yes,3.8/5,India
Shop_60,Shop_60_P0086,Item_86,23793,292,2 days,14 days,In Stock,3.2,Free shipping,Yes,4.3/5,India
Shop_60,Shop_60_P0087,Item_87,21337,466,6 days,30 days,Out of Stock,3.2,10% off,No,4.3/5,India
Shop_60,Shop_60_P0088,Item_88,37875,493,7 days,30 days,Out of Stock,3.0,None,Yes,4.4/5,India
Shop_60,Shop_60_P0089,Item_89,46164,209,7 days,14 days,In Stock,4.1,Free shipping,Yes,3.7/5,India
Shop_60,Shop_60_P0090,Item_90,3366,444,7 days,7 days,Out of Stock,3.9,Free shipping,Yes,4.6/5,India
Shop_60,Shop_60_P0091,Item_91,47070,22,1 days,7 days,In Stock,4.7,None,Yes,4.9/5,India
Shop_60,Shop_60_P0092,Item_92,9639,524,1 days,7 days,Out of Stock,4.3,10% off,Yes,4.9/5,India
Shop_60,Shop_60_P0093,Item_93,11055,690,1 days,7 days,In Stock,4.8,Free shipping,No,3.6/5,India
Shop_60,Shop_60_P0094,Item_94,43761,429,1 days,7 days,Out of Stock,4.0,Free shipping,No,4.1/5,India
Shop_60,Shop_60_P0095,Item_95,21216,339,6 days,30 days,In Stock,4.4,None,Yes,4.0/5,India
Shop_60,Shop_60_P0096,Item_96,28941,427,7 days,7 days,Out of Stock,3.6,10% off,No,4.9/5,India
Shop_60,Shop_60_P0097,Item_97,4745,500,3 days,7 days,Out of Stock,4.4,10% off,Yes,4.2/5,India
Shop_60,Shop_60_P0098,Item_98,25677,692,5 days,30 days,In Stock,4.7,None,Yes,4.8/5,India
Shop_60,Shop_60_P0099,Item_99,40454,165,1 days,7 days,Out of Stock,3.5,10% off,No,4.3/5,India
Shop_60,Shop_60_P0100,Item_100,2911,590,7 days,14 days,In Stock,4.1,None,No,4.8/5,India
Shop_61,Shop_61_P0001,Item_1,32152,219,1 days,14 days,In Stock,3.3,10% off,No,3.5/5,India
Shop_61,Shop_61_P0002,Item_2,43434,123,1 days,7 days,In Stock,3.9,10% off,No,4.9/5,India
Shop_61,Shop_61_P0003,Item_3,25556,305,5 days,30 days,In Stock,4.7,10% off,No,3.8/5,India
Shop_61,Shop_61_P0004,Item_4,32994,621,7 days,30 days,Out of Stock,3.5,10% off,No,4.4/5,India
Shop_61,Shop_61_P0005,Item_5,24186,526,5 days,7 days,In Stock,3.5,Free shipping,No,3.1/5,India
Shop_61,Shop_61_P0006,Item_6,11936,414,3 days,14 days,Out of Stock,4.2,None,No,3.6/5,India
Shop_61,Shop_61_P0007,Item_7,47882,163,6 days,14 days,Out of Stock,3.5,None,Yes,5.0/5,India
Shop_61,Shop_61_P0008,Item_8,39464,540,5 days,7 days,In Stock,3.5,10% off,Yes,4.6/5,India
Shop_61,Shop_61_P0009,Item_9,36224,403,2 days,7 days,In Stock,4.3,10% off,No,3.5/5,India
Shop_61,Shop_61_P0010,Item_10,16042,611,4 days,7 days,In Stock,4.1,10% off,No,4.5/5,India
Shop_61,Shop_61_P0011,Item_11,39912,194,4 days,30 days,Out of Stock,4.8,Free shipping,Yes,4.5/5,India
Shop_61,Shop_61_P0012,Item_12,28177,523,1 days,14 days,In Stock,3.8,10% off,Yes,4.7/5,India
Shop_61,Shop_61_P0013,Item_13,3878,162,7 days,30 days,In Stock,4.4,10% off,No,3.4/5,India
Shop_61,Shop_61_P0014,Item_14,5311,231,4 days,14 days,Out of Stock,4.2,Free shipping,No,3.7/5,India
Shop_61,Shop_61_P0015,Item_15,9859,218,3 days,30 days,In Stock,4.6,Free shipping,Yes,3.5/5,India
Shop_61,Shop_61_P0016,Item_16,8415,388,2 days,14 days,Out of Stock,4.8,Free shipping,Yes,3.5/5,India
Shop_61,Shop_61_P0017,Item_17,42943,219,7 days,14 days,Out of Stock,4.5,Free shipping,Yes,3.8/5,India
Shop_61,Shop_61_P0018,Item_18,16644,528,6 days,30 days,Out of Stock,4.9,10% off,No,4.6/5,India
Shop_61,Shop_61_P0019,Item_19,25573,232,3 days,30 days,In Stock,4.0,10% off,No,3.3/5,India
Shop_61,Shop_61_P0020,Item_20,19918,213,2 days,14 days,Out of Stock,4.0,None,Yes,4.2/5,India
Shop_61,Shop_61_P0021,Item_21,27336,89,6 days,7 days,Out of Stock,3.7,Free shipping,No,3.2/5,India
Shop_61,Shop_61_P0022,Item_22,46179,97,4 days,7 days,Out of Stock,4.5,None,No,4.6/5,India
Shop_61,Shop_61_P0023,Item_23,29722,277,3 days,7 days,In Stock,4.5,10% off,Yes,3.3/5,India
Shop_61,Shop_61_P0024,Item_24,29119,682,4 days,7 days,Out of Stock,4.1,Free shipping,Yes,4.5/5,India
Shop_61,Shop_61_P0025,Item_25,33086,644,7 days,7 days,In Stock,3.8,None,No,3.0/5,India
Shop_61,Shop_61_P0026,Item_26,38786,625,2 days,7 days,In Stock,3.9,10% off,No,4.6/5,India
Shop_61,Shop_61_P0027,Item_27,41178,236,7 days,30 days,Out of Stock,3.6,None,No,3.5/5,India
Shop_61,Shop_61_P0028,Item_28,22343,614,1 days,7 days,Out of Stock,4.1,None,No,4.6/5,India
Shop_61,Shop_61_P0029,Item_29,36165,250,7 days,14 days,In Stock,4.6,Free shipping,Yes,4.3/5,India
Shop_61,Shop_61_P0030,Item_30,47120,351,2 days,7 days,Out of Stock,4.7,None,Yes,3.4/5,India
Shop_61,Shop_61_P0031,Item_31,29847,193,4 days,14 days,Out of Stock,4.6,Free shipping,Yes,4.6/5,India
Shop_61,Shop_61_P0032,Item_32,14078,666,7 days,14 days,In Stock,3.9,10% off,No,4.6/5,India
Shop_61,Shop_61_P0033,Item_33,32723,40,6 days,14 days,In Stock,4.4,Free shipping,No,3.8/5,India
Shop_61,Shop_61_P0034,Item_34,20173,45,6 days,14 days,In Stock,5.0,Free shipping,No,3.6/5,India
Shop_61,Shop_61_P0035,Item_35,20711,73,6 days,30 days,In Stock,4.7,None,Yes,4.0/5,India
Shop_61,Shop_61_P0036,Item_36,25715,446,4 days,14 days,Out of Stock,3.8,None,Yes,3.3/5,India
Shop_61,Shop_61_P0037,Item_37,27308,327,3 days,30 days,Out of Stock,4.8,None,No,3.7/5,India
Shop_61,Shop_61_P0038,Item_38,22372,282,5 days,7 days,In Stock,3.6,Free shipping,Yes,3.8/5,India
Shop_61,Shop_61_P0039,Item_39,35130,604,7 days,7 days,Out of Stock,4.2,Free shipping,No,4.8/5,India
Shop_61,Shop_61_P0040,Item_40,37112,635,2 days,7 days,Out of Stock,4.4,Free shipping,No,3.2/5,India
Shop_61,Shop_61_P0041,Item_41,31952,662,4 days,14 days,In Stock,3.7,None,Yes,4.3/5,India
Shop_61,Shop_61_P0042,Item_42,46292,116,3 days,30 days,In Stock,4.2,None,Yes,3.3/5,India
Shop_61,Shop_61_P0043,Item_43,4625,526,3 days,30 days,In Stock,4.0,Free shipping,No,4.9/5,India
Shop_61,Shop_61_P0044,Item_44,2579,671,3 days,30 days,In Stock,3.1,10% off,No,3.8/5,India
Shop_61,Shop_61_P0045,Item_45,20175,239,2 days,14 days,In Stock,4.7,Free shipping,Yes,3.7/5,India
Shop_61,Shop_61_P0046,Item_46,3054,123,3 days,14 days,Out of Stock,4.1,None,No,4.6/5,India
Shop_61,Shop_61_P0047,Item_47,28614,387,2 days,14 days,Out of Stock,3.9,Free shipping,No,3.6/5,India
Shop_61,Shop_61_P0048,Item_48,21204,234,3 days,7 days,Out of Stock,4.4,Free shipping,Yes,3.2/5,India
Shop_61,Shop_61_P0049,Item_49,45046,193,5 days,30 days,In Stock,3.7,Free shipping,Yes,3.6/5,India
Shop_61,Shop_61_P0050,Item_50,23554,581,4 days,7 days,Out of Stock,4.4,None,No,4.4/5,India
Shop_61,Shop_61_P0051,Item_51,22018,373,4 days,7 days,Out of Stock,4.8,10% off,No,5.0/5,India
Shop_61,Shop_61_P0052,Item_52,32687,474,4 days,30 days,In Stock,4.7,None,Yes,3.3/5,India
Shop_61,Shop_61_P0053,Item_53,34957,280,6 days,30 days,In Stock,3.0,Free shipping,No,4.4/5,India
Shop_61,Shop_61_P0054,Item_54,38706,173,5 days,30 days,Out of Stock,4.3,None,Yes,3.1/5,India
Shop_61,Shop_61_P0055,Item_55,48569,138,7 days,30 days,Out of Stock,3.1,None,Yes,3.4/5,India
Shop_61,Shop_61_P0056,Item_56,43940,251,3 days,30 days,In Stock,4.8,None,No,5.0/5,India
Shop_61,Shop_61_P0057,Item_57,33453,596,1 days,7 days,Out of Stock,3.4,Free shipping,Yes,4.9/5,India
Shop_61,Shop_61_P0058,Item_58,22557,188,1 days,7 days,In Stock,3.5,Free shipping,No,4.5/5,India
Shop_61,Shop_61_P0059,Item_59,47971,232,1 days,14 days,Out of Stock,4.4,10% off,Yes,3.7/5,India
Shop_61,Shop_61_P0060,Item_60,32888,329,4 days,30 days,Out of Stock,4.8,Free shipping,No,4.2/5,India
Shop_61,Shop_61_P0061,Item_61,37740,416,6 days,14 days,Out of Stock,3.9,10% off,No,3.0/5,India
Shop_61,Shop_61_P0062,Item_62,23194,218,6 days,30 days,In Stock,4.3,Free shipping,No,3.2/5,India
Shop_61,Shop_61_P0063,Item_63,43018,387,1 days,7 days,Out of Stock,3.1,Free shipping,Yes,5.0/5,India
Shop_61,Shop_61_P0064,Item_64,36233,541,1 days,30 days,Out of Stock,4.4,10% off,Yes,4.1/5,India
Shop_61,Shop_61_P0065,Item_65,5941,533,3 days,7 days,In Stock,3.9,Free shipping,Yes,3.8/5,India
Shop_61,Shop_61_P0066,Item_66,2722,310,6 days,14 days,In Stock,4.3,None,Yes,3.8/5,India
Shop_61,Shop_61_P0067,Item_67,23796,404,7 days,7 days,In Stock,3.1,Free shipping,Yes,4.6/5,India
Shop_61,Shop_61_P0068,Item_68,32214,541,3 days,14 days,In Stock,3.0,Free shipping,Yes,3.8/5,India
Shop_61,Shop_61_P0069,Item_69,36332,65,1 days,14 days,In Stock,3.7,Free shipping,Yes,4.7/5,India
Shop_61,Shop_61_P0070,Item_70,31069,464,4 days,30 days,In Stock,4.2,10% off,Yes,4.3/5,India
Shop_61,Shop_61_P0071,Item_71,14586,422,5 days,7 days,Out of Stock,4.9,Free shipping,No,3.7/5,India
Shop_61,Shop_61_P0072,Item_72,24137,103,3 days,30 days,Out of Stock,4.5,10% off,Yes,4.5/5,India
Shop_61,Shop_61_P0073,Item_73,48023,405,1 days,7 days,In Stock,4.6,10% off,No,4.8/5,India
Shop_61,Shop_61_P0074,Item_74,13762,252,6 days,14 days,In Stock,4.8,Free shipping,No,4.9/5,India
Shop_61,Shop_61_P0075,Item_75,45181,226,1 days,14 days,In Stock,3.6,None,Yes,3.5/5,India
Shop_61,Shop_61_P0076,Item_76,22009,379,4 days,14 days,Out of Stock,3.5,None,Yes,3.9/5,India
Shop_61,Shop_61_P0077,Item_77,38981,636,2 days,30 days,In Stock,4.1,Free shipping,Yes,3.5/5,India
Shop_61,Shop_61_P0078,Item_78,23084,28,2 days,30 days,In Stock,3.5,10% off,Yes,4.7/5,India
Shop_61,Shop_61_P0079,Item_79,20333,42,3 days,14 days,Out of Stock,3.7,None,No,3.4/5,India
Shop_61,Shop_61_P0080,Item_80,12343,646,6 days,14 days,Out of Stock,3.9,Free shipping,Yes,4.4/5,India
Shop_61,Shop_61_P0081,Item_81,41249,347,4 days,30 days,Out of Stock,4.9,Free shipping,Yes,4.9/5,India
Shop_61,Shop_61_P0082,Item_82,5252,183,5 days,30 days,Out of Stock,4.5,10% off,No,4.8/5,India
Shop_61,Shop_61_P0083,Item_83,39108,347,4 days,7 days,In Stock,4.5,10% off,Yes,4.2/5,India
Shop_61,Shop_61_P0084,Item_84,42426,505,4 days,30 days,Out of Stock,3.1,None,Yes,4.5/5,India
Shop_61,Shop_61_P0085,Item_85,25940,247,3 days,7 days,Out of Stock,3.3,Free shipping,Yes,4.0/5,India
Shop_61,Shop_61_P0086,Item_86,6618,421,1 days,30 days,In Stock,3.6,None,No,3.1/5,India
Shop_61,Shop_61_P0087,Item_87,30344,556,5 days,30 days,Out of Stock,5.0,10% off,No,3.0/5,India
Shop_61,Shop_61_P0088,Item_88,5747,65,7 days,30 days,Out of Stock,3.5,10% off,No,4.5/5,India
Shop_61,Shop_61_P0089,Item_89,49217,301,5 days,7 days,Out of Stock,4.9,None,Yes,3.5/5,India
Shop_61,Shop_61_P0090,Item_90,20191,660,6 days,7 days,Out of Stock,3.3,10% off,Yes,4.2/5,India
Shop_61,Shop_61_P0091,Item_91,6781,458,7 days,14 days,In Stock,3.2,Free shipping,No,4.1/5,India
Shop_61,Shop_61_P0092,Item_92,35681,665,6 days,7 days,In Stock,3.7,10% off,Yes,3.4/5,India
Shop_61,Shop_61_P0093,Item_93,34165,646,4 days,7 days,In Stock,3.8,None,Yes,4.3/5,India
Shop_61,Shop_61_P0094,Item_94,45869,622,1 days,30 days,Out of Stock,3.5,None,Yes,4.6/5,India
Shop_61,Shop_61_P0095,Item_95,19711,436,6 days,7 days,In Stock,4.5,None,Yes,3.8/5,India
Shop_61,Shop_61_P0096,Item_96,2852,514,3 days,14 days,In Stock,3.2,10% off,No,4.4/5,India
Shop_61,Shop_61_P0097,Item_97,8897,674,6 days,30 days,In Stock,4.0,Free shipping,Yes,3.3/5,India
Shop_61,Shop_61_P0098,Item_98,37950,143,1 days,7 days,In Stock,4.1,None,No,3.8/5,India
Shop_61,Shop_61_P0099,Item_99,46832,533,1 days,7 days,In Stock,4.6,Free shipping,No,3.6/5,India
Shop_61,Shop_61_P0100,Item_100,38984,541,6 days,30 days,Out of Stock,4.4,10% off,No,4.5/5,India
Shop_62,Shop_62_P0001,Item_1,33357,180,3 days,14 days,Out of Stock,4.0,None,No,3.3/5,India
Shop_62,Shop_62_P0002,Item_2,49872,255,3 days,30 days,In Stock,4.0,Free shipping,No,4.5/5,India
Shop_62,Shop_62_P0003,Item_3,47829,114,3 days,14 days,In Stock,3.8,10% off,Yes,4.8/5,India
Shop_62,Shop_62_P0004,Item_4,9685,362,3 days,7 days,In Stock,4.4,None,Yes,3.5/5,India
Shop_62,Shop_62_P0005,Item_5,46307,288,5 days,7 days,Out of Stock,4.1,Free shipping,No,3.2/5,India
Shop_62,Shop_62_P0006,Item_6,18098,352,4 days,14 days,Out of Stock,4.3,10% off,No,3.8/5,India
Shop_62,Shop_62_P0007,Item_7,30130,255,5 days,7 days,Out of Stock,3.2,Free shipping,Yes,4.4/5,India
Shop_62,Shop_62_P0008,Item_8,40381,172,7 days,7 days,In Stock,3.2,Free shipping,No,4.4/5,India
Shop_62,Shop_62_P0009,Item_9,29546,498,1 days,7 days,In Stock,3.4,None,No,3.1/5,India
Shop_62,Shop_62_P0010,Item_10,9669,477,6 days,14 days,In Stock,3.9,10% off,No,3.7/5,India
Shop_62,Shop_62_P0011,Item_11,2968,466,1 days,7 days,In Stock,4.0,10% off,Yes,3.2/5,India
Shop_62,Shop_62_P0012,Item_12,33430,530,4 days,7 days,In Stock,4.5,None,No,4.9/5,India
Shop_62,Shop_62_P0013,Item_13,35277,32,5 days,14 days,Out of Stock,4.0,None,Yes,4.3/5,India
Shop_62,Shop_62_P0014,Item_14,7213,545,6 days,30 days,Out of Stock,3.9,Free shipping,Yes,3.3/5,India
Shop_62,Shop_62_P0015,Item_15,44604,90,5 days,30 days,Out of Stock,4.7,None,No,5.0/5,India
Shop_62,Shop_62_P0016,Item_16,19528,415,4 days,7 days,Out of Stock,4.3,10% off,No,3.8/5,India
Shop_62,Shop_62_P0017,Item_17,40726,613,7 days,7 days,In Stock,3.6,Free shipping,Yes,3.1/5,India
Shop_62,Shop_62_P0018,Item_18,7652,218,7 days,7 days,In Stock,4.8,Free shipping,Yes,3.4/5,India
Shop_62,Shop_62_P0019,Item_19,4587,67,1 days,30 days,Out of Stock,4.6,Free shipping,Yes,4.6/5,India
Shop_62,Shop_62_P0020,Item_20,34863,528,5 days,30 days,In Stock,3.2,Free shipping,Yes,3.9/5,India
Shop_62,Shop_62_P0021,Item_21,15090,306,6 days,14 days,Out of Stock,5.0,None,No,4.2/5,India
Shop_62,Shop_62_P0022,Item_22,44144,181,2 days,7 days,Out of Stock,3.1,Free shipping,Yes,3.9/5,India
Shop_62,Shop_62_P0023,Item_23,17209,403,2 days,14 days,Out of Stock,3.3,None,Yes,4.1/5,India
Shop_62,Shop_62_P0024,Item_24,25076,673,6 days,7 days,Out of Stock,4.1,Free shipping,No,3.8/5,India
Shop_62,Shop_62_P0025,Item_25,7500,671,7 days,14 days,In Stock,4.1,None,No,3.9/5,India
Shop_62,Shop_62_P0026,Item_26,40403,554,1 days,7 days,In Stock,4.2,Free shipping,No,3.6/5,India
Shop_62,Shop_62_P0027,Item_27,34220,468,1 days,14 days,Out of Stock,3.8,Free shipping,No,3.8/5,India
Shop_62,Shop_62_P0028,Item_28,32462,120,2 days,7 days,Out of Stock,4.3,Free shipping,Yes,4.5/5,India
Shop_62,Shop_62_P0029,Item_29,32508,342,2 days,30 days,Out of Stock,4.9,10% off,No,4.2/5,India
Shop_62,Shop_62_P0030,Item_30,3904,188,7 days,30 days,In Stock,3.5,Free shipping,No,3.8/5,India
Shop_62,Shop_62_P0031,Item_31,35189,218,5 days,30 days,In Stock,4.0,10% off,Yes,3.2/5,India
Shop_62,Shop_62_P0032,Item_32,32562,408,2 days,14 days,In Stock,4.5,Free shipping,No,4.9/5,India
Shop_62,Shop_62_P0033,Item_33,35267,341,4 days,30 days,Out of Stock,3.9,None,Yes,4.7/5,India
Shop_62,Shop_62_P0034,Item_34,33705,552,3 days,30 days,Out of Stock,4.5,None,Yes,3.3/5,India
Shop_62,Shop_62_P0035,Item_35,11978,101,4 days,30 days,Out of Stock,4.6,10% off,No,4.4/5,India
Shop_62,Shop_62_P0036,Item_36,11146,337,7 days,14 days,Out of Stock,4.7,10% off,Yes,4.4/5,India
Shop_62,Shop_62_P0037,Item_37,39362,502,6 days,7 days,Out of Stock,5.0,10% off,No,3.3/5,India
Shop_62,Shop_62_P0038,Item_38,43603,387,2 days,14 days,Out of Stock,5.0,None,Yes,4.3/5,India
Shop_62,Shop_62_P0039,Item_39,23316,462,5 days,30 days,Out of Stock,5.0,Free shipping,No,4.2/5,India
Shop_62,Shop_62_P0040,Item_40,32266,250,2 days,14 days,In Stock,3.7,10% off,No,3.7/5,India
Shop_62,Shop_62_P0041,Item_41,15866,65,1 days,14 days,Out of Stock,3.1,Free shipping,No,4.5/5,India
Shop_62,Shop_62_P0042,Item_42,21156,565,1 days,14 days,Out of Stock,3.1,Free shipping,Yes,4.7/5,India
Shop_62,Shop_62_P0043,Item_43,8840,177,5 days,7 days,Out of Stock,3.2,None,Yes,3.3/5,India
Shop_62,Shop_62_P0044,Item_44,23574,125,3 days,30 days,In Stock,3.1,10% off,Yes,4.3/5,India
Shop_62,Shop_62_P0045,Item_45,14831,341,1 days,14 days,In Stock,4.7,None,Yes,3.6/5,India
Shop_62,Shop_62_P0046,Item_46,38444,618,5 days,7 days,Out of Stock,4.4,10% off,No,3.9/5,India
Shop_62,Shop_62_P0047,Item_47,43570,438,2 days,30 days,In Stock,3.6,None,No,3.9/5,India
Shop_62,Shop_62_P0048,Item_48,38758,122,3 days,7 days,In Stock,3.7,Free shipping,No,4.8/5,India
Shop_62,Shop_62_P0049,Item_49,30921,660,3 days,7 days,Out of Stock,4.2,10% off,Yes,4.9/5,India
Shop_62,Shop_62_P0050,Item_50,46088,127,2 days,7 days,Out of Stock,3.1,Free shipping,No,3.8/5,India
Shop_62,Shop_62_P0051,Item_51,34971,309,1 days,7 days,In Stock,4.9,Free shipping,No,3.5/5,India
Shop_62,Shop_62_P0052,Item_52,17216,671,2 days,14 days,In Stock,4.1,None,Yes,4.1/5,India
Shop_62,Shop_62_P0053,Item_53,11285,518,6 days,7 days,In Stock,3.5,Free shipping,No,3.1/5,India
Shop_62,Shop_62_P0054,Item_54,13516,343,1 days,30 days,In Stock,4.4,10% off,Yes,4.2/5,India
Shop_62,Shop_62_P0055,Item_55,23486,194,6 days,30 days,Out of Stock,4.1,10% off,Yes,4.1/5,India
Shop_62,Shop_62_P0056,Item_56,25270,221,7 days,30 days,In Stock,4.2,None,Yes,3.3/5,India
Shop_62,Shop_62_P0057,Item_57,3018,112,6 days,30 days,In Stock,3.2,None,Yes,4.6/5,India
Shop_62,Shop_62_P0058,Item_58,44811,421,6 days,7 days,Out of Stock,3.1,Free shipping,No,4.1/5,India
Shop_62,Shop_62_P0059,Item_59,28913,23,7 days,30 days,In Stock,4.7,Free shipping,No,4.7/5,India
Shop_62,Shop_62_P0060,Item_60,2004,450,6 days,30 days,Out of Stock,3.7,None,Yes,4.8/5,India
Shop_62,Shop_62_P0061,Item_61,44774,565,1 days,7 days,Out of Stock,3.5,Free shipping,Yes,4.1/5,India
Shop_62,Shop_62_P0062,Item_62,3036,515,4 days,30 days,Out of Stock,3.7,10% off,Yes,5.0/5,India
Shop_62,Shop_62_P0063,Item_63,5068,616,3 days,7 days,In Stock,3.5,None,Yes,4.4/5,India
Shop_62,Shop_62_P0064,Item_64,49063,622,6 days,7 days,Out of Stock,3.5,None,No,5.0/5,India
Shop_62,Shop_62_P0065,Item_65,6779,651,5 days,14 days,Out of Stock,4.8,Free shipping,No,4.9/5,India
Shop_62,Shop_62_P0066,Item_66,28877,154,6 days,14 days,In Stock,3.8,Free shipping,No,3.0/5,India
Shop_62,Shop_62_P0067,Item_67,37994,547,4 days,7 days,In Stock,4.5,None,Yes,4.0/5,India
Shop_62,Shop_62_P0068,Item_68,9759,81,1 days,7 days,In Stock,4.1,Free shipping,Yes,4.5/5,India
Shop_62,Shop_62_P0069,Item_69,16890,252,5 days,14 days,Out of Stock,4.7,10% off,No,4.0/5,India
Shop_62,Shop_62_P0070,Item_70,7634,588,5 days,14 days,Out of Stock,3.2,None,Yes,4.2/5,India
Shop_62,Shop_62_P0071,Item_71,45549,171,4 days,30 days,Out of Stock,4.3,10% off,Yes,4.6/5,India
Shop_62,Shop_62_P0072,Item_72,39662,542,5 days,14 days,In Stock,5.0,10% off,Yes,4.8/5,India
Shop_62,Shop_62_P0073,Item_73,17628,348,5 days,30 days,Out of Stock,3.9,None,Yes,3.7/5,India
Shop_62,Shop_62_P0074,Item_74,42097,386,6 days,14 days,In Stock,4.3,10% off,No,4.8/5,India
Shop_62,Shop_62_P0075,Item_75,41686,419,1 days,14 days,In Stock,4.0,Free shipping,Yes,4.0/5,India
Shop_62,Shop_62_P0076,Item_76,40229,562,3 days,30 days,Out of Stock,4.1,Free shipping,Yes,4.5/5,India
Shop_62,Shop_62_P0077,Item_77,42413,265,4 days,30 days,In Stock,3.2,10% off,Yes,4.5/5,India
Shop_62,Shop_62_P0078,Item_78,14194,214,4 days,30 days,Out of Stock,4.9,Free shipping,Yes,4.0/5,India
Shop_62,Shop_62_P0079,Item_79,41582,104,5 days,14 days,Out of Stock,3.9,None,No,4.3/5,India
Shop_62,Shop_62_P0080,Item_80,8176,201,5 days,14 days,In Stock,4.6,None,Yes,4.9/5,India
Shop_62,Shop_62_P0081,Item_81,16509,244,5 days,14 days,Out of Stock,4.3,Free shipping,No,4.3/5,India
Shop_62,Shop_62_P0082,Item_82,31996,121,3 days,14 days,Out of Stock,3.6,10% off,No,4.7/5,India
Shop_62,Shop_62_P0083,Item_83,30654,79,5 days,7 days,Out of Stock,4.2,None,No,3.5/5,India
Shop_62,Shop_62_P0084,Item_84,39674,207,7 days,7 days,Out of Stock,3.2,None,Yes,4.3/5,India
Shop_62,Shop_62_P0085,Item_85,16843,228,7 days,30 days,Out of Stock,4.5,None,No,3.3/5,India
Shop_62,Shop_62_P0086,Item_86,17722,340,6 days,30 days,Out of Stock,3.2,Free shipping,No,4.5/5,India
Shop_62,Shop_62_P0087,Item_87,23586,568,5 days,14 days,Out of Stock,4.1,None,Yes,4.9/5,India
Shop_62,Shop_62_P0088,Item_88,32941,385,5 days,7 days,Out of Stock,4.3,None,Yes,3.7/5,India
Shop_62,Shop_62_P0089,Item_89,25356,565,3 days,30 days,In Stock,4.7,Free shipping,Yes,3.2/5,India
Shop_62,Shop_62_P0090,Item_90,22183,293,1 days,7 days,Out of Stock,3.8,10% off,No,4.9/5,India
Shop_62,Shop_62_P0091,Item_91,37885,587,4 days,30 days,In Stock,4.2,None,No,4.2/5,India
Shop_62,Shop_62_P0092,Item_92,5095,122,6 days,14 days,In Stock,4.1,Free shipping,No,3.4/5,India
Shop_62,Shop_62_P0093,Item_93,32474,207,1 days,7 days,Out of Stock,4.2,10% off,No,3.7/5,India
Shop_62,Shop_62_P0094,Item_94,506,128,1 days,7 days,In Stock,3.1,10% off,Yes,4.1/5,India
Shop_62,Shop_62_P0095,Item_95,2016,85,1 days,7 days,In Stock,3.9,10% off,Yes,4.9/5,India
Shop_62,Shop_62_P0096,Item_96,35560,88,7 days,7 days,In Stock,4.1,10% off,No,4.1/5,India
Shop_62,Shop_62_P0097,Item_97,12631,663,5 days,7 days,In Stock,4.5,Free shipping,No,3.8/5,India
Shop_62,Shop_62_P0098,Item_98,40791,376,6 days,14 days,Out of Stock,4.4,None,Yes,3.2/5,India
Shop_62,Shop_62_P0099,Item_99,18842,611,5 days,30 days,In Stock,4.5,None,No,3.7/5,India
Shop_62,Shop_62_P0100,Item_100,11046,364,5 days,7 days,Out of Stock,3.7,Free shipping,No,4.9/5,India
Shop_63,Shop_63_P0001,Item_1,4262,165,4 days,30 days,Out of Stock,3.8,10% off,No,4.9/5,India
Shop_63,Shop_63_P0002,Item_2,797,509,6 days,30 days,In Stock,4.7,Free shipping,No,3.3/5,India
Shop_63,Shop_63_P0003,Item_3,37688,130,3 days,30 days,In Stock,4.2,Free shipping,No,3.6/5,India
Shop_63,Shop_63_P0004,Item_4,28718,358,7 days,7 days,In Stock,4.9,10% off,Yes,3.5/5,India
Shop_63,Shop_63_P0005,Item_5,38943,330,5 days,7 days,Out of Stock,3.0,None,No,4.4/5,India
Shop_63,Shop_63_P0006,Item_6,31753,439,1 days,30 days,Out of Stock,4.4,Free shipping,No,3.6/5,India
Shop_63,Shop_63_P0007,Item_7,48872,238,2 days,14 days,Out of Stock,3.2,Free shipping,Yes,4.7/5,India
Shop_63,Shop_63_P0008,Item_8,40803,23,2 days,30 days,In Stock,3.3,None,No,3.6/5,India
Shop_63,Shop_63_P0009,Item_9,12924,368,7 days,14 days,Out of Stock,4.7,Free shipping,Yes,3.1/5,India
Shop_63,Shop_63_P0010,Item_10,1097,673,1 days,14 days,Out of Stock,4.4,10% off,Yes,3.2/5,India
Shop_63,Shop_63_P0011,Item_11,44640,459,7 days,7 days,In Stock,3.2,Free shipping,No,3.1/5,India
Shop_63,Shop_63_P0012,Item_12,12947,92,5 days,30 days,Out of Stock,4.5,Free shipping,No,4.8/5,India
Shop_63,Shop_63_P0013,Item_13,34667,577,1 days,14 days,Out of Stock,4.2,10% off,Yes,4.6/5,India
Shop_63,Shop_63_P0014,Item_14,47380,418,5 days,30 days,In Stock,3.7,Free shipping,No,3.7/5,India
Shop_63,Shop_63_P0015,Item_15,26941,308,4 days,7 days,Out of Stock,3.7,None,Yes,3.1/5,India
Shop_63,Shop_63_P0016,Item_16,1497,92,4 days,30 days,In Stock,3.2,None,No,3.4/5,India
Shop_63,Shop_63_P0017,Item_17,21957,405,7 days,30 days,Out of Stock,3.3,None,Yes,4.2/5,India
Shop_63,Shop_63_P0018,Item_18,4715,370,6 days,7 days,In Stock,4.7,None,Yes,3.8/5,India
Shop_63,Shop_63_P0019,Item_19,1567,313,4 days,30 days,In Stock,3.8,10% off,No,4.3/5,India
Shop_63,Shop_63_P0020,Item_20,717,231,2 days,30 days,In Stock,3.9,10% off,Yes,4.9/5,India
Shop_63,Shop_63_P0021,Item_21,37578,221,2 days,14 days,Out of Stock,4.7,10% off,No,3.9/5,India
Shop_63,Shop_63_P0022,Item_22,47558,170,3 days,30 days,Out of Stock,4.0,10% off,No,5.0/5,India
Shop_63,Shop_63_P0023,Item_23,26582,687,6 days,30 days,In Stock,3.9,Free shipping,Yes,3.1/5,India
Shop_63,Shop_63_P0024,Item_24,33363,603,1 days,14 days,In Stock,3.3,None,No,3.3/5,India
Shop_63,Shop_63_P0025,Item_25,48728,522,5 days,30 days,Out of Stock,3.4,None,No,4.3/5,India
Shop_63,Shop_63_P0026,Item_26,32670,306,4 days,7 days,Out of Stock,4.7,Free shipping,Yes,3.7/5,India
Shop_63,Shop_63_P0027,Item_27,31985,454,6 days,7 days,In Stock,4.4,Free shipping,Yes,3.5/5,India
Shop_63,Shop_63_P0028,Item_28,48944,130,6 days,7 days,In Stock,3.6,None,No,3.9/5,India
Shop_63,Shop_63_P0029,Item_29,22309,457,4 days,14 days,In Stock,3.5,Free shipping,No,4.4/5,India
Shop_63,Shop_63_P0030,Item_30,15759,282,7 days,14 days,In Stock,3.9,Free shipping,Yes,4.8/5,India
Shop_63,Shop_63_P0031,Item_31,36842,585,3 days,7 days,In Stock,4.1,None,No,3.9/5,India
Shop_63,Shop_63_P0032,Item_32,28492,590,1 days,7 days,In Stock,3.2,10% off,No,4.9/5,India
Shop_63,Shop_63_P0033,Item_33,12331,179,1 days,30 days,In Stock,4.4,10% off,Yes,4.3/5,India
Shop_63,Shop_63_P0034,Item_34,30667,562,6 days,14 days,Out of Stock,4.1,None,No,4.5/5,India
Shop_63,Shop_63_P0035,Item_35,35334,230,3 days,14 days,Out of Stock,4.8,10% off,No,4.4/5,India
Shop_63,Shop_63_P0036,Item_36,20464,76,5 days,30 days,In Stock,4.9,Free shipping,Yes,3.8/5,India
Shop_63,Shop_63_P0037,Item_37,45244,492,1 days,7 days,In Stock,4.9,10% off,Yes,3.1/5,India
Shop_63,Shop_63_P0038,Item_38,34037,145,7 days,7 days,Out of Stock,3.2,None,Yes,4.1/5,India
Shop_63,Shop_63_P0039,Item_39,2173,689,7 days,7 days,In Stock,4.8,10% off,No,3.7/5,India
Shop_63,Shop_63_P0040,Item_40,48732,626,5 days,7 days,In Stock,4.5,None,No,3.5/5,India
Shop_63,Shop_63_P0041,Item_41,6771,216,2 days,14 days,Out of Stock,4.8,None,Yes,3.8/5,India
Shop_63,Shop_63_P0042,Item_42,19764,90,5 days,7 days,In Stock,3.2,10% off,Yes,3.8/5,India
Shop_63,Shop_63_P0043,Item_43,20290,241,7 days,7 days,Out of Stock,3.8,10% off,No,3.7/5,India
Shop_63,Shop_63_P0044,Item_44,38704,459,3 days,30 days,Out of Stock,4.4,Free shipping,Yes,3.4/5,India
Shop_63,Shop_63_P0045,Item_45,27728,561,7 days,7 days,Out of Stock,3.3,Free shipping,Yes,4.3/5,India
Shop_63,Shop_63_P0046,Item_46,34302,147,4 days,30 days,Out of Stock,4.1,Free shipping,Yes,3.4/5,India
Shop_63,Shop_63_P0047,Item_47,39861,438,4 days,30 days,Out of Stock,4.3,10% off,No,3.1/5,India
Shop_63,Shop_63_P0048,Item_48,35996,85,7 days,14 days,In Stock,4.2,10% off,Yes,4.0/5,India
Shop_63,Shop_63_P0049,Item_49,22213,22,1 days,30 days,In Stock,3.4,Free shipping,No,4.3/5,India
Shop_63,Shop_63_P0050,Item_50,6290,285,7 days,7 days,Out of Stock,3.7,Free shipping,Yes,3.4/5,India
Shop_63,Shop_63_P0051,Item_51,26347,371,4 days,30 days,Out of Stock,5.0,None,Yes,4.6/5,India
Shop_63,Shop_63_P0052,Item_52,34758,159,6 days,30 days,Out of Stock,3.5,Free shipping,No,3.6/5,India
Shop_63,Shop_63_P0053,Item_53,46903,157,1 days,7 days,Out of Stock,4.6,10% off,No,4.6/5,India
Shop_63,Shop_63_P0054,Item_54,24166,394,6 days,30 days,In Stock,4.2,Free shipping,No,3.9/5,India
Shop_63,Shop_63_P0055,Item_55,38280,594,7 days,7 days,Out of Stock,4.7,Free shipping,Yes,4.1/5,India
Shop_63,Shop_63_P0056,Item_56,38435,67,1 days,7 days,In Stock,3.5,None,No,4.3/5,India
Shop_63,Shop_63_P0057,Item_57,27601,455,3 days,14 days,In Stock,4.1,Free shipping,Yes,4.5/5,India
Shop_63,Shop_63_P0058,Item_58,25334,536,2 days,14 days,In Stock,4.4,10% off,No,4.9/5,India
Shop_63,Shop_63_P0059,Item_59,49776,221,2 days,30 days,In Stock,3.1,None,No,4.9/5,India
Shop_63,Shop_63_P0060,Item_60,14177,532,2 days,30 days,Out of Stock,3.3,10% off,No,4.7/5,India
Shop_63,Shop_63_P0061,Item_61,24378,344,4 days,7 days,In Stock,3.5,Free shipping,No,3.5/5,India
Shop_63,Shop_63_P0062,Item_62,44640,472,6 days,30 days,Out of Stock,4.8,10% off,No,3.3/5,India
Shop_63,Shop_63_P0063,Item_63,3587,114,5 days,30 days,Out of Stock,4.3,None,Yes,3.1/5,India
Shop_63,Shop_63_P0064,Item_64,27682,549,5 days,7 days,Out of Stock,3.5,Free shipping,Yes,4.5/5,India
Shop_63,Shop_63_P0065,Item_65,23008,328,5 days,30 days,Out of Stock,4.7,Free shipping,Yes,3.6/5,India
Shop_63,Shop_63_P0066,Item_66,29570,82,5 days,30 days,In Stock,4.3,10% off,No,3.4/5,India
Shop_63,Shop_63_P0067,Item_67,47547,245,2 days,14 days,In Stock,4.0,None,No,3.4/5,India
Shop_63,Shop_63_P0068,Item_68,26163,24,1 days,14 days,Out of Stock,3.1,Free shipping,No,3.7/5,India
Shop_63,Shop_63_P0069,Item_69,21482,646,2 days,30 days,Out of Stock,4.3,Free shipping,Yes,4.4/5,India
Shop_63,Shop_63_P0070,Item_70,30859,352,4 days,14 days,In Stock,4.2,Free shipping,No,3.9/5,India
Shop_63,Shop_63_P0071,Item_71,33501,203,1 days,30 days,In Stock,4.6,Free shipping,No,3.2/5,India
Shop_63,Shop_63_P0072,Item_72,12943,28,3 days,14 days,In Stock,4.9,10% off,Yes,4.4/5,India
Shop_63,Shop_63_P0073,Item_73,41678,400,5 days,30 days,Out of Stock,3.4,None,Yes,4.7/5,India
Shop_63,Shop_63_P0074,Item_74,35034,334,6 days,7 days,In Stock,4.8,Free shipping,Yes,3.2/5,India
Shop_63,Shop_63_P0075,Item_75,18845,311,7 days,14 days,Out of Stock,4.2,10% off,Yes,4.1/5,India
Shop_63,Shop_63_P0076,Item_76,14503,425,5 days,30 days,In Stock,3.2,10% off,Yes,4.5/5,India
Shop_63,Shop_63_P0077,Item_77,48100,250,6 days,7 days,In Stock,4.0,10% off,Yes,3.0/5,India
Shop_63,Shop_63_P0078,Item_78,30802,569,3 days,14 days,Out of Stock,4.7,Free shipping,Yes,3.3/5,India
Shop_63,Shop_63_P0079,Item_79,46048,411,7 days,7 days,Out of Stock,4.4,Free shipping,Yes,3.7/5,India
Shop_63,Shop_63_P0080,Item_80,49196,681,1 days,7 days,In Stock,3.1,10% off,Yes,4.1/5,India
Shop_63,Shop_63_P0081,Item_81,27005,602,4 days,7 days,Out of Stock,4.3,10% off,No,3.6/5,India
Shop_63,Shop_63_P0082,Item_82,37842,412,2 days,30 days,Out of Stock,3.8,10% off,Yes,3.6/5,India
Shop_63,Shop_63_P0083,Item_83,48640,577,1 days,7 days,In Stock,3.9,10% off,Yes,4.4/5,India
Shop_63,Shop_63_P0084,Item_84,8275,427,6 days,7 days,Out of Stock,4.9,Free shipping,No,4.6/5,India
Shop_63,Shop_63_P0085,Item_85,39362,559,3 days,7 days,In Stock,3.9,Free shipping,Yes,4.3/5,India
Shop_63,Shop_63_P0086,Item_86,28746,651,7 days,30 days,Out of Stock,4.0,10% off,No,3.2/5,India
Shop_63,Shop_63_P0087,Item_87,7509,263,5 days,7 days,Out of Stock,3.4,Free shipping,Yes,3.2/5,India
Shop_63,Shop_63_P0088,Item_88,39460,75,7 days,7 days,Out of Stock,4.0,10% off,Yes,3.2/5,India
Shop_63,Shop_63_P0089,Item_89,26188,301,2 days,7 days,In Stock,4.8,None,Yes,4.3/5,India
Shop_63,Shop_63_P0090,Item_90,40559,407,1 days,30 days,In Stock,4.2,Free shipping,No,4.9/5,India
Shop_63,Shop_63_P0091,Item_91,26306,331,7 days,14 days,In Stock,3.6,Free shipping,Yes,3.9/5,India
Shop_63,Shop_63_P0092,Item_92,17664,629,5 days,30 days,Out of Stock,4.1,Free shipping,No,4.0/5,India
Shop_63,Shop_63_P0093,Item_93,12749,501,1 days,30 days,Out of Stock,4.9,None,Yes,3.8/5,India
Shop_63,Shop_63_P0094,Item_94,22434,437,3 days,7 days,In Stock,3.9,None,No,4.9/5,India
Shop_63,Shop_63_P0095,Item_95,25187,159,4 days,7 days,In Stock,4.0,None,No,4.9/5,India
Shop_63,Shop_63_P0096,Item_96,19059,410,5 days,7 days,In Stock,3.9,10% off,No,4.9/5,India
Shop_63,Shop_63_P0097,Item_97,10981,368,5 days,14 days,Out of Stock,3.8,10% off,No,3.6/5,India
Shop_63,Shop_63_P0098,Item_98,18918,336,3 days,7 days,Out of Stock,3.2,Free shipping,Yes,4.4/5,India
Shop_63,Shop_63_P0099,Item_99,7554,481,7 days,7 days,In Stock,3.6,None,No,4.5/5,India
Shop_63,Shop_63_P0100,Item_100,12170,431,5 days,7 days,Out of Stock,4.7,10% off,No,3.3/5,India
Shop_64,Shop_64_P0001,Item_1,36146,437,7 days,30 days,Out of Stock,3.0,Free shipping,Yes,4.8/5,India
Shop_64,Shop_64_P0002,Item_2,28422,528,1 days,14 days,Out of Stock,3.0,None,Yes,4.4/5,India
Shop_64,Shop_64_P0003,Item_3,24517,134,3 days,7 days,In Stock,4.5,None,No,4.2/5,India
Shop_64,Shop_64_P0004,Item_4,10675,496,7 days,7 days,Out of Stock,3.6,Free shipping,No,4.6/5,India
Shop_64,Shop_64_P0005,Item_5,24332,224,5 days,30 days,Out of Stock,4.0,Free shipping,Yes,4.4/5,India
Shop_64,Shop_64_P0006,Item_6,46611,535,7 days,7 days,In Stock,4.5,None,No,5.0/5,India
Shop_64,Shop_64_P0007,Item_7,23818,608,7 days,7 days,Out of Stock,3.1,10% off,No,3.5/5,India
Shop_64,Shop_64_P0008,Item_8,47323,613,3 days,14 days,Out of Stock,4.0,10% off,Yes,4.8/5,India
Shop_64,Shop_64_P0009,Item_9,5557,699,6 days,7 days,Out of Stock,3.0,None,No,3.1/5,India
Shop_64,Shop_64_P0010,Item_10,21149,20,6 days,30 days,Out of Stock,4.2,10% off,Yes,4.3/5,India
Shop_64,Shop_64_P0011,Item_11,33438,275,2 days,14 days,In Stock,3.5,10% off,No,3.8/5,India
Shop_64,Shop_64_P0012,Item_12,3677,462,7 days,30 days,Out of Stock,3.3,Free shipping,No,4.3/5,India
Shop_64,Shop_64_P0013,Item_13,1584,615,3 days,30 days,Out of Stock,4.0,10% off,Yes,4.0/5,India
Shop_64,Shop_64_P0014,Item_14,43454,101,6 days,30 days,In Stock,4.8,Free shipping,No,4.0/5,India
Shop_64,Shop_64_P0015,Item_15,18857,153,2 days,14 days,Out of Stock,3.9,Free shipping,No,4.3/5,India
Shop_64,Shop_64_P0016,Item_16,34598,568,1 days,14 days,In Stock,3.5,None,No,3.5/5,India
Shop_64,Shop_64_P0017,Item_17,24458,360,5 days,14 days,Out of Stock,4.1,Free shipping,No,3.1/5,India
Shop_64,Shop_64_P0018,Item_18,36133,424,6 days,7 days,In Stock,4.3,Free shipping,No,3.6/5,India
Shop_64,Shop_64_P0019,Item_19,16009,482,6 days,30 days,Out of Stock,4.8,None,No,3.3/5,India
Shop_64,Shop_64_P0020,Item_20,13125,203,1 days,14 days,Out of Stock,3.5,None,No,4.4/5,India
Shop_64,Shop_64_P0021,Item_21,5137,387,1 days,30 days,In Stock,3.0,10% off,No,3.6/5,India
Shop_64,Shop_64_P0022,Item_22,48742,527,7 days,30 days,In Stock,5.0,None,No,3.4/5,India
Shop_64,Shop_64_P0023,Item_23,26891,58,1 days,30 days,In Stock,4.0,Free shipping,No,4.8/5,India
Shop_64,Shop_64_P0024,Item_24,3509,62,3 days,30 days,Out of Stock,3.6,Free shipping,No,3.4/5,India
Shop_64,Shop_64_P0025,Item_25,46015,241,5 days,30 days,In Stock,4.4,None,No,4.2/5,India
Shop_64,Shop_64_P0026,Item_26,49334,266,7 days,30 days,Out of Stock,4.2,10% off,Yes,4.9/5,India
Shop_64,Shop_64_P0027,Item_27,29373,685,1 days,30 days,Out of Stock,4.9,10% off,No,4.9/5,India
Shop_64,Shop_64_P0028,Item_28,8522,154,1 days,7 days,In Stock,3.9,10% off,No,3.8/5,India
Shop_64,Shop_64_P0029,Item_29,22269,553,1 days,30 days,In Stock,3.0,10% off,No,3.6/5,India
Shop_64,Shop_64_P0030,Item_30,20764,353,4 days,30 days,In Stock,3.9,None,Yes,3.3/5,India
Shop_64,Shop_64_P0031,Item_31,8256,358,1 days,14 days,Out of Stock,5.0,None,No,4.5/5,India
Shop_64,Shop_64_P0032,Item_32,47990,457,5 days,30 days,In Stock,4.9,Free shipping,Yes,4.3/5,India
Shop_64,Shop_64_P0033,Item_33,15478,38,7 days,14 days,Out of Stock,3.2,None,No,4.7/5,India
Shop_64,Shop_64_P0034,Item_34,25476,618,1 days,7 days,In Stock,4.2,10% off,No,3.7/5,India
Shop_64,Shop_64_P0035,Item_35,32568,450,6 days,30 days,Out of Stock,4.7,Free shipping,No,4.1/5,India
Shop_64,Shop_64_P0036,Item_36,6040,341,3 days,14 days,Out of Stock,3.3,Free shipping,No,3.7/5,India
Shop_64,Shop_64_P0037,Item_37,12529,686,1 days,7 days,Out of Stock,4.2,None,No,3.5/5,India
Shop_64,Shop_64_P0038,Item_38,3502,156,1 days,7 days,Out of Stock,3.1,10% off,Yes,4.2/5,India
Shop_64,Shop_64_P0039,Item_39,27695,412,7 days,30 days,In Stock,3.7,10% off,No,3.4/5,India
Shop_64,Shop_64_P0040,Item_40,7033,300,6 days,14 days,In Stock,3.2,Free shipping,No,3.8/5,India
Shop_64,Shop_64_P0041,Item_41,28454,221,2 days,14 days,Out of Stock,3.2,None,No,3.2/5,India
Shop_64,Shop_64_P0042,Item_42,16567,354,2 days,7 days,Out of Stock,3.9,None,Yes,4.4/5,India
Shop_64,Shop_64_P0043,Item_43,21388,68,2 days,14 days,In Stock,3.5,Free shipping,No,4.1/5,India
Shop_64,Shop_64_P0044,Item_44,30703,619,2 days,30 days,Out of Stock,4.0,10% off,Yes,4.7/5,India
Shop_64,Shop_64_P0045,Item_45,39775,600,2 days,7 days,Out of Stock,4.7,None,Yes,4.2/5,India
Shop_64,Shop_64_P0046,Item_46,16873,389,3 days,14 days,Out of Stock,4.8,10% off,No,3.1/5,India
Shop_64,Shop_64_P0047,Item_47,4631,228,7 days,7 days,In Stock,3.5,Free shipping,Yes,3.1/5,India
Shop_64,Shop_64_P0048,Item_48,34058,210,3 days,30 days,In Stock,3.5,Free shipping,Yes,3.3/5,India
Shop_64,Shop_64_P0049,Item_49,49496,238,5 days,7 days,In Stock,4.8,10% off,No,4.6/5,India
Shop_64,Shop_64_P0050,Item_50,49174,650,1 days,30 days,Out of Stock,3.8,10% off,No,4.2/5,India
Shop_64,Shop_64_P0051,Item_51,46443,587,5 days,14 days,In Stock,3.7,None,Yes,4.2/5,India
Shop_64,Shop_64_P0052,Item_52,29227,395,3 days,30 days,In Stock,4.9,None,Yes,4.6/5,India
Shop_64,Shop_64_P0053,Item_53,46909,686,7 days,7 days,Out of Stock,3.7,10% off,Yes,4.4/5,India
Shop_64,Shop_64_P0054,Item_54,1522,673,3 days,14 days,In Stock,4.5,10% off,Yes,3.3/5,India
Shop_64,Shop_64_P0055,Item_55,32180,260,5 days,30 days,In Stock,4.6,None,No,4.8/5,India
Shop_64,Shop_64_P0056,Item_56,45103,338,4 days,14 days,In Stock,3.1,None,Yes,3.7/5,India
Shop_64,Shop_64_P0057,Item_57,20730,544,1 days,7 days,In Stock,3.7,10% off,No,4.3/5,India
Shop_64,Shop_64_P0058,Item_58,34678,691,6 days,7 days,Out of Stock,4.9,10% off,No,4.6/5,India
Shop_64,Shop_64_P0059,Item_59,18451,301,5 days,14 days,In Stock,3.8,None,Yes,3.6/5,India
Shop_64,Shop_64_P0060,Item_60,44939,443,3 days,30 days,In Stock,4.7,10% off,Yes,4.1/5,India
Shop_64,Shop_64_P0061,Item_61,15208,566,4 days,7 days,Out of Stock,4.1,10% off,Yes,4.6/5,India
Shop_64,Shop_64_P0062,Item_62,31446,53,1 days,14 days,In Stock,3.5,10% off,No,4.1/5,India
Shop_64,Shop_64_P0063,Item_63,41911,133,4 days,7 days,Out of Stock,3.3,None,No,3.2/5,India
Shop_64,Shop_64_P0064,Item_64,4343,111,1 days,30 days,Out of Stock,3.1,10% off,No,3.2/5,India
Shop_64,Shop_64_P0065,Item_65,3587,598,7 days,7 days,Out of Stock,4.9,None,No,3.6/5,India
Shop_64,Shop_64_P0066,Item_66,13059,426,2 days,14 days,Out of Stock,4.9,None,No,3.4/5,India
Shop_64,Shop_64_P0067,Item_67,33507,586,4 days,30 days,In Stock,5.0,None,Yes,4.8/5,India
Shop_64,Shop_64_P0068,Item_68,40828,470,7 days,30 days,Out of Stock,4.2,Free shipping,No,3.1/5,India
Shop_64,Shop_64_P0069,Item_69,31812,563,7 days,7 days,Out of Stock,3.2,Free shipping,No,3.5/5,India
Shop_64,Shop_64_P0070,Item_70,13941,112,4 days,30 days,Out of Stock,3.9,10% off,No,3.2/5,India
Shop_64,Shop_64_P0071,Item_71,25412,425,2 days,14 days,In Stock,4.7,10% off,Yes,4.7/5,India
Shop_64,Shop_64_P0072,Item_72,38417,296,3 days,14 days,Out of Stock,4.7,None,Yes,4.0/5,India
Shop_64,Shop_64_P0073,Item_73,29614,189,3 days,14 days,Out of Stock,3.6,10% off,Yes,5.0/5,India
Shop_64,Shop_64_P0074,Item_74,15245,358,4 days,30 days,In Stock,4.2,Free shipping,No,3.9/5,India
Shop_64,Shop_64_P0075,Item_75,17010,620,3 days,30 days,In Stock,3.7,None,Yes,3.8/5,India
Shop_64,Shop_64_P0076,Item_76,19748,131,6 days,30 days,In Stock,4.0,None,No,3.4/5,India
Shop_64,Shop_64_P0077,Item_77,4677,257,6 days,7 days,Out of Stock,4.1,Free shipping,Yes,4.2/5,India
Shop_64,Shop_64_P0078,Item_78,38434,143,2 days,30 days,Out of Stock,3.8,None,Yes,4.4/5,India
Shop_64,Shop_64_P0079,Item_79,48051,185,5 days,14 days,Out of Stock,5.0,10% off,No,3.6/5,India
Shop_64,Shop_64_P0080,Item_80,41854,397,4 days,7 days,In Stock,3.5,Free shipping,No,4.7/5,India
Shop_64,Shop_64_P0081,Item_81,48391,94,6 days,30 days,Out of Stock,3.9,10% off,Yes,3.9/5,India
Shop_64,Shop_64_P0082,Item_82,45508,571,3 days,14 days,In Stock,4.5,10% off,No,3.9/5,India
Shop_64,Shop_64_P0083,Item_83,17914,84,7 days,7 days,Out of Stock,4.8,None,No,3.7/5,India
Shop_64,Shop_64_P0084,Item_84,31521,655,6 days,7 days,Out of Stock,3.3,Free shipping,No,4.5/5,India
Shop_64,Shop_64_P0085,Item_85,32726,117,5 days,7 days,In Stock,4.8,10% off,Yes,4.0/5,India
Shop_64,Shop_64_P0086,Item_86,37406,53,1 days,7 days,Out of Stock,5.0,None,No,3.7/5,India
Shop_64,Shop_64_P0087,Item_87,16644,139,6 days,14 days,Out of Stock,4.2,None,No,3.1/5,India
Shop_64,Shop_64_P0088,Item_88,27809,527,5 days,30 days,Out of Stock,3.3,Free shipping,No,3.9/5,India
Shop_64,Shop_64_P0089,Item_89,32017,668,1 days,30 days,In Stock,3.1,10% off,Yes,4.3/5,India
Shop_64,Shop_64_P0090,Item_90,48932,175,4 days,14 days,Out of Stock,4.7,None,No,3.4/5,India
Shop_64,Shop_64_P0091,Item_91,31674,61,3 days,30 days,In Stock,4.7,10% off,Yes,4.7/5,India
Shop_64,Shop_64_P0092,Item_92,8858,418,1 days,7 days,In Stock,3.7,Free shipping,No,3.5/5,India
Shop_64,Shop_64_P0093,Item_93,3105,542,7 days,7 days,Out of Stock,3.9,Free shipping,Yes,3.7/5,India
Shop_64,Shop_64_P0094,Item_94,7055,518,3 days,14 days,In Stock,3.8,None,Yes,3.1/5,India
Shop_64,Shop_64_P0095,Item_95,33017,321,6 days,30 days,Out of Stock,3.2,10% off,Yes,3.9/5,India
Shop_64,Shop_64_P0096,Item_96,41332,221,4 days,30 days,Out of Stock,3.7,Free shipping,Yes,4.9/5,India
Shop_64,Shop_64_P0097,Item_97,18339,621,3 days,7 days,Out of Stock,4.3,10% off,Yes,4.4/5,India
Shop_64,Shop_64_P0098,Item_98,29031,254,7 days,30 days,In Stock,4.3,10% off,Yes,4.7/5,India
Shop_64,Shop_64_P0099,Item_99,47636,209,5 days,30 days,In Stock,3.5,Free shipping,Yes,3.9/5,India
Shop_64,Shop_64_P0100,Item_100,26231,136,5 days,7 days,Out of Stock,4.3,10% off,No,4.6/5,India
Shop_65,Shop_65_P0001,Item_1,33227,440,3 days,30 days,In Stock,4.7,10% off,No,4.7/5,India
Shop_65,Shop_65_P0002,Item_2,34162,159,7 days,30 days,In Stock,3.9,None,No,3.7/5,India
Shop_65,Shop_65_P0003,Item_3,37999,426,5 days,14 days,Out of Stock,3.9,None,No,4.3/5,India
Shop_65,Shop_65_P0004,Item_4,27458,393,7 days,7 days,Out of Stock,4.0,None,No,4.1/5,India
Shop_65,Shop_65_P0005,Item_5,28945,521,2 days,30 days,Out of Stock,4.0,10% off,Yes,4.2/5,India
Shop_65,Shop_65_P0006,Item_6,8755,405,6 days,7 days,Out of Stock,4.9,10% off,Yes,4.2/5,India
Shop_65,Shop_65_P0007,Item_7,5334,412,2 days,30 days,Out of Stock,4.0,10% off,No,4.8/5,India
Shop_65,Shop_65_P0008,Item_8,32359,311,6 days,7 days,Out of Stock,4.4,Free shipping,No,4.2/5,India
Shop_65,Shop_65_P0009,Item_9,23092,73,6 days,30 days,Out of Stock,4.4,Free shipping,Yes,3.6/5,India
Shop_65,Shop_65_P0010,Item_10,45385,307,1 days,7 days,In Stock,3.8,Free shipping,Yes,4.3/5,India
Shop_65,Shop_65_P0011,Item_11,5230,698,5 days,30 days,Out of Stock,4.1,10% off,Yes,3.7/5,India
Shop_65,Shop_65_P0012,Item_12,48803,533,5 days,7 days,In Stock,3.6,10% off,Yes,3.5/5,India
Shop_65,Shop_65_P0013,Item_13,32592,227,4 days,14 days,In Stock,4.9,None,No,3.3/5,India
Shop_65,Shop_65_P0014,Item_14,13804,583,4 days,7 days,Out of Stock,4.9,Free shipping,No,4.0/5,India
Shop_65,Shop_65_P0015,Item_15,31489,202,3 days,7 days,Out of Stock,3.0,None,No,4.2/5,India
Shop_65,Shop_65_P0016,Item_16,26424,603,4 days,30 days,Out of Stock,3.4,Free shipping,Yes,4.4/5,India
Shop_65,Shop_65_P0017,Item_17,41171,510,7 days,7 days,In Stock,3.3,Free shipping,No,3.6/5,India
Shop_65,Shop_65_P0018,Item_18,2399,628,4 days,30 days,Out of Stock,3.9,None,Yes,4.1/5,India
Shop_65,Shop_65_P0019,Item_19,10854,131,4 days,7 days,Out of Stock,4.0,Free shipping,Yes,4.2/5,India
Shop_65,Shop_65_P0020,Item_20,24388,356,7 days,14 days,Out of Stock,3.8,10% off,No,3.2/5,India
Shop_65,Shop_65_P0021,Item_21,18634,552,5 days,30 days,Out of Stock,4.6,Free shipping,No,4.8/5,India
Shop_65,Shop_65_P0022,Item_22,42615,271,6 days,14 days,Out of Stock,4.5,10% off,Yes,3.0/5,India
Shop_65,Shop_65_P0023,Item_23,15073,154,7 days,7 days,In Stock,3.2,10% off,Yes,4.5/5,India
Shop_65,Shop_65_P0024,Item_24,24687,626,3 days,30 days,Out of Stock,3.6,None,Yes,3.4/5,India
Shop_65,Shop_65_P0025,Item_25,9073,520,6 days,7 days,In Stock,4.0,Free shipping,No,4.6/5,India
Shop_65,Shop_65_P0026,Item_26,11411,104,3 days,30 days,Out of Stock,3.5,Free shipping,Yes,4.8/5,India
Shop_65,Shop_65_P0027,Item_27,48370,694,3 days,7 days,In Stock,4.8,10% off,Yes,3.7/5,India
Shop_65,Shop_65_P0028,Item_28,27481,605,3 days,7 days,Out of Stock,3.4,None,No,4.8/5,India
Shop_65,Shop_65_P0029,Item_29,44632,351,5 days,30 days,Out of Stock,3.3,None,Yes,3.4/5,India
Shop_65,Shop_65_P0030,Item_30,15132,617,4 days,14 days,Out of Stock,4.7,Free shipping,Yes,4.8/5,India
Shop_65,Shop_65_P0031,Item_31,7357,294,7 days,7 days,Out of Stock,3.1,10% off,No,3.7/5,India
Shop_65,Shop_65_P0032,Item_32,43755,561,3 days,30 days,In Stock,3.4,Free shipping,Yes,4.1/5,India
Shop_65,Shop_65_P0033,Item_33,14837,660,2 days,14 days,Out of Stock,3.2,Free shipping,Yes,4.1/5,India
Shop_65,Shop_65_P0034,Item_34,31400,646,2 days,30 days,In Stock,4.4,None,No,3.3/5,India
Shop_65,Shop_65_P0035,Item_35,48486,77,7 days,14 days,In Stock,3.7,10% off,No,4.8/5,India
Shop_65,Shop_65_P0036,Item_36,28747,629,1 days,7 days,In Stock,3.1,None,No,4.2/5,India
Shop_65,Shop_65_P0037,Item_37,26853,44,6 days,14 days,Out of Stock,3.3,Free shipping,Yes,3.5/5,India
Shop_65,Shop_65_P0038,Item_38,36591,549,3 days,30 days,Out of Stock,4.9,None,No,4.0/5,India
Shop_65,Shop_65_P0039,Item_39,4973,460,4 days,7 days,In Stock,3.9,Free shipping,No,4.7/5,India
Shop_65,Shop_65_P0040,Item_40,32896,223,3 days,14 days,Out of Stock,4.2,Free shipping,Yes,4.1/5,India
Shop_65,Shop_65_P0041,Item_41,16918,444,3 days,14 days,Out of Stock,3.9,10% off,Yes,3.7/5,India
Shop_65,Shop_65_P0042,Item_42,25323,332,7 days,30 days,Out of Stock,4.1,Free shipping,Yes,4.6/5,India
Shop_65,Shop_65_P0043,Item_43,47243,129,3 days,14 days,Out of Stock,3.9,Free shipping,Yes,3.9/5,India
Shop_65,Shop_65_P0044,Item_44,25932,522,6 days,14 days,Out of Stock,3.8,None,Yes,4.9/5,India
Shop_65,Shop_65_P0045,Item_45,25968,604,7 days,14 days,In Stock,4.9,Free shipping,Yes,3.5/5,India
Shop_65,Shop_65_P0046,Item_46,30694,298,4 days,30 days,Out of Stock,3.6,10% off,No,4.1/5,India
Shop_65,Shop_65_P0047,Item_47,2526,648,3 days,30 days,Out of Stock,4.5,Free shipping,Yes,4.6/5,India
Shop_65,Shop_65_P0048,Item_48,20893,320,4 days,30 days,In Stock,4.7,None,No,4.2/5,India
Shop_65,Shop_65_P0049,Item_49,9612,611,1 days,14 days,In Stock,4.5,10% off,Yes,3.4/5,India
Shop_65,Shop_65_P0050,Item_50,47588,47,5 days,30 days,In Stock,4.5,None,No,4.7/5,India
Shop_65,Shop_65_P0051,Item_51,7937,329,4 days,14 days,In Stock,4.7,Free shipping,Yes,4.5/5,India
Shop_65,Shop_65_P0052,Item_52,40423,72,6 days,14 days,In Stock,4.1,10% off,No,3.3/5,India
Shop_65,Shop_65_P0053,Item_53,31386,348,2 days,30 days,In Stock,4.9,10% off,Yes,4.4/5,India
Shop_65,Shop_65_P0054,Item_54,42593,43,3 days,14 days,In Stock,5.0,10% off,Yes,3.0/5,India
Shop_65,Shop_65_P0055,Item_55,6560,511,2 days,7 days,In Stock,4.9,None,No,3.3/5,India
Shop_65,Shop_65_P0056,Item_56,34175,53,5 days,30 days,Out of Stock,3.2,10% off,No,3.2/5,India
Shop_65,Shop_65_P0057,Item_57,5579,532,7 days,30 days,Out of Stock,3.8,Free shipping,No,3.2/5,India
Shop_65,Shop_65_P0058,Item_58,27049,680,7 days,30 days,In Stock,3.6,10% off,Yes,4.6/5,India
Shop_65,Shop_65_P0059,Item_59,14972,244,4 days,30 days,Out of Stock,4.6,Free shipping,No,3.3/5,India
Shop_65,Shop_65_P0060,Item_60,32197,270,5 days,14 days,Out of Stock,4.3,None,No,3.4/5,India
Shop_65,Shop_65_P0061,Item_61,28019,599,3 days,14 days,Out of Stock,4.3,10% off,No,5.0/5,India
Shop_65,Shop_65_P0062,Item_62,1134,118,5 days,14 days,In Stock,4.9,None,No,4.7/5,India
Shop_65,Shop_65_P0063,Item_63,27902,459,3 days,14 days,In Stock,4.5,10% off,Yes,4.0/5,India
Shop_65,Shop_65_P0064,Item_64,12915,154,7 days,7 days,In Stock,4.4,None,No,5.0/5,India
Shop_65,Shop_65_P0065,Item_65,31634,679,6 days,30 days,Out of Stock,3.4,None,No,3.1/5,India
Shop_65,Shop_65_P0066,Item_66,7707,260,2 days,14 days,Out of Stock,3.5,10% off,Yes,4.4/5,India
Shop_65,Shop_65_P0067,Item_67,1122,79,2 days,14 days,In Stock,4.5,10% off,Yes,4.2/5,India
Shop_65,Shop_65_P0068,Item_68,13359,351,3 days,30 days,In Stock,3.6,10% off,No,3.3/5,India
Shop_65,Shop_65_P0069,Item_69,9090,426,1 days,14 days,In Stock,4.4,10% off,No,5.0/5,India
Shop_65,Shop_65_P0070,Item_70,12508,496,6 days,7 days,In Stock,4.1,Free shipping,Yes,4.9/5,India
Shop_65,Shop_65_P0071,Item_71,42956,695,2 days,30 days,Out of Stock,4.8,10% off,No,3.6/5,India
Shop_65,Shop_65_P0072,Item_72,6636,384,2 days,30 days,Out of Stock,4.4,None,Yes,3.6/5,India
Shop_65,Shop_65_P0073,Item_73,23664,299,1 days,30 days,Out of Stock,3.2,None,No,3.5/5,India
Shop_65,Shop_65_P0074,Item_74,49984,133,7 days,14 days,Out of Stock,3.6,None,Yes,3.6/5,India
Shop_65,Shop_65_P0075,Item_75,42878,27,5 days,14 days,Out of Stock,3.7,10% off,No,3.6/5,India
Shop_65,Shop_65_P0076,Item_76,29854,596,2 days,30 days,Out of Stock,4.4,10% off,No,4.7/5,India
Shop_65,Shop_65_P0077,Item_77,15211,257,1 days,7 days,Out of Stock,4.8,10% off,Yes,3.7/5,India
Shop_65,Shop_65_P0078,Item_78,3282,685,6 days,30 days,Out of Stock,3.7,10% off,Yes,4.8/5,India
Shop_65,Shop_65_P0079,Item_79,16261,94,3 days,30 days,Out of Stock,4.8,None,No,4.2/5,India
Shop_65,Shop_65_P0080,Item_80,8736,453,4 days,7 days,In Stock,3.2,Free shipping,No,4.1/5,India
Shop_65,Shop_65_P0081,Item_81,45634,186,4 days,7 days,In Stock,4.8,10% off,Yes,4.2/5,India
Shop_65,Shop_65_P0082,Item_82,24907,452,6 days,14 days,Out of Stock,4.0,None,Yes,4.3/5,India
Shop_65,Shop_65_P0083,Item_83,37468,395,2 days,7 days,Out of Stock,3.3,10% off,Yes,3.6/5,India
Shop_65,Shop_65_P0084,Item_84,2654,186,4 days,14 days,Out of Stock,4.8,10% off,Yes,3.2/5,India
Shop_65,Shop_65_P0085,Item_85,24273,682,5 days,14 days,Out of Stock,4.3,10% off,No,3.1/5,India
Shop_65,Shop_65_P0086,Item_86,1721,303,7 days,14 days,Out of Stock,4.3,Free shipping,Yes,4.3/5,India
Shop_65,Shop_65_P0087,Item_87,10253,99,3 days,14 days,In Stock,4.0,None,Yes,4.9/5,India
Shop_65,Shop_65_P0088,Item_88,10097,195,4 days,14 days,Out of Stock,3.9,Free shipping,No,4.7/5,India
Shop_65,Shop_65_P0089,Item_89,48006,539,1 days,30 days,In Stock,4.3,10% off,No,4.4/5,India
Shop_65,Shop_65_P0090,Item_90,4723,491,2 days,14 days,In Stock,3.9,None,No,4.7/5,India
Shop_65,Shop_65_P0091,Item_91,35153,191,3 days,30 days,In Stock,3.2,None,Yes,3.2/5,India
Shop_65,Shop_65_P0092,Item_92,49020,329,1 days,7 days,Out of Stock,4.3,None,Yes,4.7/5,India
Shop_65,Shop_65_P0093,Item_93,45908,245,1 days,30 days,Out of Stock,3.5,Free shipping,Yes,3.5/5,India
Shop_65,Shop_65_P0094,Item_94,1669,227,2 days,14 days,In Stock,3.7,10% off,No,3.3/5,India
Shop_65,Shop_65_P0095,Item_95,38711,384,3 days,7 days,In Stock,4.4,None,Yes,3.8/5,India
Shop_65,Shop_65_P0096,Item_96,30731,449,3 days,30 days,In Stock,4.6,10% off,Yes,3.3/5,India
Shop_65,Shop_65_P0097,Item_97,36324,602,7 days,30 days,Out of Stock,3.4,None,Yes,3.3/5,India
Shop_65,Shop_65_P0098,Item_98,26586,381,5 days,14 days,In Stock,4.3,Free shipping,Yes,3.5/5,India
Shop_65,Shop_65_P0099,Item_99,22193,113,5 days,30 days,In Stock,3.3,None,Yes,4.4/5,India
Shop_65,Shop_65_P0100,Item_100,46858,321,4 days,14 days,In Stock,4.4,10% off,Yes,4.3/5,India
Shop_66,Shop_66_P0001,Item_1,6112,28,4 days,30 days,In Stock,3.6,None,Yes,3.2/5,India
Shop_66,Shop_66_P0002,Item_2,10836,408,3 days,14 days,Out of Stock,3.4,Free shipping,No,4.7/5,India
Shop_66,Shop_66_P0003,Item_3,48016,515,6 days,30 days,In Stock,4.3,Free shipping,Yes,4.7/5,India
Shop_66,Shop_66_P0004,Item_4,13573,370,6 days,14 days,Out of Stock,3.9,None,No,3.9/5,India
Shop_66,Shop_66_P0005,Item_5,22358,67,1 days,14 days,In Stock,4.4,Free shipping,Yes,3.3/5,India
Shop_66,Shop_66_P0006,Item_6,40068,423,1 days,30 days,Out of Stock,4.2,Free shipping,No,4.9/5,India
Shop_66,Shop_66_P0007,Item_7,21504,255,2 days,7 days,Out of Stock,3.8,10% off,No,3.9/5,India
Shop_66,Shop_66_P0008,Item_8,19242,240,1 days,7 days,Out of Stock,4.9,None,No,4.7/5,India
Shop_66,Shop_66_P0009,Item_9,36458,699,3 days,7 days,Out of Stock,3.6,Free shipping,No,3.2/5,India
Shop_66,Shop_66_P0010,Item_10,29533,579,5 days,30 days,In Stock,3.1,10% off,No,4.8/5,India
Shop_66,Shop_66_P0011,Item_11,23073,495,3 days,7 days,In Stock,4.6,10% off,No,4.8/5,India
Shop_66,Shop_66_P0012,Item_12,18260,290,6 days,30 days,In Stock,3.8,Free shipping,Yes,3.1/5,India
Shop_66,Shop_66_P0013,Item_13,43759,235,4 days,30 days,In Stock,4.5,10% off,Yes,3.0/5,India
Shop_66,Shop_66_P0014,Item_14,42403,166,2 days,30 days,Out of Stock,3.7,10% off,Yes,3.5/5,India
Shop_66,Shop_66_P0015,Item_15,48949,40,2 days,14 days,In Stock,3.2,None,Yes,4.5/5,India
Shop_66,Shop_66_P0016,Item_16,45550,275,1 days,7 days,In Stock,4.9,None,Yes,4.3/5,India
Shop_66,Shop_66_P0017,Item_17,44050,561,1 days,14 days,Out of Stock,3.9,Free shipping,Yes,4.2/5,India
Shop_66,Shop_66_P0018,Item_18,17250,669,6 days,30 days,Out of Stock,4.4,10% off,Yes,4.8/5,India
Shop_66,Shop_66_P0019,Item_19,3312,317,5 days,30 days,In Stock,4.4,Free shipping,No,4.8/5,India
Shop_66,Shop_66_P0020,Item_20,32064,580,4 days,30 days,In Stock,4.2,None,Yes,4.9/5,India
Shop_66,Shop_66_P0021,Item_21,31143,39,1 days,14 days,In Stock,3.7,None,No,3.5/5,India
Shop_66,Shop_66_P0022,Item_22,13142,301,5 days,30 days,Out of Stock,3.1,10% off,Yes,3.0/5,India
Shop_66,Shop_66_P0023,Item_23,1684,399,5 days,30 days,Out of Stock,4.6,Free shipping,No,4.2/5,India
Shop_66,Shop_66_P0024,Item_24,25398,28,4 days,14 days,Out of Stock,5.0,None,No,3.9/5,India
Shop_66,Shop_66_P0025,Item_25,30971,590,5 days,14 days,In Stock,3.8,10% off,Yes,3.8/5,India
Shop_66,Shop_66_P0026,Item_26,2482,267,7 days,14 days,In Stock,3.9,Free shipping,No,3.7/5,India
Shop_66,Shop_66_P0027,Item_27,44607,599,2 days,7 days,Out of Stock,4.4,Free shipping,Yes,3.0/5,India
Shop_66,Shop_66_P0028,Item_28,36474,74,7 days,7 days,In Stock,4.8,10% off,Yes,3.6/5,India
Shop_66,Shop_66_P0029,Item_29,18264,234,7 days,14 days,In Stock,4.6,Free shipping,No,3.4/5,India
Shop_66,Shop_66_P0030,Item_30,18729,83,4 days,7 days,Out of Stock,4.6,Free shipping,No,3.4/5,India
Shop_66,Shop_66_P0031,Item_31,2179,688,1 days,14 days,Out of Stock,4.1,None,Yes,4.6/5,India
Shop_66,Shop_66_P0032,Item_32,33731,683,3 days,7 days,In Stock,3.3,None,No,4.8/5,India
Shop_66,Shop_66_P0033,Item_33,34873,81,3 days,30 days,Out of Stock,3.5,None,No,3.9/5,India
Shop_66,Shop_66_P0034,Item_34,5040,83,6 days,30 days,Out of Stock,4.0,10% off,No,3.9/5,India
Shop_66,Shop_66_P0035,Item_35,37108,284,5 days,30 days,Out of Stock,4.4,None,Yes,4.7/5,India
Shop_66,Shop_66_P0036,Item_36,37872,520,1 days,30 days,Out of Stock,3.7,10% off,Yes,3.9/5,India
Shop_66,Shop_66_P0037,Item_37,34310,57,4 days,14 days,In Stock,4.6,Free shipping,No,4.0/5,India
Shop_66,Shop_66_P0038,Item_38,14549,39,1 days,7 days,In Stock,5.0,None,No,4.5/5,India
Shop_66,Shop_66_P0039,Item_39,31506,111,3 days,7 days,In Stock,3.1,Free shipping,Yes,3.5/5,India
Shop_66,Shop_66_P0040,Item_40,38455,292,5 days,30 days,Out of Stock,3.2,None,Yes,4.4/5,India
Shop_66,Shop_66_P0041,Item_41,35290,50,2 days,14 days,In Stock,4.3,10% off,No,3.8/5,India
Shop_66,Shop_66_P0042,Item_42,16048,321,4 days,14 days,Out of Stock,3.5,None,Yes,4.3/5,India
Shop_66,Shop_66_P0043,Item_43,40500,552,6 days,7 days,Out of Stock,3.9,10% off,Yes,4.4/5,India
Shop_66,Shop_66_P0044,Item_44,46947,483,6 days,14 days,Out of Stock,4.7,10% off,No,4.5/5,India
Shop_66,Shop_66_P0045,Item_45,35732,472,6 days,14 days,Out of Stock,4.5,None,No,4.1/5,India
Shop_66,Shop_66_P0046,Item_46,2725,314,2 days,30 days,Out of Stock,4.4,10% off,Yes,4.1/5,India
Shop_66,Shop_66_P0047,Item_47,45544,272,1 days,14 days,Out of Stock,4.9,None,Yes,4.5/5,India
Shop_66,Shop_66_P0048,Item_48,38701,83,7 days,7 days,Out of Stock,4.5,None,Yes,3.5/5,India
Shop_66,Shop_66_P0049,Item_49,8502,44,7 days,30 days,Out of Stock,3.8,10% off,No,4.1/5,India
Shop_66,Shop_66_P0050,Item_50,36098,629,3 days,14 days,Out of Stock,3.6,10% off,No,4.2/5,India
Shop_66,Shop_66_P0051,Item_51,5095,508,5 days,30 days,In Stock,4.4,Free shipping,No,4.1/5,India
Shop_66,Shop_66_P0052,Item_52,1516,234,3 days,14 days,In Stock,3.1,10% off,No,4.3/5,India
Shop_66,Shop_66_P0053,Item_53,37567,419,1 days,14 days,Out of Stock,4.2,10% off,Yes,4.5/5,India
Shop_66,Shop_66_P0054,Item_54,10940,220,4 days,30 days,Out of Stock,4.3,None,No,4.1/5,India
Shop_66,Shop_66_P0055,Item_55,48322,666,7 days,30 days,Out of Stock,4.4,10% off,Yes,4.0/5,India
Shop_66,Shop_66_P0056,Item_56,16247,425,4 days,14 days,In Stock,5.0,10% off,No,4.4/5,India
Shop_66,Shop_66_P0057,Item_57,44971,218,3 days,14 days,Out of Stock,5.0,10% off,Yes,3.0/5,India
Shop_66,Shop_66_P0058,Item_58,45442,130,7 days,7 days,Out of Stock,3.0,Free shipping,Yes,4.5/5,India
Shop_66,Shop_66_P0059,Item_59,25052,288,1 days,14 days,In Stock,3.2,Free shipping,Yes,4.4/5,India
Shop_66,Shop_66_P0060,Item_60,40795,391,7 days,14 days,Out of Stock,4.2,None,Yes,3.3/5,India
Shop_66,Shop_66_P0061,Item_61,38241,104,1 days,14 days,Out of Stock,4.6,None,No,3.5/5,India
Shop_66,Shop_66_P0062,Item_62,12573,543,7 days,14 days,In Stock,3.7,Free shipping,Yes,4.3/5,India
Shop_66,Shop_66_P0063,Item_63,8136,655,6 days,30 days,In Stock,3.0,Free shipping,Yes,3.8/5,India
Shop_66,Shop_66_P0064,Item_64,48698,456,4 days,14 days,Out of Stock,3.5,None,Yes,3.1/5,India
Shop_66,Shop_66_P0065,Item_65,30783,169,2 days,30 days,In Stock,4.9,None,No,4.1/5,India
Shop_66,Shop_66_P0066,Item_66,40936,329,7 days,14 days,Out of Stock,4.8,Free shipping,No,4.5/5,India
Shop_66,Shop_66_P0067,Item_67,35352,178,6 days,7 days,In Stock,4.7,None,No,3.7/5,India
Shop_66,Shop_66_P0068,Item_68,34328,644,6 days,7 days,Out of Stock,4.7,None,No,5.0/5,India
Shop_66,Shop_66_P0069,Item_69,5901,397,4 days,7 days,Out of Stock,3.0,None,Yes,4.8/5,India
Shop_66,Shop_66_P0070,Item_70,42077,113,7 days,14 days,In Stock,4.2,None,No,3.3/5,India
Shop_66,Shop_66_P0071,Item_71,6541,560,2 days,30 days,Out of Stock,3.8,None,Yes,4.6/5,India
Shop_66,Shop_66_P0072,Item_72,29441,209,2 days,14 days,Out of Stock,3.8,10% off,No,4.7/5,India
Shop_66,Shop_66_P0073,Item_73,20622,191,6 days,7 days,In Stock,3.7,10% off,Yes,3.1/5,India
Shop_66,Shop_66_P0074,Item_74,6931,522,5 days,7 days,Out of Stock,4.8,Free shipping,No,4.9/5,India
Shop_66,Shop_66_P0075,Item_75,14080,177,7 days,30 days,Out of Stock,4.3,Free shipping,No,3.4/5,India
Shop_66,Shop_66_P0076,Item_76,1743,243,5 days,14 days,In Stock,5.0,Free shipping,Yes,4.0/5,India
Shop_66,Shop_66_P0077,Item_77,10589,347,6 days,7 days,In Stock,4.5,None,Yes,3.2/5,India
Shop_66,Shop_66_P0078,Item_78,24477,355,5 days,30 days,Out of Stock,4.4,10% off,Yes,4.7/5,India
Shop_66,Shop_66_P0079,Item_79,49909,288,4 days,30 days,In Stock,4.1,None,No,3.7/5,India
Shop_66,Shop_66_P0080,Item_80,31545,263,5 days,30 days,Out of Stock,4.4,Free shipping,No,3.3/5,India
Shop_66,Shop_66_P0081,Item_81,2052,136,6 days,14 days,In Stock,4.0,10% off,No,4.3/5,India
Shop_66,Shop_66_P0082,Item_82,37063,450,1 days,30 days,Out of Stock,4.5,10% off,Yes,3.5/5,India
Shop_66,Shop_66_P0083,Item_83,2105,505,5 days,14 days,In Stock,3.9,None,No,4.7/5,India
Shop_66,Shop_66_P0084,Item_84,42569,571,2 days,14 days,Out of Stock,3.7,10% off,No,4.3/5,India
Shop_66,Shop_66_P0085,Item_85,12675,126,5 days,7 days,Out of Stock,3.1,Free shipping,No,3.3/5,India
Shop_66,Shop_66_P0086,Item_86,23109,82,5 days,14 days,In Stock,3.1,Free shipping,No,3.2/5,India
Shop_66,Shop_66_P0087,Item_87,24484,236,4 days,14 days,In Stock,5.0,10% off,Yes,3.3/5,India
Shop_66,Shop_66_P0088,Item_88,17805,542,3 days,14 days,Out of Stock,4.2,10% off,Yes,4.6/5,India
Shop_66,Shop_66_P0089,Item_89,12828,147,4 days,14 days,Out of Stock,4.3,10% off,No,5.0/5,India
Shop_66,Shop_66_P0090,Item_90,27350,24,6 days,14 days,In Stock,4.9,10% off,Yes,3.5/5,India
Shop_66,Shop_66_P0091,Item_91,26948,136,6 days,14 days,In Stock,3.6,Free shipping,No,4.0/5,India
Shop_66,Shop_66_P0092,Item_92,37767,170,7 days,7 days,In Stock,3.8,10% off,Yes,3.4/5,India
Shop_66,Shop_66_P0093,Item_93,24162,265,4 days,7 days,Out of Stock,3.2,Free shipping,No,4.9/5,India
Shop_66,Shop_66_P0094,Item_94,17367,147,3 days,30 days,Out of Stock,4.2,Free shipping,Yes,3.3/5,India
Shop_66,Shop_66_P0095,Item_95,33477,223,2 days,7 days,Out of Stock,3.1,None,Yes,3.6/5,India
Shop_66,Shop_66_P0096,Item_96,32318,290,1 days,14 days,Out of Stock,4.8,None,Yes,3.7/5,India
Shop_66,Shop_66_P0097,Item_97,30697,390,2 days,30 days,In Stock,4.2,None,No,3.1/5,India
Shop_66,Shop_66_P0098,Item_98,12928,676,3 days,7 days,In Stock,3.1,10% off,Yes,4.0/5,India
Shop_66,Shop_66_P0099,Item_99,19178,119,7 days,7 days,In Stock,4.8,None,Yes,4.5/5,India
Shop_66,Shop_66_P0100,Item_100,38056,258,3 days,7 days,Out of Stock,3.9,Free shipping,No,3.8/5,India
Shop_67,Shop_67_P0001,Item_1,30099,643,4 days,14 days,In Stock,3.8,None,No,4.2/5,India
Shop_67,Shop_67_P0002,Item_2,29530,636,4 days,30 days,Out of Stock,4.7,10% off,No,3.2/5,India
Shop_67,Shop_67_P0003,Item_3,20517,378,4 days,7 days,In Stock,4.8,None,No,3.6/5,India
Shop_67,Shop_67_P0004,Item_4,3222,45,5 days,14 days,Out of Stock,4.5,10% off,No,4.2/5,India
Shop_67,Shop_67_P0005,Item_5,4246,206,3 days,14 days,In Stock,3.2,None,Yes,3.3/5,India
Shop_67,Shop_67_P0006,Item_6,37048,312,1 days,14 days,In Stock,4.8,None,No,3.3/5,India
Shop_67,Shop_67_P0007,Item_7,15768,327,2 days,14 days,In Stock,3.6,Free shipping,No,3.3/5,India
Shop_67,Shop_67_P0008,Item_8,16335,279,3 days,7 days,In Stock,4.8,10% off,No,4.4/5,India
Shop_67,Shop_67_P0009,Item_9,29410,245,3 days,14 days,In Stock,4.6,Free shipping,No,3.3/5,India
Shop_67,Shop_67_P0010,Item_10,19338,471,5 days,7 days,In Stock,3.9,None,No,4.2/5,India
Shop_67,Shop_67_P0011,Item_11,39928,121,1 days,30 days,Out of Stock,4.0,None,No,4.6/5,India
Shop_67,Shop_67_P0012,Item_12,40826,686,2 days,30 days,Out of Stock,3.5,Free shipping,Yes,3.5/5,India
Shop_67,Shop_67_P0013,Item_13,29209,185,2 days,30 days,Out of Stock,4.8,Free shipping,No,3.6/5,India
Shop_67,Shop_67_P0014,Item_14,33711,668,6 days,30 days,In Stock,3.3,Free shipping,No,3.0/5,India
Shop_67,Shop_67_P0015,Item_15,9091,448,4 days,7 days,Out of Stock,4.5,Free shipping,Yes,5.0/5,India
Shop_67,Shop_67_P0016,Item_16,40429,379,4 days,30 days,In Stock,3.8,None,No,4.7/5,India
Shop_67,Shop_67_P0017,Item_17,17049,306,1 days,14 days,In Stock,3.4,None,No,4.9/5,India
Shop_67,Shop_67_P0018,Item_18,38541,454,1 days,30 days,In Stock,4.8,Free shipping,Yes,3.3/5,India
Shop_67,Shop_67_P0019,Item_19,27503,320,1 days,30 days,Out of Stock,5.0,None,No,4.8/5,India
Shop_67,Shop_67_P0020,Item_20,11891,551,1 days,30 days,In Stock,4.1,Free shipping,No,3.9/5,India
Shop_67,Shop_67_P0021,Item_21,9283,176,6 days,7 days,In Stock,3.1,Free shipping,No,4.7/5,India
Shop_67,Shop_67_P0022,Item_22,11464,129,1 days,30 days,In Stock,3.8,Free shipping,Yes,4.7/5,India
Shop_67,Shop_67_P0023,Item_23,42100,389,4 days,30 days,In Stock,3.6,10% off,No,4.1/5,India
Shop_67,Shop_67_P0024,Item_24,15886,297,5 days,7 days,Out of Stock,3.7,None,No,4.0/5,India
Shop_67,Shop_67_P0025,Item_25,22791,655,7 days,14 days,Out of Stock,3.6,Free shipping,No,4.7/5,India
Shop_67,Shop_67_P0026,Item_26,1598,288,6 days,30 days,In Stock,3.7,10% off,No,4.6/5,India
Shop_67,Shop_67_P0027,Item_27,19866,674,5 days,14 days,Out of Stock,4.1,Free shipping,No,4.7/5,India
Shop_67,Shop_67_P0028,Item_28,10256,51,3 days,14 days,Out of Stock,3.3,Free shipping,Yes,3.8/5,India
Shop_67,Shop_67_P0029,Item_29,2291,59,2 days,30 days,Out of Stock,4.7,Free shipping,No,4.0/5,India
Shop_67,Shop_67_P0030,Item_30,10408,70,1 days,7 days,In Stock,5.0,10% off,Yes,4.8/5,India
Shop_67,Shop_67_P0031,Item_31,16379,557,2 days,14 days,Out of Stock,4.2,10% off,Yes,3.8/5,India
Shop_67,Shop_67_P0032,Item_32,21017,636,1 days,30 days,In Stock,3.5,10% off,Yes,3.7/5,India
Shop_67,Shop_67_P0033,Item_33,27278,261,7 days,14 days,Out of Stock,4.4,None,No,4.0/5,India
Shop_67,Shop_67_P0034,Item_34,44970,153,2 days,7 days,In Stock,3.7,10% off,No,4.3/5,India
Shop_67,Shop_67_P0035,Item_35,18893,65,6 days,7 days,In Stock,3.3,Free shipping,Yes,4.3/5,India
Shop_67,Shop_67_P0036,Item_36,8858,152,5 days,7 days,Out of Stock,4.1,None,No,3.9/5,India
Shop_67,Shop_67_P0037,Item_37,2436,267,5 days,14 days,Out of Stock,3.3,10% off,No,4.0/5,India
Shop_67,Shop_67_P0038,Item_38,43245,541,2 days,7 days,In Stock,3.6,None,Yes,3.0/5,India
Shop_67,Shop_67_P0039,Item_39,20683,23,7 days,7 days,In Stock,3.4,None,Yes,4.6/5,India
Shop_67,Shop_67_P0040,Item_40,36914,627,1 days,30 days,In Stock,3.6,Free shipping,Yes,3.1/5,India
Shop_67,Shop_67_P0041,Item_41,39599,539,5 days,7 days,Out of Stock,4.8,10% off,No,4.8/5,India
Shop_67,Shop_67_P0042,Item_42,30008,336,4 days,14 days,In Stock,4.2,10% off,No,3.6/5,India
Shop_67,Shop_67_P0043,Item_43,4192,653,6 days,14 days,In Stock,4.4,None,Yes,3.5/5,India
Shop_67,Shop_67_P0044,Item_44,28665,435,2 days,30 days,In Stock,4.0,10% off,Yes,4.2/5,India
Shop_67,Shop_67_P0045,Item_45,30429,32,1 days,7 days,In Stock,3.9,None,Yes,5.0/5,India
Shop_67,Shop_67_P0046,Item_46,24805,219,7 days,30 days,Out of Stock,3.6,10% off,No,3.7/5,India
Shop_67,Shop_67_P0047,Item_47,33863,556,7 days,14 days,Out of Stock,3.4,10% off,Yes,3.1/5,India
Shop_67,Shop_67_P0048,Item_48,43143,69,4 days,14 days,Out of Stock,4.0,10% off,No,4.1/5,India
Shop_67,Shop_67_P0049,Item_49,28115,74,6 days,30 days,In Stock,3.0,Free shipping,Yes,4.5/5,India
Shop_67,Shop_67_P0050,Item_50,9728,604,1 days,30 days,In Stock,4.6,Free shipping,No,4.9/5,India
Shop_67,Shop_67_P0051,Item_51,47468,536,5 days,30 days,In Stock,3.2,10% off,Yes,3.3/5,India
Shop_67,Shop_67_P0052,Item_52,49851,438,4 days,7 days,In Stock,4.4,None,Yes,3.5/5,India
Shop_67,Shop_67_P0053,Item_53,43667,659,2 days,7 days,In Stock,3.1,Free shipping,No,4.9/5,India
Shop_67,Shop_67_P0054,Item_54,33022,519,4 days,14 days,Out of Stock,4.5,10% off,Yes,4.9/5,India
Shop_67,Shop_67_P0055,Item_55,12302,521,4 days,30 days,In Stock,4.3,10% off,Yes,3.5/5,India
Shop_67,Shop_67_P0056,Item_56,37212,292,1 days,14 days,Out of Stock,4.0,Free shipping,No,4.2/5,India
Shop_67,Shop_67_P0057,Item_57,18933,654,3 days,30 days,In Stock,4.0,10% off,No,4.3/5,India
Shop_67,Shop_67_P0058,Item_58,14113,200,6 days,30 days,Out of Stock,4.2,Free shipping,Yes,3.1/5,India
Shop_67,Shop_67_P0059,Item_59,6677,550,3 days,14 days,Out of Stock,4.1,None,No,3.4/5,India
Shop_67,Shop_67_P0060,Item_60,3909,242,4 days,14 days,In Stock,4.2,Free shipping,Yes,3.9/5,India
Shop_67,Shop_67_P0061,Item_61,41622,446,4 days,30 days,Out of Stock,3.4,10% off,No,3.8/5,India
Shop_67,Shop_67_P0062,Item_62,13070,176,1 days,7 days,Out of Stock,3.4,None,No,4.8/5,India
Shop_67,Shop_67_P0063,Item_63,19261,52,4 days,14 days,In Stock,3.2,10% off,Yes,3.7/5,India
Shop_67,Shop_67_P0064,Item_64,27492,400,4 days,30 days,In Stock,4.5,Free shipping,Yes,3.1/5,India
Shop_67,Shop_67_P0065,Item_65,12219,484,5 days,7 days,In Stock,4.8,None,No,4.3/5,India
Shop_67,Shop_67_P0066,Item_66,13966,656,7 days,7 days,In Stock,3.3,None,No,3.1/5,India
Shop_67,Shop_67_P0067,Item_67,17844,242,6 days,7 days,Out of Stock,4.2,10% off,Yes,3.6/5,India
Shop_67,Shop_67_P0068,Item_68,46027,293,4 days,7 days,In Stock,4.0,10% off,Yes,3.4/5,India
Shop_67,Shop_67_P0069,Item_69,20805,626,6 days,30 days,Out of Stock,4.7,Free shipping,Yes,4.9/5,India
Shop_67,Shop_67_P0070,Item_70,39250,484,1 days,14 days,In Stock,4.7,Free shipping,No,3.9/5,India
Shop_67,Shop_67_P0071,Item_71,13182,607,1 days,14 days,Out of Stock,4.5,10% off,No,3.0/5,India
Shop_67,Shop_67_P0072,Item_72,14259,110,7 days,30 days,In Stock,4.0,Free shipping,No,3.3/5,India
Shop_67,Shop_67_P0073,Item_73,7876,599,5 days,7 days,Out of Stock,3.7,None,No,3.9/5,India
Shop_67,Shop_67_P0074,Item_74,44946,639,1 days,14 days,Out of Stock,3.6,Free shipping,Yes,4.1/5,India
Shop_67,Shop_67_P0075,Item_75,36073,245,2 days,30 days,Out of Stock,4.4,None,Yes,3.3/5,India
Shop_67,Shop_67_P0076,Item_76,48023,533,7 days,30 days,Out of Stock,4.1,Free shipping,No,4.2/5,India
Shop_67,Shop_67_P0077,Item_77,49950,446,3 days,30 days,In Stock,3.8,Free shipping,Yes,3.5/5,India
Shop_67,Shop_67_P0078,Item_78,9849,562,7 days,14 days,Out of Stock,4.5,Free shipping,Yes,3.5/5,India
Shop_67,Shop_67_P0079,Item_79,34163,232,1 days,30 days,Out of Stock,3.1,Free shipping,Yes,3.4/5,India
Shop_67,Shop_67_P0080,Item_80,39045,460,7 days,30 days,Out of Stock,4.3,10% off,Yes,4.4/5,India
Shop_67,Shop_67_P0081,Item_81,42527,415,7 days,14 days,In Stock,4.8,Free shipping,No,4.1/5,India
Shop_67,Shop_67_P0082,Item_82,31152,331,3 days,7 days,In Stock,4.8,Free shipping,Yes,4.5/5,India
Shop_67,Shop_67_P0083,Item_83,40089,290,3 days,30 days,In Stock,3.5,10% off,Yes,3.1/5,India
Shop_67,Shop_67_P0084,Item_84,11350,361,3 days,7 days,In Stock,4.2,None,Yes,3.5/5,India
Shop_67,Shop_67_P0085,Item_85,47498,690,7 days,14 days,In Stock,3.7,None,No,3.7/5,India
Shop_67,Shop_67_P0086,Item_86,47352,191,5 days,7 days,Out of Stock,4.5,Free shipping,No,4.8/5,India
Shop_67,Shop_67_P0087,Item_87,21867,496,7 days,14 days,In Stock,4.8,None,No,3.9/5,India
Shop_67,Shop_67_P0088,Item_88,14398,666,7 days,7 days,Out of Stock,3.5,None,Yes,4.7/5,India
Shop_67,Shop_67_P0089,Item_89,10575,642,3 days,14 days,Out of Stock,4.2,10% off,Yes,4.7/5,India
Shop_67,Shop_67_P0090,Item_90,34565,436,5 days,7 days,Out of Stock,4.9,None,Yes,4.9/5,India
Shop_67,Shop_67_P0091,Item_91,45592,163,7 days,14 days,Out of Stock,4.2,10% off,No,3.5/5,India
Shop_67,Shop_67_P0092,Item_92,7579,509,1 days,30 days,Out of Stock,4.8,Free shipping,Yes,4.2/5,India
Shop_67,Shop_67_P0093,Item_93,17133,153,4 days,14 days,Out of Stock,3.2,Free shipping,Yes,4.0/5,India
Shop_67,Shop_67_P0094,Item_94,20497,243,2 days,7 days,In Stock,3.2,10% off,Yes,4.8/5,India
Shop_67,Shop_67_P0095,Item_95,32328,198,7 days,14 days,In Stock,3.3,Free shipping,No,3.2/5,India
Shop_67,Shop_67_P0096,Item_96,45104,245,4 days,30 days,In Stock,4.6,None,No,4.1/5,India
Shop_67,Shop_67_P0097,Item_97,1068,54,1 days,14 days,In Stock,3.4,Free shipping,No,3.2/5,India
Shop_67,Shop_67_P0098,Item_98,44469,516,3 days,30 days,In Stock,3.7,10% off,No,3.3/5,India
Shop_67,Shop_67_P0099,Item_99,4829,271,5 days,30 days,Out of Stock,4.1,Free shipping,No,5.0/5,India
Shop_67,Shop_67_P0100,Item_100,28997,324,3 days,30 days,In Stock,3.6,Free shipping,Yes,3.5/5,India
Shop_68,Shop_68_P0001,Item_1,21259,432,7 days,7 days,Out of Stock,4.8,Free shipping,Yes,4.4/5,India
Shop_68,Shop_68_P0002,Item_2,40452,34,2 days,30 days,In Stock,3.8,Free shipping,No,3.7/5,India
Shop_68,Shop_68_P0003,Item_3,44343,558,1 days,7 days,In Stock,3.5,None,No,4.2/5,India
Shop_68,Shop_68_P0004,Item_4,45010,559,2 days,7 days,In Stock,3.3,10% off,Yes,4.7/5,India
Shop_68,Shop_68_P0005,Item_5,25979,180,1 days,7 days,Out of Stock,3.1,10% off,Yes,4.1/5,India
Shop_68,Shop_68_P0006,Item_6,7576,446,5 days,14 days,Out of Stock,4.9,None,Yes,4.4/5,India
Shop_68,Shop_68_P0007,Item_7,22800,34,3 days,30 days,Out of Stock,3.4,Free shipping,Yes,4.2/5,India
Shop_68,Shop_68_P0008,Item_8,18894,100,5 days,7 days,In Stock,3.9,None,Yes,3.3/5,India
Shop_68,Shop_68_P0009,Item_9,37350,459,2 days,14 days,In Stock,5.0,None,No,4.6/5,India
Shop_68,Shop_68_P0010,Item_10,39579,694,4 days,14 days,In Stock,4.0,10% off,Yes,3.8/5,India
Shop_68,Shop_68_P0011,Item_11,40365,416,4 days,7 days,Out of Stock,3.7,None,No,4.7/5,India
Shop_68,Shop_68_P0012,Item_12,36772,622,1 days,30 days,In Stock,4.0,None,No,3.8/5,India
Shop_68,Shop_68_P0013,Item_13,13596,365,2 days,7 days,In Stock,3.1,None,Yes,4.2/5,India
Shop_68,Shop_68_P0014,Item_14,32501,136,1 days,14 days,Out of Stock,3.5,Free shipping,No,3.5/5,India
Shop_68,Shop_68_P0015,Item_15,35621,117,6 days,14 days,In Stock,3.9,Free shipping,No,3.0/5,India
Shop_68,Shop_68_P0016,Item_16,15489,689,4 days,30 days,Out of Stock,3.8,10% off,Yes,4.3/5,India
Shop_68,Shop_68_P0017,Item_17,47987,120,1 days,30 days,Out of Stock,3.2,None,Yes,4.4/5,India
Shop_68,Shop_68_P0018,Item_18,49991,451,4 days,30 days,In Stock,4.6,Free shipping,Yes,4.5/5,India
Shop_68,Shop_68_P0019,Item_19,3314,410,6 days,7 days,In Stock,3.6,10% off,Yes,3.3/5,India
Shop_68,Shop_68_P0020,Item_20,38335,361,1 days,7 days,Out of Stock,3.6,10% off,No,3.4/5,India
Shop_68,Shop_68_P0021,Item_21,4460,697,6 days,7 days,Out of Stock,3.5,10% off,No,4.5/5,India
Shop_68,Shop_68_P0022,Item_22,29978,436,6 days,30 days,Out of Stock,4.6,Free shipping,No,3.7/5,India
Shop_68,Shop_68_P0023,Item_23,19793,392,1 days,14 days,Out of Stock,3.5,10% off,Yes,3.8/5,India
Shop_68,Shop_68_P0024,Item_24,18887,529,2 days,14 days,In Stock,4.4,None,Yes,3.6/5,India
Shop_68,Shop_68_P0025,Item_25,41164,493,7 days,14 days,In Stock,3.6,None,Yes,4.5/5,India
Shop_68,Shop_68_P0026,Item_26,17681,172,4 days,14 days,In Stock,3.1,None,Yes,4.6/5,India
Shop_68,Shop_68_P0027,Item_27,46428,343,5 days,14 days,Out of Stock,4.4,10% off,Yes,3.8/5,India
Shop_68,Shop_68_P0028,Item_28,45687,659,3 days,14 days,Out of Stock,3.9,10% off,No,4.1/5,India
Shop_68,Shop_68_P0029,Item_29,7727,468,2 days,14 days,Out of Stock,4.3,Free shipping,Yes,3.5/5,India
Shop_68,Shop_68_P0030,Item_30,30663,518,5 days,30 days,Out of Stock,4.4,Free shipping,Yes,4.5/5,India
Shop_68,Shop_68_P0031,Item_31,42571,68,3 days,7 days,In Stock,4.7,None,No,4.5/5,India
Shop_68,Shop_68_P0032,Item_32,30863,566,5 days,14 days,Out of Stock,4.9,Free shipping,Yes,3.9/5,India
Shop_68,Shop_68_P0033,Item_33,32250,117,2 days,30 days,In Stock,3.4,10% off,Yes,3.6/5,India
Shop_68,Shop_68_P0034,Item_34,31848,300,7 days,7 days,Out of Stock,4.7,10% off,Yes,3.1/5,India
Shop_68,Shop_68_P0035,Item_35,18585,489,2 days,7 days,Out of Stock,4.3,10% off,Yes,3.9/5,India
Shop_68,Shop_68_P0036,Item_36,48265,697,3 days,30 days,Out of Stock,4.7,Free shipping,Yes,3.4/5,India
Shop_68,Shop_68_P0037,Item_37,23209,485,1 days,7 days,Out of Stock,4.0,10% off,Yes,3.1/5,India
Shop_68,Shop_68_P0038,Item_38,9339,306,4 days,30 days,Out of Stock,4.7,Free shipping,Yes,4.0/5,India
Shop_68,Shop_68_P0039,Item_39,25341,89,4 days,30 days,Out of Stock,4.3,10% off,Yes,4.4/5,India
Shop_68,Shop_68_P0040,Item_40,30557,372,2 days,30 days,Out of Stock,3.1,None,No,3.8/5,India
Shop_68,Shop_68_P0041,Item_41,32650,130,5 days,30 days,Out of Stock,4.1,Free shipping,Yes,3.3/5,India
Shop_68,Shop_68_P0042,Item_42,28826,99,1 days,14 days,Out of Stock,4.9,None,Yes,4.1/5,India
Shop_68,Shop_68_P0043,Item_43,24598,96,4 days,14 days,Out of Stock,4.7,10% off,No,3.4/5,India
Shop_68,Shop_68_P0044,Item_44,12967,20,3 days,7 days,In Stock,4.9,10% off,Yes,4.5/5,India
Shop_68,Shop_68_P0045,Item_45,14923,675,1 days,30 days,In Stock,3.1,10% off,No,4.8/5,India
Shop_68,Shop_68_P0046,Item_46,10477,579,3 days,14 days,In Stock,4.6,Free shipping,No,3.8/5,India
Shop_68,Shop_68_P0047,Item_47,41365,455,2 days,7 days,Out of Stock,4.4,10% off,Yes,4.9/5,India
Shop_68,Shop_68_P0048,Item_48,26511,463,5 days,7 days,Out of Stock,4.6,10% off,No,3.9/5,India
Shop_68,Shop_68_P0049,Item_49,18556,365,4 days,14 days,In Stock,4.7,None,Yes,4.5/5,India
Shop_68,Shop_68_P0050,Item_50,20048,521,4 days,30 days,Out of Stock,4.6,Free shipping,Yes,3.1/5,India
Shop_68,Shop_68_P0051,Item_51,27450,39,2 days,30 days,Out of Stock,4.5,Free shipping,No,3.6/5,India
Shop_68,Shop_68_P0052,Item_52,1974,695,3 days,30 days,Out of Stock,4.1,None,No,3.2/5,India
Shop_68,Shop_68_P0053,Item_53,5826,698,3 days,30 days,Out of Stock,3.7,10% off,Yes,3.6/5,India
Shop_68,Shop_68_P0054,Item_54,20944,407,3 days,14 days,In Stock,4.2,10% off,Yes,3.3/5,India
Shop_68,Shop_68_P0055,Item_55,8918,279,6 days,14 days,Out of Stock,4.7,None,Yes,5.0/5,India
Shop_68,Shop_68_P0056,Item_56,35821,501,7 days,14 days,Out of Stock,3.1,Free shipping,No,4.0/5,India
Shop_68,Shop_68_P0057,Item_57,34540,64,6 days,30 days,In Stock,3.8,Free shipping,No,4.3/5,India
Shop_68,Shop_68_P0058,Item_58,37519,286,5 days,7 days,Out of Stock,3.3,Free shipping,No,5.0/5,India
Shop_68,Shop_68_P0059,Item_59,11610,135,6 days,14 days,Out of Stock,4.9,None,No,3.6/5,India
Shop_68,Shop_68_P0060,Item_60,39685,402,2 days,14 days,In Stock,4.6,Free shipping,No,3.7/5,India
Shop_68,Shop_68_P0061,Item_61,21948,50,6 days,7 days,In Stock,4.4,10% off,No,4.9/5,India
Shop_68,Shop_68_P0062,Item_62,19265,258,4 days,14 days,In Stock,4.3,10% off,Yes,4.2/5,India
Shop_68,Shop_68_P0063,Item_63,43851,594,3 days,30 days,In Stock,3.4,10% off,No,4.9/5,India
Shop_68,Shop_68_P0064,Item_64,13912,275,7 days,30 days,Out of Stock,4.8,10% off,No,3.5/5,India
Shop_68,Shop_68_P0065,Item_65,16535,440,3 days,14 days,In Stock,3.9,None,No,4.7/5,India
Shop_68,Shop_68_P0066,Item_66,3544,664,5 days,14 days,Out of Stock,3.5,None,No,4.1/5,India
Shop_68,Shop_68_P0067,Item_67,9233,109,4 days,7 days,Out of Stock,4.7,10% off,No,3.1/5,India
Shop_68,Shop_68_P0068,Item_68,1183,278,4 days,7 days,Out of Stock,3.5,Free shipping,No,3.6/5,India
Shop_68,Shop_68_P0069,Item_69,24949,117,2 days,7 days,In Stock,3.5,10% off,Yes,4.3/5,India
Shop_68,Shop_68_P0070,Item_70,8665,276,2 days,7 days,In Stock,3.8,Free shipping,No,4.9/5,India
Shop_68,Shop_68_P0071,Item_71,1583,66,6 days,14 days,Out of Stock,3.4,10% off,Yes,4.1/5,India
Shop_68,Shop_68_P0072,Item_72,34777,537,5 days,7 days,In Stock,3.1,Free shipping,Yes,3.6/5,India
Shop_68,Shop_68_P0073,Item_73,14930,320,7 days,14 days,Out of Stock,4.7,Free shipping,No,4.6/5,India
Shop_68,Shop_68_P0074,Item_74,37792,282,3 days,14 days,In Stock,3.6,10% off,No,4.5/5,India
Shop_68,Shop_68_P0075,Item_75,18546,146,2 days,7 days,Out of Stock,4.8,Free shipping,No,3.2/5,India
Shop_68,Shop_68_P0076,Item_76,29169,67,5 days,7 days,In Stock,4.7,None,Yes,4.2/5,India
Shop_68,Shop_68_P0077,Item_77,3865,87,5 days,14 days,Out of Stock,3.9,None,Yes,3.1/5,India
Shop_68,Shop_68_P0078,Item_78,37704,205,1 days,7 days,Out of Stock,3.3,None,No,4.0/5,India
Shop_68,Shop_68_P0079,Item_79,7798,700,1 days,14 days,Out of Stock,3.6,None,No,3.4/5,India
Shop_68,Shop_68_P0080,Item_80,29818,514,5 days,14 days,In Stock,4.3,None,Yes,3.8/5,India
Shop_68,Shop_68_P0081,Item_81,3162,400,7 days,30 days,In Stock,3.4,None,Yes,4.3/5,India
Shop_68,Shop_68_P0082,Item_82,3519,147,5 days,7 days,Out of Stock,4.2,None,No,4.0/5,India
Shop_68,Shop_68_P0083,Item_83,20822,234,1 days,14 days,In Stock,4.8,None,No,3.6/5,India
Shop_68,Shop_68_P0084,Item_84,32814,655,6 days,30 days,In Stock,3.0,None,Yes,5.0/5,India
Shop_68,Shop_68_P0085,Item_85,9028,390,7 days,30 days,Out of Stock,4.6,10% off,Yes,3.2/5,India
Shop_68,Shop_68_P0086,Item_86,17951,633,2 days,7 days,Out of Stock,4.0,None,No,3.6/5,India
Shop_68,Shop_68_P0087,Item_87,24048,313,3 days,30 days,In Stock,4.0,Free shipping,No,4.5/5,India
Shop_68,Shop_68_P0088,Item_88,43606,135,1 days,7 days,Out of Stock,4.1,None,No,3.1/5,India
Shop_68,Shop_68_P0089,Item_89,40057,363,6 days,30 days,In Stock,3.1,None,No,3.3/5,India
Shop_68,Shop_68_P0090,Item_90,23424,168,2 days,30 days,Out of Stock,4.5,None,Yes,4.4/5,India
Shop_68,Shop_68_P0091,Item_91,47247,609,7 days,14 days,In Stock,4.1,10% off,Yes,4.1/5,India
Shop_68,Shop_68_P0092,Item_92,11745,36,6 days,14 days,In Stock,3.2,10% off,No,3.3/5,India
Shop_68,Shop_68_P0093,Item_93,33089,38,5 days,30 days,In Stock,4.0,10% off,Yes,4.7/5,India
Shop_68,Shop_68_P0094,Item_94,25920,524,3 days,14 days,Out of Stock,3.1,10% off,No,5.0/5,India
Shop_68,Shop_68_P0095,Item_95,32272,343,7 days,14 days,Out of Stock,4.4,Free shipping,Yes,4.7/5,India
Shop_68,Shop_68_P0096,Item_96,5909,622,2 days,7 days,Out of Stock,3.3,None,No,3.2/5,India
Shop_68,Shop_68_P0097,Item_97,26735,500,1 days,30 days,In Stock,3.9,None,No,3.2/5,India
Shop_68,Shop_68_P0098,Item_98,5367,202,4 days,30 days,In Stock,3.7,Free shipping,Yes,3.3/5,India
Shop_68,Shop_68_P0099,Item_99,34306,324,2 days,14 days,Out of Stock,4.0,10% off,No,4.8/5,India
Shop_68,Shop_68_P0100,Item_100,48734,29,3 days,14 days,Out of Stock,3.6,Free shipping,Yes,4.5/5,India
Shop_69,Shop_69_P0001,Item_1,4680,578,6 days,7 days,In Stock,3.2,10% off,No,4.4/5,India
Shop_69,Shop_69_P0002,Item_2,12129,695,3 days,7 days,In Stock,4.6,None,Yes,4.0/5,India
Shop_69,Shop_69_P0003,Item_3,46424,74,4 days,7 days,In Stock,4.2,Free shipping,No,4.4/5,India
Shop_69,Shop_69_P0004,Item_4,16228,294,1 days,30 days,In Stock,4.0,10% off,Yes,3.4/5,India
Shop_69,Shop_69_P0005,Item_5,13749,191,5 days,7 days,In Stock,4.1,None,Yes,4.6/5,India
Shop_69,Shop_69_P0006,Item_6,23968,33,4 days,30 days,In Stock,5.0,None,Yes,3.7/5,India
Shop_69,Shop_69_P0007,Item_7,2213,304,5 days,14 days,Out of Stock,3.5,None,No,3.1/5,India
Shop_69,Shop_69_P0008,Item_8,39606,214,2 days,7 days,In Stock,3.1,None,Yes,3.8/5,India
Shop_69,Shop_69_P0009,Item_9,32109,305,1 days,30 days,In Stock,3.6,None,No,4.5/5,India
Shop_69,Shop_69_P0010,Item_10,48272,540,7 days,30 days,Out of Stock,3.6,10% off,No,3.6/5,India
Shop_69,Shop_69_P0011,Item_11,43746,250,3 days,7 days,Out of Stock,3.3,None,Yes,3.7/5,India
Shop_69,Shop_69_P0012,Item_12,7155,49,2 days,30 days,Out of Stock,4.5,10% off,No,3.1/5,India
Shop_69,Shop_69_P0013,Item_13,42787,220,5 days,7 days,Out of Stock,3.2,None,Yes,4.3/5,India
Shop_69,Shop_69_P0014,Item_14,37489,698,7 days,14 days,Out of Stock,3.4,10% off,Yes,3.8/5,India
Shop_69,Shop_69_P0015,Item_15,38063,568,2 days,7 days,Out of Stock,3.5,None,No,4.3/5,India
Shop_69,Shop_69_P0016,Item_16,48856,305,3 days,7 days,In Stock,3.6,10% off,Yes,4.1/5,India
Shop_69,Shop_69_P0017,Item_17,27855,350,1 days,14 days,Out of Stock,3.5,Free shipping,No,4.9/5,India
Shop_69,Shop_69_P0018,Item_18,37268,642,5 days,30 days,Out of Stock,4.6,None,Yes,5.0/5,India
Shop_69,Shop_69_P0019,Item_19,41408,173,5 days,14 days,Out of Stock,4.6,Free shipping,Yes,3.0/5,India
Shop_69,Shop_69_P0020,Item_20,16666,292,4 days,30 days,In Stock,3.0,10% off,Yes,5.0/5,India
Shop_69,Shop_69_P0021,Item_21,551,477,3 days,7 days,Out of Stock,3.5,None,Yes,4.4/5,India
Shop_69,Shop_69_P0022,Item_22,42057,138,2 days,7 days,In Stock,4.2,Free shipping,Yes,4.1/5,India
Shop_69,Shop_69_P0023,Item_23,43333,657,1 days,30 days,Out of Stock,4.6,Free shipping,No,4.9/5,India
Shop_69,Shop_69_P0024,Item_24,48863,380,7 days,7 days,In Stock,4.8,Free shipping,No,3.3/5,India
Shop_69,Shop_69_P0025,Item_25,36913,400,6 days,14 days,Out of Stock,4.4,10% off,Yes,3.7/5,India
Shop_69,Shop_69_P0026,Item_26,18209,64,2 days,14 days,Out of Stock,3.5,10% off,Yes,4.7/5,India
Shop_69,Shop_69_P0027,Item_27,19642,603,6 days,14 days,Out of Stock,4.5,Free shipping,No,5.0/5,India
Shop_69,Shop_69_P0028,Item_28,11956,565,7 days,30 days,Out of Stock,3.0,Free shipping,No,4.1/5,India
Shop_69,Shop_69_P0029,Item_29,9700,271,4 days,30 days,Out of Stock,4.9,Free shipping,No,3.3/5,India
Shop_69,Shop_69_P0030,Item_30,2315,168,1 days,30 days,Out of Stock,3.1,10% off,No,3.3/5,India
Shop_69,Shop_69_P0031,Item_31,38363,649,7 days,30 days,Out of Stock,4.1,None,No,3.5/5,India
Shop_69,Shop_69_P0032,Item_32,14214,261,1 days,7 days,Out of Stock,4.3,None,Yes,3.6/5,India
Shop_69,Shop_69_P0033,Item_33,43371,678,6 days,7 days,In Stock,4.6,Free shipping,No,3.0/5,India
Shop_69,Shop_69_P0034,Item_34,24360,580,3 days,30 days,Out of Stock,3.8,10% off,Yes,3.6/5,India
Shop_69,Shop_69_P0035,Item_35,47571,636,4 days,7 days,Out of Stock,3.6,Free shipping,No,3.9/5,India
Shop_69,Shop_69_P0036,Item_36,17700,53,1 days,30 days,Out of Stock,3.9,None,Yes,3.7/5,India
Shop_69,Shop_69_P0037,Item_37,9277,513,6 days,14 days,In Stock,3.3,10% off,Yes,4.2/5,India
Shop_69,Shop_69_P0038,Item_38,20200,487,6 days,7 days,Out of Stock,4.9,None,No,4.2/5,India
Shop_69,Shop_69_P0039,Item_39,37234,619,1 days,30 days,In Stock,4.6,None,Yes,3.6/5,India
Shop_69,Shop_69_P0040,Item_40,6423,680,4 days,30 days,In Stock,4.5,None,No,3.0/5,India
Shop_69,Shop_69_P0041,Item_41,33838,600,6 days,7 days,Out of Stock,3.4,Free shipping,Yes,4.0/5,India
Shop_69,Shop_69_P0042,Item_42,37936,469,1 days,7 days,Out of Stock,4.4,Free shipping,Yes,3.1/5,India
Shop_69,Shop_69_P0043,Item_43,39944,664,3 days,7 days,Out of Stock,4.4,Free shipping,Yes,3.3/5,India
Shop_69,Shop_69_P0044,Item_44,22626,158,4 days,14 days,In Stock,3.0,None,No,4.2/5,India
Shop_69,Shop_69_P0045,Item_45,11088,661,2 days,14 days,Out of Stock,3.4,None,Yes,4.3/5,India
Shop_69,Shop_69_P0046,Item_46,35840,365,5 days,14 days,Out of Stock,4.5,10% off,Yes,4.7/5,India
Shop_69,Shop_69_P0047,Item_47,6656,166,5 days,30 days,Out of Stock,3.8,Free shipping,Yes,4.6/5,India
Shop_69,Shop_69_P0048,Item_48,4880,369,1 days,30 days,In Stock,4.4,Free shipping,No,4.7/5,India
Shop_69,Shop_69_P0049,Item_49,33647,564,4 days,7 days,Out of Stock,3.2,Free shipping,Yes,4.2/5,India
Shop_69,Shop_69_P0050,Item_50,18896,125,2 days,7 days,Out of Stock,3.0,Free shipping,Yes,3.2/5,India
Shop_69,Shop_69_P0051,Item_51,8300,372,6 days,7 days,In Stock,3.8,10% off,Yes,3.1/5,India
Shop_69,Shop_69_P0052,Item_52,17004,91,6 days,14 days,In Stock,3.1,None,No,4.8/5,India
Shop_69,Shop_69_P0053,Item_53,24752,661,2 days,14 days,Out of Stock,4.7,None,Yes,4.1/5,India
Shop_69,Shop_69_P0054,Item_54,41152,560,4 days,7 days,In Stock,3.2,Free shipping,Yes,4.9/5,India
Shop_69,Shop_69_P0055,Item_55,4536,504,3 days,7 days,Out of Stock,4.4,Free shipping,Yes,4.6/5,India
Shop_69,Shop_69_P0056,Item_56,958,690,6 days,30 days,Out of Stock,3.9,None,No,4.7/5,India
Shop_69,Shop_69_P0057,Item_57,45110,565,2 days,30 days,In Stock,4.8,10% off,No,4.0/5,India
Shop_69,Shop_69_P0058,Item_58,37758,641,5 days,30 days,Out of Stock,4.1,None,Yes,3.1/5,India
Shop_69,Shop_69_P0059,Item_59,16824,84,7 days,14 days,In Stock,4.7,None,No,3.8/5,India
Shop_69,Shop_69_P0060,Item_60,1921,463,4 days,30 days,Out of Stock,3.0,Free shipping,Yes,4.5/5,India
Shop_69,Shop_69_P0061,Item_61,19558,517,7 days,30 days,Out of Stock,4.8,None,Yes,4.5/5,India
Shop_69,Shop_69_P0062,Item_62,44811,391,6 days,14 days,In Stock,3.9,10% off,Yes,4.5/5,India
Shop_69,Shop_69_P0063,Item_63,3567,373,1 days,30 days,Out of Stock,4.5,None,Yes,4.7/5,India
Shop_69,Shop_69_P0064,Item_64,40955,409,6 days,7 days,In Stock,3.1,None,Yes,3.0/5,India
Shop_69,Shop_69_P0065,Item_65,24809,488,5 days,14 days,Out of Stock,3.8,None,Yes,4.6/5,India
Shop_69,Shop_69_P0066,Item_66,32431,26,6 days,7 days,Out of Stock,3.3,None,Yes,4.0/5,India
Shop_69,Shop_69_P0067,Item_67,17906,501,3 days,7 days,Out of Stock,4.7,None,Yes,4.6/5,India
Shop_69,Shop_69_P0068,Item_68,7714,160,1 days,7 days,In Stock,4.8,10% off,Yes,3.0/5,India
Shop_69,Shop_69_P0069,Item_69,48645,153,3 days,30 days,In Stock,4.3,None,Yes,4.7/5,India
Shop_69,Shop_69_P0070,Item_70,48420,600,2 days,14 days,Out of Stock,4.1,10% off,Yes,3.6/5,India
Shop_69,Shop_69_P0071,Item_71,1329,296,4 days,7 days,In Stock,4.5,None,No,4.4/5,India
Shop_69,Shop_69_P0072,Item_72,43773,681,2 days,30 days,In Stock,4.9,None,No,4.9/5,India
Shop_69,Shop_69_P0073,Item_73,39420,290,2 days,30 days,In Stock,4.6,Free shipping,No,4.1/5,India
Shop_69,Shop_69_P0074,Item_74,36135,578,2 days,30 days,Out of Stock,3.1,Free shipping,Yes,3.8/5,India
Shop_69,Shop_69_P0075,Item_75,28580,537,3 days,7 days,In Stock,4.7,10% off,Yes,4.8/5,India
Shop_69,Shop_69_P0076,Item_76,3438,340,5 days,30 days,Out of Stock,4.6,Free shipping,Yes,3.9/5,India
Shop_69,Shop_69_P0077,Item_77,28421,451,1 days,7 days,Out of Stock,4.6,None,Yes,3.6/5,India
Shop_69,Shop_69_P0078,Item_78,17602,74,4 days,30 days,Out of Stock,4.1,None,Yes,3.6/5,India
Shop_69,Shop_69_P0079,Item_79,8102,426,5 days,30 days,In Stock,3.1,10% off,No,5.0/5,India
Shop_69,Shop_69_P0080,Item_80,20782,99,6 days,14 days,Out of Stock,3.9,None,No,3.5/5,India
Shop_69,Shop_69_P0081,Item_81,46569,445,5 days,7 days,Out of Stock,3.2,10% off,No,4.0/5,India
Shop_69,Shop_69_P0082,Item_82,12058,137,3 days,30 days,Out of Stock,4.4,Free shipping,Yes,4.7/5,India
Shop_69,Shop_69_P0083,Item_83,18743,214,5 days,7 days,Out of Stock,4.2,10% off,Yes,3.6/5,India
Shop_69,Shop_69_P0084,Item_84,36458,317,5 days,14 days,In Stock,3.6,Free shipping,Yes,4.7/5,India
Shop_69,Shop_69_P0085,Item_85,12541,365,2 days,30 days,In Stock,3.3,None,No,4.8/5,India
Shop_69,Shop_69_P0086,Item_86,4372,329,2 days,14 days,Out of Stock,5.0,None,Yes,4.1/5,India
Shop_69,Shop_69_P0087,Item_87,30541,342,1 days,14 days,Out of Stock,4.3,Free shipping,No,3.6/5,India
Shop_69,Shop_69_P0088,Item_88,21122,489,1 days,14 days,Out of Stock,4.2,10% off,Yes,4.8/5,India
Shop_69,Shop_69_P0089,Item_89,14347,516,7 days,14 days,In Stock,3.3,None,Yes,4.4/5,India
Shop_69,Shop_69_P0090,Item_90,42395,636,7 days,14 days,In Stock,4.1,10% off,No,5.0/5,India
Shop_69,Shop_69_P0091,Item_91,26448,407,4 days,14 days,Out of Stock,3.7,10% off,No,4.4/5,India
Shop_69,Shop_69_P0092,Item_92,35594,150,6 days,14 days,Out of Stock,4.6,None,No,4.2/5,India
Shop_69,Shop_69_P0093,Item_93,48011,615,6 days,7 days,Out of Stock,3.9,None,No,3.5/5,India
Shop_69,Shop_69_P0094,Item_94,37819,182,7 days,7 days,In Stock,4.6,None,No,3.4/5,India
Shop_69,Shop_69_P0095,Item_95,24380,163,7 days,30 days,Out of Stock,4.2,Free shipping,No,3.8/5,India
Shop_69,Shop_69_P0096,Item_96,20751,423,7 days,30 days,In Stock,4.1,10% off,Yes,4.9/5,India
Shop_69,Shop_69_P0097,Item_97,37193,207,1 days,7 days,Out of Stock,3.1,10% off,Yes,4.3/5,India
Shop_69,Shop_69_P0098,Item_98,25562,372,6 days,14 days,Out of Stock,4.9,None,No,3.7/5,India
Shop_69,Shop_69_P0099,Item_99,30592,523,5 days,30 days,In Stock,3.4,Free shipping,Yes,3.5/5,India
Shop_69,Shop_69_P0100,Item_100,5952,159,3 days,14 days,In Stock,4.4,None,No,3.5/5,India
Shop_70,Shop_70_P0001,Item_1,635,184,5 days,14 days,In Stock,3.7,Free shipping,No,3.6/5,India
Shop_70,Shop_70_P0002,Item_2,17981,444,2 days,30 days,Out of Stock,3.7,10% off,No,4.4/5,India
Shop_70,Shop_70_P0003,Item_3,10731,177,3 days,30 days,In Stock,4.3,None,No,3.2/5,India
Shop_70,Shop_70_P0004,Item_4,38362,276,1 days,7 days,In Stock,4.9,None,No,3.7/5,India
Shop_70,Shop_70_P0005,Item_5,39408,123,3 days,7 days,In Stock,3.7,None,Yes,4.8/5,India
Shop_70,Shop_70_P0006,Item_6,28988,190,6 days,7 days,In Stock,4.5,Free shipping,Yes,3.4/5,India
Shop_70,Shop_70_P0007,Item_7,42225,651,2 days,14 days,In Stock,3.9,None,No,3.8/5,India
Shop_70,Shop_70_P0008,Item_8,767,657,7 days,7 days,Out of Stock,4.0,10% off,No,3.6/5,India
Shop_70,Shop_70_P0009,Item_9,5496,143,4 days,14 days,In Stock,4.5,Free shipping,No,3.2/5,India
Shop_70,Shop_70_P0010,Item_10,27204,566,3 days,30 days,In Stock,4.8,None,No,4.9/5,India
Shop_70,Shop_70_P0011,Item_11,25953,452,1 days,30 days,Out of Stock,3.0,None,No,3.8/5,India
Shop_70,Shop_70_P0012,Item_12,24986,573,7 days,7 days,In Stock,3.7,None,Yes,4.9/5,India
Shop_70,Shop_70_P0013,Item_13,12453,622,2 days,7 days,In Stock,4.8,Free shipping,No,4.4/5,India
Shop_70,Shop_70_P0014,Item_14,1311,111,1 days,7 days,Out of Stock,3.2,Free shipping,No,3.8/5,India
Shop_70,Shop_70_P0015,Item_15,34452,625,3 days,14 days,Out of Stock,4.2,Free shipping,Yes,3.6/5,India
Shop_70,Shop_70_P0016,Item_16,46239,216,4 days,7 days,In Stock,4.2,10% off,Yes,4.9/5,India
Shop_70,Shop_70_P0017,Item_17,12290,193,4 days,30 days,In Stock,5.0,Free shipping,Yes,3.3/5,India
Shop_70,Shop_70_P0018,Item_18,48879,205,3 days,30 days,Out of Stock,3.9,None,Yes,3.5/5,India
Shop_70,Shop_70_P0019,Item_19,6138,647,7 days,7 days,In Stock,3.0,10% off,Yes,5.0/5,India
Shop_70,Shop_70_P0020,Item_20,3710,236,1 days,14 days,In Stock,3.2,None,Yes,4.0/5,India
Shop_70,Shop_70_P0021,Item_21,24828,496,2 days,30 days,In Stock,4.9,Free shipping,Yes,4.5/5,India
Shop_70,Shop_70_P0022,Item_22,40437,588,1 days,30 days,In Stock,3.0,None,Yes,3.4/5,India
Shop_70,Shop_70_P0023,Item_23,35039,257,6 days,7 days,Out of Stock,3.9,None,Yes,5.0/5,India
Shop_70,Shop_70_P0024,Item_24,4989,590,3 days,7 days,In Stock,3.4,None,Yes,4.9/5,India
Shop_70,Shop_70_P0025,Item_25,42524,423,4 days,14 days,In Stock,5.0,10% off,No,3.2/5,India
Shop_70,Shop_70_P0026,Item_26,26590,616,2 days,7 days,Out of Stock,3.1,Free shipping,Yes,3.1/5,India
Shop_70,Shop_70_P0027,Item_27,39618,424,7 days,7 days,Out of Stock,4.3,Free shipping,Yes,4.0/5,India
Shop_70,Shop_70_P0028,Item_28,34492,367,6 days,30 days,In Stock,4.5,None,Yes,4.1/5,India
Shop_70,Shop_70_P0029,Item_29,43542,372,7 days,7 days,In Stock,4.5,Free shipping,No,4.3/5,India
Shop_70,Shop_70_P0030,Item_30,18865,356,4 days,30 days,In Stock,4.6,None,No,3.7/5,India
Shop_70,Shop_70_P0031,Item_31,12326,601,1 days,7 days,Out of Stock,4.1,10% off,Yes,3.2/5,India
Shop_70,Shop_70_P0032,Item_32,30052,412,6 days,30 days,In Stock,4.4,None,No,4.8/5,India
Shop_70,Shop_70_P0033,Item_33,32695,194,2 days,30 days,In Stock,3.0,None,Yes,3.7/5,India
Shop_70,Shop_70_P0034,Item_34,19469,113,5 days,14 days,Out of Stock,3.0,10% off,Yes,3.1/5,India
Shop_70,Shop_70_P0035,Item_35,12105,53,4 days,30 days,Out of Stock,4.4,None,Yes,3.6/5,India
Shop_70,Shop_70_P0036,Item_36,5330,172,3 days,14 days,In Stock,4.2,None,No,4.7/5,India
Shop_70,Shop_70_P0037,Item_37,25596,261,1 days,14 days,In Stock,3.3,None,No,4.4/5,India
Shop_70,Shop_70_P0038,Item_38,1869,290,2 days,30 days,In Stock,3.5,10% off,No,4.3/5,India
Shop_70,Shop_70_P0039,Item_39,29871,606,4 days,7 days,In Stock,4.6,Free shipping,Yes,3.2/5,India
Shop_70,Shop_70_P0040,Item_40,16766,209,7 days,14 days,Out of Stock,4.1,Free shipping,No,4.1/5,India
Shop_70,Shop_70_P0041,Item_41,27648,548,6 days,7 days,Out of Stock,5.0,None,Yes,4.3/5,India
Shop_70,Shop_70_P0042,Item_42,16224,592,3 days,7 days,Out of Stock,3.8,Free shipping,No,4.6/5,India
Shop_70,Shop_70_P0043,Item_43,44781,617,2 days,30 days,In Stock,4.2,10% off,Yes,4.6/5,India
Shop_70,Shop_70_P0044,Item_44,43053,167,4 days,14 days,Out of Stock,4.9,10% off,Yes,4.2/5,India
Shop_70,Shop_70_P0045,Item_45,39778,334,5 days,30 days,In Stock,3.2,Free shipping,Yes,3.6/5,India
Shop_70,Shop_70_P0046,Item_46,31706,505,7 days,7 days,Out of Stock,4.1,Free shipping,No,3.7/5,India
Shop_70,Shop_70_P0047,Item_47,32977,449,2 days,7 days,In Stock,4.4,Free shipping,No,4.8/5,India
Shop_70,Shop_70_P0048,Item_48,48034,664,3 days,14 days,Out of Stock,3.3,Free shipping,Yes,4.0/5,India
Shop_70,Shop_70_P0049,Item_49,22784,621,6 days,30 days,Out of Stock,3.8,10% off,No,3.6/5,India
Shop_70,Shop_70_P0050,Item_50,36824,125,4 days,30 days,In Stock,3.2,10% off,No,4.7/5,India
Shop_70,Shop_70_P0051,Item_51,5156,530,4 days,30 days,Out of Stock,4.3,Free shipping,Yes,3.9/5,India
Shop_70,Shop_70_P0052,Item_52,9341,323,5 days,30 days,In Stock,4.9,10% off,Yes,4.8/5,India
Shop_70,Shop_70_P0053,Item_53,1965,592,1 days,7 days,In Stock,4.8,None,Yes,3.9/5,India
Shop_70,Shop_70_P0054,Item_54,10044,471,3 days,7 days,Out of Stock,3.6,10% off,No,5.0/5,India
Shop_70,Shop_70_P0055,Item_55,29032,68,5 days,30 days,In Stock,3.9,Free shipping,No,4.4/5,India
Shop_70,Shop_70_P0056,Item_56,21626,548,3 days,14 days,In Stock,4.1,10% off,Yes,3.4/5,India
Shop_70,Shop_70_P0057,Item_57,49276,69,7 days,30 days,In Stock,4.6,Free shipping,Yes,3.8/5,India
Shop_70,Shop_70_P0058,Item_58,4049,107,5 days,7 days,In Stock,3.2,10% off,No,3.6/5,India
Shop_70,Shop_70_P0059,Item_59,34330,198,1 days,30 days,Out of Stock,3.4,Free shipping,Yes,3.6/5,India
Shop_70,Shop_70_P0060,Item_60,28127,697,6 days,7 days,In Stock,3.1,Free shipping,Yes,4.1/5,India
Shop_70,Shop_70_P0061,Item_61,45760,208,1 days,14 days,Out of Stock,3.6,10% off,Yes,4.1/5,India
Shop_70,Shop_70_P0062,Item_62,7945,683,2 days,30 days,In Stock,4.5,Free shipping,Yes,4.4/5,India
Shop_70,Shop_70_P0063,Item_63,27954,495,1 days,14 days,In Stock,4.5,10% off,Yes,4.0/5,India
Shop_70,Shop_70_P0064,Item_64,25334,292,4 days,30 days,In Stock,3.9,None,No,3.2/5,India
Shop_70,Shop_70_P0065,Item_65,45385,75,1 days,30 days,In Stock,3.7,Free shipping,Yes,4.9/5,India
Shop_70,Shop_70_P0066,Item_66,13298,187,1 days,14 days,Out of Stock,5.0,Free shipping,No,4.0/5,India
Shop_70,Shop_70_P0067,Item_67,38121,211,6 days,7 days,In Stock,4.4,None,No,4.5/5,India
Shop_70,Shop_70_P0068,Item_68,24773,279,5 days,14 days,In Stock,5.0,Free shipping,Yes,3.6/5,India
Shop_70,Shop_70_P0069,Item_69,15973,285,4 days,7 days,In Stock,3.6,Free shipping,No,4.0/5,India
Shop_70,Shop_70_P0070,Item_70,7601,454,3 days,7 days,Out of Stock,4.2,10% off,Yes,3.3/5,India
Shop_70,Shop_70_P0071,Item_71,43611,568,5 days,30 days,In Stock,4.5,Free shipping,No,4.9/5,India
Shop_70,Shop_70_P0072,Item_72,26605,363,3 days,14 days,Out of Stock,4.6,None,Yes,3.3/5,India
Shop_70,Shop_70_P0073,Item_73,37626,633,7 days,14 days,Out of Stock,3.4,10% off,Yes,5.0/5,India
Shop_70,Shop_70_P0074,Item_74,16481,170,7 days,14 days,In Stock,3.0,None,No,4.0/5,India
Shop_70,Shop_70_P0075,Item_75,30274,276,5 days,7 days,Out of Stock,4.6,10% off,Yes,4.8/5,India
Shop_70,Shop_70_P0076,Item_76,35716,258,4 days,14 days,Out of Stock,4.6,None,No,4.1/5,India
Shop_70,Shop_70_P0077,Item_77,34258,98,3 days,14 days,Out of Stock,3.1,10% off,No,3.9/5,India
Shop_70,Shop_70_P0078,Item_78,31688,359,7 days,30 days,In Stock,4.4,None,No,4.0/5,India
Shop_70,Shop_70_P0079,Item_79,38741,300,4 days,30 days,In Stock,4.1,Free shipping,No,3.7/5,India
Shop_70,Shop_70_P0080,Item_80,17672,127,2 days,14 days,Out of Stock,3.7,Free shipping,No,4.4/5,India
Shop_70,Shop_70_P0081,Item_81,35063,694,7 days,7 days,Out of Stock,3.3,None,Yes,4.4/5,India
Shop_70,Shop_70_P0082,Item_82,45287,341,6 days,7 days,Out of Stock,3.6,None,Yes,4.0/5,India
Shop_70,Shop_70_P0083,Item_83,47917,438,5 days,30 days,In Stock,4.2,10% off,Yes,3.0/5,India
Shop_70,Shop_70_P0084,Item_84,12597,446,7 days,14 days,In Stock,3.2,None,No,4.9/5,India
Shop_70,Shop_70_P0085,Item_85,2688,125,1 days,14 days,Out of Stock,3.2,None,No,4.3/5,India
Shop_70,Shop_70_P0086,Item_86,2850,632,2 days,7 days,Out of Stock,3.6,None,Yes,3.0/5,India
Shop_70,Shop_70_P0087,Item_87,41487,43,6 days,30 days,Out of Stock,3.6,10% off,No,4.0/5,India
Shop_70,Shop_70_P0088,Item_88,6437,77,1 days,7 days,In Stock,4.4,10% off,Yes,3.1/5,India
Shop_70,Shop_70_P0089,Item_89,49163,686,3 days,7 days,In Stock,3.7,None,Yes,3.3/5,India
Shop_70,Shop_70_P0090,Item_90,44750,375,2 days,30 days,In Stock,4.2,Free shipping,Yes,3.7/5,India
Shop_70,Shop_70_P0091,Item_91,41262,375,6 days,7 days,In Stock,3.0,Free shipping,No,4.3/5,India
Shop_70,Shop_70_P0092,Item_92,10835,187,4 days,7 days,Out of Stock,3.4,10% off,No,4.4/5,India
Shop_70,Shop_70_P0093,Item_93,18596,506,5 days,7 days,In Stock,3.0,None,No,4.7/5,India
Shop_70,Shop_70_P0094,Item_94,3729,345,4 days,14 days,In Stock,3.5,10% off,No,4.6/5,India
Shop_70,Shop_70_P0095,Item_95,8085,433,4 days,7 days,Out of Stock,4.7,Free shipping,Yes,4.9/5,India
Shop_70,Shop_70_P0096,Item_96,1136,255,6 days,30 days,Out of Stock,4.6,Free shipping,Yes,4.4/5,India
Shop_70,Shop_70_P0097,Item_97,11096,87,5 days,30 days,In Stock,4.7,10% off,No,4.4/5,India
Shop_70,Shop_70_P0098,Item_98,31685,470,7 days,7 days,In Stock,4.6,10% off,No,3.4/5,India
Shop_70,Shop_70_P0099,Item_99,3406,209,2 days,7 days,In Stock,4.4,10% off,No,3.7/5,India
Shop_70,Shop_70_P0100,Item_100,43973,260,3 days,30 days,In Stock,4.6,None,Yes,4.4/5,India
Shop_71,Shop_71_P0001,Item_1,28146,693,6 days,14 days,Out of Stock,5.0,None,No,4.2/5,India
Shop_71,Shop_71_P0002,Item_2,34309,463,5 days,14 days,In Stock,3.0,10% off,No,3.2/5,India
Shop_71,Shop_71_P0003,Item_3,34387,61,7 days,30 days,Out of Stock,4.9,10% off,Yes,4.4/5,India
Shop_71,Shop_71_P0004,Item_4,41524,256,1 days,14 days,In Stock,3.9,10% off,Yes,4.0/5,India
Shop_71,Shop_71_P0005,Item_5,36035,589,3 days,14 days,Out of Stock,3.2,Free shipping,No,4.4/5,India
Shop_71,Shop_71_P0006,Item_6,5915,496,3 days,7 days,In Stock,4.5,10% off,No,4.5/5,India
Shop_71,Shop_71_P0007,Item_7,30163,141,6 days,30 days,Out of Stock,3.5,Free shipping,Yes,3.9/5,India
Shop_71,Shop_71_P0008,Item_8,15726,257,7 days,7 days,In Stock,3.9,Free shipping,No,3.6/5,India
Shop_71,Shop_71_P0009,Item_9,20890,98,3 days,30 days,In Stock,4.8,10% off,Yes,3.1/5,India
Shop_71,Shop_71_P0010,Item_10,31533,69,2 days,14 days,In Stock,4.5,Free shipping,No,3.7/5,India
Shop_71,Shop_71_P0011,Item_11,3435,213,1 days,7 days,Out of Stock,4.6,Free shipping,Yes,3.9/5,India
Shop_71,Shop_71_P0012,Item_12,33055,456,7 days,7 days,Out of Stock,3.7,None,Yes,4.2/5,India
Shop_71,Shop_71_P0013,Item_13,21354,646,3 days,30 days,In Stock,4.2,None,Yes,3.9/5,India
Shop_71,Shop_71_P0014,Item_14,40102,29,7 days,14 days,Out of Stock,4.8,Free shipping,Yes,3.1/5,India
Shop_71,Shop_71_P0015,Item_15,25861,83,2 days,30 days,Out of Stock,4.6,None,No,3.2/5,India
Shop_71,Shop_71_P0016,Item_16,41518,392,2 days,7 days,Out of Stock,4.9,10% off,No,4.8/5,India
Shop_71,Shop_71_P0017,Item_17,32956,652,6 days,7 days,In Stock,3.5,None,Yes,3.6/5,India
Shop_71,Shop_71_P0018,Item_18,18343,429,1 days,30 days,In Stock,4.5,Free shipping,Yes,3.1/5,India
Shop_71,Shop_71_P0019,Item_19,47804,145,4 days,7 days,In Stock,4.7,Free shipping,Yes,4.6/5,India
Shop_71,Shop_71_P0020,Item_20,5594,491,1 days,14 days,Out of Stock,4.5,10% off,No,3.8/5,India
Shop_71,Shop_71_P0021,Item_21,36864,447,5 days,30 days,Out of Stock,3.6,Free shipping,No,4.6/5,India
Shop_71,Shop_71_P0022,Item_22,49686,290,6 days,7 days,In Stock,3.3,10% off,Yes,4.3/5,India
Shop_71,Shop_71_P0023,Item_23,14413,38,2 days,14 days,Out of Stock,3.2,None,No,3.9/5,India
Shop_71,Shop_71_P0024,Item_24,31628,102,7 days,7 days,In Stock,3.8,10% off,Yes,3.9/5,India
Shop_71,Shop_71_P0025,Item_25,7652,582,6 days,30 days,In Stock,4.9,10% off,Yes,4.0/5,India
Shop_71,Shop_71_P0026,Item_26,48736,25,5 days,7 days,In Stock,3.8,Free shipping,Yes,5.0/5,India
Shop_71,Shop_71_P0027,Item_27,8315,451,6 days,14 days,Out of Stock,4.8,Free shipping,No,3.5/5,India
Shop_71,Shop_71_P0028,Item_28,41886,176,3 days,30 days,In Stock,3.4,10% off,No,4.9/5,India
Shop_71,Shop_71_P0029,Item_29,25546,148,7 days,7 days,Out of Stock,4.4,10% off,No,3.5/5,India
Shop_71,Shop_71_P0030,Item_30,39206,649,5 days,30 days,In Stock,4.4,Free shipping,Yes,4.8/5,India
Shop_71,Shop_71_P0031,Item_31,28099,244,1 days,30 days,In Stock,4.9,None,Yes,4.8/5,India
Shop_71,Shop_71_P0032,Item_32,11115,558,5 days,30 days,In Stock,4.4,Free shipping,Yes,4.2/5,India
Shop_71,Shop_71_P0033,Item_33,41036,425,4 days,30 days,Out of Stock,4.9,10% off,No,4.2/5,India
Shop_71,Shop_71_P0034,Item_34,5385,85,4 days,30 days,In Stock,5.0,None,Yes,4.2/5,India
Shop_71,Shop_71_P0035,Item_35,33016,34,7 days,30 days,Out of Stock,3.4,10% off,Yes,3.3/5,India
Shop_71,Shop_71_P0036,Item_36,48799,476,7 days,14 days,Out of Stock,4.9,None,No,4.6/5,India
Shop_71,Shop_71_P0037,Item_37,39327,210,2 days,7 days,In Stock,4.6,Free shipping,No,3.2/5,India
Shop_71,Shop_71_P0038,Item_38,8090,41,3 days,30 days,Out of Stock,4.1,10% off,Yes,4.2/5,India
Shop_71,Shop_71_P0039,Item_39,9703,156,6 days,7 days,Out of Stock,3.7,Free shipping,Yes,4.6/5,India
Shop_71,Shop_71_P0040,Item_40,8609,651,2 days,7 days,Out of Stock,4.1,Free shipping,No,4.0/5,India
Shop_71,Shop_71_P0041,Item_41,18088,353,5 days,30 days,Out of Stock,3.4,10% off,Yes,4.3/5,India
Shop_71,Shop_71_P0042,Item_42,9085,133,2 days,14 days,Out of Stock,4.7,Free shipping,No,3.2/5,India
Shop_71,Shop_71_P0043,Item_43,43468,364,2 days,30 days,Out of Stock,4.2,10% off,Yes,4.1/5,India
Shop_71,Shop_71_P0044,Item_44,20528,424,3 days,7 days,In Stock,4.0,10% off,Yes,3.5/5,India
Shop_71,Shop_71_P0045,Item_45,7103,644,7 days,7 days,In Stock,3.3,10% off,No,4.1/5,India
Shop_71,Shop_71_P0046,Item_46,14912,536,3 days,14 days,Out of Stock,4.4,None,No,3.6/5,India
Shop_71,Shop_71_P0047,Item_47,26513,174,4 days,30 days,Out of Stock,3.5,10% off,No,3.2/5,India
Shop_71,Shop_71_P0048,Item_48,49914,341,1 days,30 days,In Stock,5.0,10% off,Yes,5.0/5,India
Shop_71,Shop_71_P0049,Item_49,48418,334,6 days,7 days,In Stock,3.8,None,Yes,4.1/5,India
Shop_71,Shop_71_P0050,Item_50,16830,582,7 days,7 days,In Stock,4.0,10% off,No,4.9/5,India
Shop_71,Shop_71_P0051,Item_51,8848,583,7 days,30 days,Out of Stock,4.0,None,Yes,3.4/5,India
Shop_71,Shop_71_P0052,Item_52,18054,79,1 days,7 days,Out of Stock,3.5,None,No,3.0/5,India
Shop_71,Shop_71_P0053,Item_53,28432,417,2 days,7 days,In Stock,3.8,Free shipping,Yes,3.3/5,India
Shop_71,Shop_71_P0054,Item_54,18033,620,2 days,7 days,Out of Stock,3.7,None,No,3.9/5,India
Shop_71,Shop_71_P0055,Item_55,48812,164,3 days,14 days,Out of Stock,4.7,10% off,Yes,4.0/5,India
Shop_71,Shop_71_P0056,Item_56,28470,57,2 days,14 days,Out of Stock,4.3,None,Yes,3.3/5,India
Shop_71,Shop_71_P0057,Item_57,620,668,1 days,30 days,In Stock,5.0,Free shipping,Yes,3.7/5,India
Shop_71,Shop_71_P0058,Item_58,47065,694,6 days,7 days,Out of Stock,4.0,None,Yes,4.7/5,India
Shop_71,Shop_71_P0059,Item_59,47218,261,7 days,14 days,Out of Stock,4.2,10% off,No,4.8/5,India
Shop_71,Shop_71_P0060,Item_60,42320,197,6 days,30 days,In Stock,3.3,None,Yes,4.5/5,India
Shop_71,Shop_71_P0061,Item_61,37895,390,3 days,30 days,In Stock,3.0,Free shipping,Yes,3.2/5,India
Shop_71,Shop_71_P0062,Item_62,24595,285,1 days,14 days,Out of Stock,3.7,Free shipping,No,4.2/5,India
Shop_71,Shop_71_P0063,Item_63,2978,51,1 days,7 days,Out of Stock,4.3,None,No,4.5/5,India
Shop_71,Shop_71_P0064,Item_64,35798,558,3 days,14 days,In Stock,5.0,10% off,Yes,3.5/5,India
Shop_71,Shop_71_P0065,Item_65,41560,170,3 days,14 days,Out of Stock,3.6,10% off,Yes,4.1/5,India
Shop_71,Shop_71_P0066,Item_66,13225,270,3 days,14 days,Out of Stock,3.9,None,No,3.1/5,India
Shop_71,Shop_71_P0067,Item_67,25438,198,4 days,7 days,Out of Stock,4.0,None,No,3.3/5,India
Shop_71,Shop_71_P0068,Item_68,5661,268,3 days,7 days,In Stock,3.1,10% off,Yes,3.9/5,India
Shop_71,Shop_71_P0069,Item_69,30174,377,7 days,30 days,In Stock,3.7,10% off,No,4.1/5,India
Shop_71,Shop_71_P0070,Item_70,2369,268,1 days,30 days,Out of Stock,4.0,None,No,3.6/5,India
Shop_71,Shop_71_P0071,Item_71,16855,111,1 days,30 days,In Stock,3.8,10% off,Yes,4.6/5,India
Shop_71,Shop_71_P0072,Item_72,3998,478,5 days,30 days,Out of Stock,3.0,None,No,3.8/5,India
Shop_71,Shop_71_P0073,Item_73,6558,343,2 days,14 days,In Stock,4.5,10% off,No,3.9/5,India
Shop_71,Shop_71_P0074,Item_74,3065,538,7 days,14 days,Out of Stock,3.0,Free shipping,No,4.6/5,India
Shop_71,Shop_71_P0075,Item_75,23098,510,5 days,30 days,Out of Stock,3.2,Free shipping,No,4.5/5,India
Shop_71,Shop_71_P0076,Item_76,27597,108,5 days,14 days,In Stock,4.3,Free shipping,Yes,4.6/5,India
Shop_71,Shop_71_P0077,Item_77,13955,649,6 days,30 days,Out of Stock,4.4,Free shipping,Yes,4.7/5,India
Shop_71,Shop_71_P0078,Item_78,31602,75,3 days,30 days,In Stock,4.1,Free shipping,No,3.1/5,India
Shop_71,Shop_71_P0079,Item_79,45115,438,1 days,7 days,Out of Stock,3.9,None,No,4.9/5,India
Shop_71,Shop_71_P0080,Item_80,26147,519,1 days,7 days,Out of Stock,4.5,None,Yes,3.5/5,India
Shop_71,Shop_71_P0081,Item_81,20209,57,2 days,7 days,In Stock,3.3,10% off,Yes,4.2/5,India
Shop_71,Shop_71_P0082,Item_82,6384,638,5 days,7 days,In Stock,3.8,10% off,No,3.0/5,India
Shop_71,Shop_71_P0083,Item_83,22614,365,7 days,7 days,Out of Stock,5.0,Free shipping,Yes,4.6/5,India
Shop_71,Shop_71_P0084,Item_84,38282,178,2 days,30 days,In Stock,3.9,None,No,3.9/5,India
Shop_71,Shop_71_P0085,Item_85,24657,647,6 days,7 days,Out of Stock,4.8,None,Yes,4.8/5,India
Shop_71,Shop_71_P0086,Item_86,24950,682,3 days,7 days,Out of Stock,4.8,None,No,4.8/5,India
Shop_71,Shop_71_P0087,Item_87,43312,544,2 days,30 days,Out of Stock,4.5,None,Yes,4.1/5,India
Shop_71,Shop_71_P0088,Item_88,43253,699,4 days,14 days,Out of Stock,4.3,10% off,Yes,3.8/5,India
Shop_71,Shop_71_P0089,Item_89,14066,602,2 days,7 days,In Stock,3.8,None,Yes,4.0/5,India
Shop_71,Shop_71_P0090,Item_90,1626,162,2 days,7 days,Out of Stock,3.5,None,Yes,4.0/5,India
Shop_71,Shop_71_P0091,Item_91,39343,352,5 days,7 days,In Stock,4.4,10% off,No,4.5/5,India
Shop_71,Shop_71_P0092,Item_92,21621,315,7 days,14 days,In Stock,3.7,Free shipping,Yes,3.3/5,India
Shop_71,Shop_71_P0093,Item_93,46464,412,7 days,14 days,Out of Stock,3.4,Free shipping,Yes,3.7/5,India
Shop_71,Shop_71_P0094,Item_94,31565,205,3 days,30 days,In Stock,4.9,10% off,No,4.0/5,India
Shop_71,Shop_71_P0095,Item_95,25980,163,3 days,7 days,In Stock,4.8,Free shipping,Yes,3.3/5,India
Shop_71,Shop_71_P0096,Item_96,19285,195,6 days,7 days,Out of Stock,3.3,Free shipping,Yes,4.0/5,India
Shop_71,Shop_71_P0097,Item_97,47095,663,7 days,7 days,In Stock,4.4,Free shipping,Yes,4.2/5,India
Shop_71,Shop_71_P0098,Item_98,21051,538,6 days,14 days,In Stock,3.1,Free shipping,Yes,5.0/5,India
Shop_71,Shop_71_P0099,Item_99,7782,247,7 days,30 days,In Stock,4.2,Free shipping,Yes,3.7/5,India
Shop_71,Shop_71_P0100,Item_100,19642,150,1 days,14 days,Out of Stock,3.6,10% off,No,3.4/5,India
Shop_72,Shop_72_P0001,Item_1,46837,496,4 days,7 days,In Stock,5.0,Free shipping,Yes,5.0/5,India
Shop_72,Shop_72_P0002,Item_2,39652,438,7 days,7 days,Out of Stock,4.5,None,Yes,4.8/5,India
Shop_72,Shop_72_P0003,Item_3,31987,535,2 days,30 days,Out of Stock,3.3,None,Yes,5.0/5,India
Shop_72,Shop_72_P0004,Item_4,35361,541,5 days,14 days,Out of Stock,4.3,10% off,No,4.7/5,India
Shop_72,Shop_72_P0005,Item_5,15561,668,2 days,14 days,Out of Stock,3.4,None,No,3.6/5,India
Shop_72,Shop_72_P0006,Item_6,3167,40,7 days,14 days,In Stock,3.7,Free shipping,Yes,4.9/5,India
Shop_72,Shop_72_P0007,Item_7,27086,536,3 days,30 days,In Stock,3.5,None,No,3.3/5,India
Shop_72,Shop_72_P0008,Item_8,11891,682,3 days,7 days,Out of Stock,4.5,None,Yes,4.6/5,India
Shop_72,Shop_72_P0009,Item_9,9395,248,6 days,7 days,Out of Stock,3.7,10% off,No,3.7/5,India
Shop_72,Shop_72_P0010,Item_10,27483,63,5 days,14 days,In Stock,4.8,Free shipping,Yes,4.9/5,India
Shop_72,Shop_72_P0011,Item_11,32303,377,7 days,30 days,Out of Stock,4.0,None,No,4.2/5,India
Shop_72,Shop_72_P0012,Item_12,37232,317,3 days,30 days,In Stock,4.8,None,Yes,4.2/5,India
Shop_72,Shop_72_P0013,Item_13,39055,160,5 days,30 days,Out of Stock,4.7,10% off,Yes,4.5/5,India
Shop_72,Shop_72_P0014,Item_14,42872,28,7 days,30 days,Out of Stock,3.3,None,No,3.3/5,India
Shop_72,Shop_72_P0015,Item_15,1781,316,1 days,7 days,Out of Stock,3.7,Free shipping,No,3.9/5,India
Shop_72,Shop_72_P0016,Item_16,20677,362,2 days,7 days,In Stock,4.7,Free shipping,No,4.9/5,India
Shop_72,Shop_72_P0017,Item_17,1388,350,2 days,14 days,In Stock,4.2,None,No,3.3/5,India
Shop_72,Shop_72_P0018,Item_18,28822,419,4 days,30 days,Out of Stock,3.9,None,Yes,4.6/5,India
Shop_72,Shop_72_P0019,Item_19,12032,439,5 days,14 days,Out of Stock,4.2,None,Yes,4.4/5,India
Shop_72,Shop_72_P0020,Item_20,2942,280,6 days,14 days,In Stock,3.1,Free shipping,No,3.3/5,India
Shop_72,Shop_72_P0021,Item_21,31369,33,6 days,14 days,Out of Stock,3.3,10% off,No,4.1/5,India
Shop_72,Shop_72_P0022,Item_22,31777,637,5 days,7 days,Out of Stock,3.9,Free shipping,Yes,4.9/5,India
Shop_72,Shop_72_P0023,Item_23,7394,231,1 days,30 days,Out of Stock,3.4,None,Yes,4.9/5,India
Shop_72,Shop_72_P0024,Item_24,28462,690,6 days,14 days,In Stock,4.6,Free shipping,No,3.4/5,India
Shop_72,Shop_72_P0025,Item_25,9428,40,5 days,30 days,Out of Stock,4.6,None,No,4.8/5,India
Shop_72,Shop_72_P0026,Item_26,37046,222,1 days,14 days,Out of Stock,3.5,10% off,No,4.9/5,India
Shop_72,Shop_72_P0027,Item_27,8038,271,3 days,7 days,Out of Stock,3.1,None,Yes,3.0/5,India
Shop_72,Shop_72_P0028,Item_28,33001,492,1 days,7 days,Out of Stock,4.6,None,No,4.7/5,India
Shop_72,Shop_72_P0029,Item_29,20916,98,3 days,7 days,Out of Stock,3.8,10% off,No,4.1/5,India
Shop_72,Shop_72_P0030,Item_30,23545,310,4 days,14 days,Out of Stock,5.0,None,No,4.6/5,India
Shop_72,Shop_72_P0031,Item_31,41934,677,6 days,30 days,Out of Stock,4.9,None,Yes,4.6/5,India
Shop_72,Shop_72_P0032,Item_32,5503,257,3 days,30 days,Out of Stock,4.7,10% off,No,4.7/5,India
Shop_72,Shop_72_P0033,Item_33,13390,664,1 days,30 days,Out of Stock,3.8,10% off,Yes,3.6/5,India
Shop_72,Shop_72_P0034,Item_34,19384,521,5 days,30 days,Out of Stock,3.5,None,No,4.2/5,India
Shop_72,Shop_72_P0035,Item_35,24249,162,2 days,14 days,Out of Stock,4.1,10% off,No,4.1/5,India
Shop_72,Shop_72_P0036,Item_36,5837,157,7 days,7 days,Out of Stock,4.7,10% off,No,4.2/5,India
Shop_72,Shop_72_P0037,Item_37,25738,602,4 days,14 days,Out of Stock,4.6,10% off,Yes,3.8/5,India
Shop_72,Shop_72_P0038,Item_38,37436,578,1 days,30 days,Out of Stock,5.0,10% off,Yes,4.0/5,India
Shop_72,Shop_72_P0039,Item_39,16189,654,7 days,30 days,Out of Stock,3.3,Free shipping,Yes,3.3/5,India
Shop_72,Shop_72_P0040,Item_40,13841,370,3 days,30 days,In Stock,4.8,Free shipping,No,4.6/5,India
Shop_72,Shop_72_P0041,Item_41,38902,274,1 days,30 days,In Stock,3.4,Free shipping,No,3.8/5,India
Shop_72,Shop_72_P0042,Item_42,48944,301,4 days,7 days,Out of Stock,4.9,Free shipping,No,4.8/5,India
Shop_72,Shop_72_P0043,Item_43,45293,62,5 days,14 days,Out of Stock,4.4,10% off,Yes,4.5/5,India
Shop_72,Shop_72_P0044,Item_44,26483,41,5 days,7 days,Out of Stock,3.1,None,No,4.2/5,India
Shop_72,Shop_72_P0045,Item_45,4895,503,6 days,7 days,Out of Stock,4.1,Free shipping,Yes,4.1/5,India
Shop_72,Shop_72_P0046,Item_46,10794,334,3 days,14 days,In Stock,4.0,None,Yes,3.9/5,India
Shop_72,Shop_72_P0047,Item_47,12274,194,3 days,7 days,In Stock,3.1,10% off,Yes,3.5/5,India
Shop_72,Shop_72_P0048,Item_48,34795,671,3 days,7 days,In Stock,4.8,Free shipping,Yes,4.5/5,India
Shop_72,Shop_72_P0049,Item_49,27951,155,2 days,30 days,In Stock,4.1,None,No,4.7/5,India
Shop_72,Shop_72_P0050,Item_50,43108,341,5 days,14 days,Out of Stock,4.0,10% off,No,4.3/5,India
Shop_72,Shop_72_P0051,Item_51,16301,203,7 days,7 days,Out of Stock,4.2,Free shipping,No,3.7/5,India
Shop_72,Shop_72_P0052,Item_52,49046,72,7 days,14 days,In Stock,4.0,None,Yes,4.1/5,India
Shop_72,Shop_72_P0053,Item_53,29786,348,7 days,14 days,Out of Stock,4.9,10% off,Yes,4.6/5,India
Shop_72,Shop_72_P0054,Item_54,41442,301,5 days,7 days,In Stock,5.0,None,Yes,4.8/5,India
Shop_72,Shop_72_P0055,Item_55,4388,60,5 days,14 days,In Stock,3.1,Free shipping,No,3.8/5,India
Shop_72,Shop_72_P0056,Item_56,15034,26,5 days,7 days,Out of Stock,3.4,10% off,Yes,3.2/5,India
Shop_72,Shop_72_P0057,Item_57,27928,522,5 days,7 days,Out of Stock,4.5,None,No,3.8/5,India
Shop_72,Shop_72_P0058,Item_58,25210,284,7 days,14 days,In Stock,3.7,None,No,3.2/5,India
Shop_72,Shop_72_P0059,Item_59,46437,517,5 days,7 days,Out of Stock,4.0,None,No,4.2/5,India
Shop_72,Shop_72_P0060,Item_60,21881,563,2 days,30 days,Out of Stock,4.7,10% off,No,3.1/5,India
Shop_72,Shop_72_P0061,Item_61,23779,401,3 days,7 days,Out of Stock,4.0,None,Yes,3.0/5,India
Shop_72,Shop_72_P0062,Item_62,26629,250,5 days,30 days,Out of Stock,4.1,Free shipping,Yes,4.8/5,India
Shop_72,Shop_72_P0063,Item_63,4050,130,3 days,30 days,Out of Stock,4.7,None,Yes,4.0/5,India
Shop_72,Shop_72_P0064,Item_64,41148,598,3 days,30 days,In Stock,3.3,Free shipping,Yes,3.7/5,India
Shop_72,Shop_72_P0065,Item_65,12259,575,6 days,14 days,Out of Stock,4.0,10% off,Yes,3.8/5,India
Shop_72,Shop_72_P0066,Item_66,42607,431,2 days,30 days,In Stock,4.3,Free shipping,Yes,4.2/5,India
Shop_72,Shop_72_P0067,Item_67,37792,295,3 days,14 days,In Stock,3.2,10% off,No,4.1/5,India
Shop_72,Shop_72_P0068,Item_68,5670,151,1 days,14 days,Out of Stock,4.8,None,No,4.8/5,India
Shop_72,Shop_72_P0069,Item_69,41026,35,4 days,7 days,Out of Stock,3.2,10% off,Yes,3.2/5,India
Shop_72,Shop_72_P0070,Item_70,4291,138,2 days,14 days,In Stock,3.9,10% off,No,3.2/5,India
Shop_72,Shop_72_P0071,Item_71,29189,228,2 days,30 days,In Stock,3.7,10% off,No,4.5/5,India
Shop_72,Shop_72_P0072,Item_72,26341,540,2 days,14 days,Out of Stock,4.0,None,No,3.3/5,India
Shop_72,Shop_72_P0073,Item_73,28601,219,5 days,7 days,In Stock,3.7,None,Yes,3.2/5,India
Shop_72,Shop_72_P0074,Item_74,48893,480,1 days,14 days,In Stock,4.2,Free shipping,No,4.8/5,India
Shop_72,Shop_72_P0075,Item_75,31869,310,2 days,14 days,In Stock,3.2,10% off,No,3.7/5,India
Shop_72,Shop_72_P0076,Item_76,36762,444,3 days,30 days,In Stock,4.4,None,Yes,4.1/5,India
Shop_72,Shop_72_P0077,Item_77,19425,501,2 days,7 days,In Stock,4.9,None,No,4.5/5,India
Shop_72,Shop_72_P0078,Item_78,8336,443,3 days,30 days,Out of Stock,4.8,Free shipping,Yes,3.6/5,India
Shop_72,Shop_72_P0079,Item_79,32640,470,3 days,14 days,Out of Stock,4.4,Free shipping,Yes,4.5/5,India
Shop_72,Shop_72_P0080,Item_80,44429,529,5 days,30 days,In Stock,3.2,10% off,Yes,3.9/5,India
Shop_72,Shop_72_P0081,Item_81,8101,498,5 days,14 days,In Stock,3.4,Free shipping,Yes,4.8/5,India
Shop_72,Shop_72_P0082,Item_82,10540,574,4 days,14 days,Out of Stock,3.5,10% off,Yes,3.5/5,India
Shop_72,Shop_72_P0083,Item_83,27146,545,7 days,14 days,In Stock,3.9,None,No,3.6/5,India
Shop_72,Shop_72_P0084,Item_84,28644,610,6 days,30 days,In Stock,3.6,10% off,Yes,4.6/5,India
Shop_72,Shop_72_P0085,Item_85,4691,476,1 days,14 days,In Stock,3.1,Free shipping,Yes,3.1/5,India
Shop_72,Shop_72_P0086,Item_86,13156,426,2 days,7 days,In Stock,4.1,None,No,3.4/5,India
Shop_72,Shop_72_P0087,Item_87,2524,309,5 days,30 days,Out of Stock,3.3,None,No,3.4/5,India
Shop_72,Shop_72_P0088,Item_88,6836,290,1 days,30 days,Out of Stock,4.6,Free shipping,Yes,4.3/5,India
Shop_72,Shop_72_P0089,Item_89,38465,146,2 days,14 days,Out of Stock,3.4,10% off,No,4.2/5,India
Shop_72,Shop_72_P0090,Item_90,18069,103,2 days,30 days,Out of Stock,3.8,10% off,Yes,4.3/5,India
Shop_72,Shop_72_P0091,Item_91,49870,614,7 days,30 days,In Stock,3.1,Free shipping,Yes,4.2/5,India
Shop_72,Shop_72_P0092,Item_92,28509,633,1 days,7 days,Out of Stock,4.8,10% off,No,4.1/5,India
Shop_72,Shop_72_P0093,Item_93,32290,79,7 days,30 days,In Stock,3.4,10% off,Yes,3.5/5,India
Shop_72,Shop_72_P0094,Item_94,39180,543,3 days,14 days,In Stock,4.5,None,Yes,4.0/5,India
Shop_72,Shop_72_P0095,Item_95,40692,157,1 days,14 days,Out of Stock,4.9,None,Yes,4.9/5,India
Shop_72,Shop_72_P0096,Item_96,42166,100,2 days,7 days,In Stock,3.7,10% off,Yes,3.3/5,India
Shop_72,Shop_72_P0097,Item_97,34037,623,5 days,30 days,Out of Stock,3.8,None,Yes,3.6/5,India
Shop_72,Shop_72_P0098,Item_98,32685,274,2 days,14 days,In Stock,4.7,Free shipping,No,4.8/5,India
Shop_72,Shop_72_P0099,Item_99,31544,211,2 days,14 days,In Stock,4.7,Free shipping,No,4.6/5,India
Shop_72,Shop_72_P0100,Item_100,8511,453,6 days,14 days,Out of Stock,4.7,None,Yes,3.3/5,India
Shop_73,Shop_73_P0001,Item_1,31041,226,6 days,14 days,In Stock,3.0,10% off,No,4.1/5,India
Shop_73,Shop_73_P0002,Item_2,39227,453,7 days,7 days,In Stock,4.4,Free shipping,No,4.1/5,India
Shop_73,Shop_73_P0003,Item_3,12975,103,1 days,30 days,In Stock,3.5,10% off,No,4.6/5,India
Shop_73,Shop_73_P0004,Item_4,39958,536,3 days,14 days,Out of Stock,4.8,None,Yes,3.1/5,India
Shop_73,Shop_73_P0005,Item_5,32156,390,1 days,30 days,Out of Stock,4.4,10% off,No,3.1/5,India
Shop_73,Shop_73_P0006,Item_6,33675,310,7 days,7 days,In Stock,3.6,Free shipping,Yes,4.4/5,India
Shop_73,Shop_73_P0007,Item_7,19106,230,7 days,14 days,Out of Stock,3.5,None,Yes,3.4/5,India
Shop_73,Shop_73_P0008,Item_8,26025,95,6 days,30 days,Out of Stock,3.7,10% off,Yes,4.4/5,India
Shop_73,Shop_73_P0009,Item_9,42948,61,2 days,14 days,Out of Stock,3.9,None,Yes,3.8/5,India
Shop_73,Shop_73_P0010,Item_10,6468,45,5 days,30 days,Out of Stock,4.0,None,No,3.5/5,India
Shop_73,Shop_73_P0011,Item_11,32248,40,4 days,7 days,Out of Stock,4.2,None,Yes,3.3/5,India
Shop_73,Shop_73_P0012,Item_12,29067,647,2 days,30 days,In Stock,3.9,None,Yes,3.8/5,India
Shop_73,Shop_73_P0013,Item_13,42992,188,5 days,7 days,In Stock,3.2,Free shipping,No,3.4/5,India
Shop_73,Shop_73_P0014,Item_14,42922,664,7 days,7 days,Out of Stock,4.0,None,No,4.2/5,India
Shop_73,Shop_73_P0015,Item_15,48973,586,7 days,7 days,In Stock,3.4,Free shipping,Yes,3.9/5,India
Shop_73,Shop_73_P0016,Item_16,27778,354,3 days,14 days,In Stock,4.9,None,No,4.6/5,India
Shop_73,Shop_73_P0017,Item_17,23048,320,3 days,30 days,In Stock,4.3,Free shipping,Yes,4.8/5,India
Shop_73,Shop_73_P0018,Item_18,30064,550,6 days,14 days,Out of Stock,3.3,10% off,No,4.2/5,India
Shop_73,Shop_73_P0019,Item_19,885,520,4 days,7 days,In Stock,4.5,10% off,Yes,3.9/5,India
Shop_73,Shop_73_P0020,Item_20,37236,267,4 days,14 days,In Stock,4.3,Free shipping,Yes,3.8/5,India
Shop_73,Shop_73_P0021,Item_21,31486,272,5 days,7 days,Out of Stock,3.3,Free shipping,Yes,4.3/5,India
Shop_73,Shop_73_P0022,Item_22,46287,309,5 days,30 days,Out of Stock,4.3,None,No,3.3/5,India
Shop_73,Shop_73_P0023,Item_23,32747,263,2 days,7 days,Out of Stock,4.8,None,No,4.0/5,India
Shop_73,Shop_73_P0024,Item_24,43110,687,2 days,30 days,In Stock,4.1,Free shipping,Yes,3.5/5,India
Shop_73,Shop_73_P0025,Item_25,49493,177,6 days,30 days,In Stock,4.9,10% off,Yes,4.5/5,India
Shop_73,Shop_73_P0026,Item_26,8666,467,6 days,30 days,In Stock,4.3,None,Yes,4.6/5,India
Shop_73,Shop_73_P0027,Item_27,20402,400,5 days,7 days,Out of Stock,4.7,Free shipping,Yes,4.3/5,India
Shop_73,Shop_73_P0028,Item_28,37915,364,2 days,14 days,Out of Stock,3.5,10% off,No,3.6/5,India
Shop_73,Shop_73_P0029,Item_29,49439,417,5 days,14 days,Out of Stock,3.6,10% off,No,3.4/5,India
Shop_73,Shop_73_P0030,Item_30,32949,299,7 days,14 days,Out of Stock,3.2,Free shipping,Yes,4.6/5,India
Shop_73,Shop_73_P0031,Item_31,9589,79,4 days,30 days,Out of Stock,4.7,None,Yes,4.2/5,India
Shop_73,Shop_73_P0032,Item_32,11404,190,1 days,30 days,Out of Stock,4.7,10% off,No,3.5/5,India
Shop_73,Shop_73_P0033,Item_33,38114,688,1 days,14 days,Out of Stock,4.2,None,Yes,3.5/5,India
Shop_73,Shop_73_P0034,Item_34,15520,418,3 days,30 days,In Stock,3.3,Free shipping,Yes,3.2/5,India
Shop_73,Shop_73_P0035,Item_35,23848,40,1 days,30 days,In Stock,3.3,None,Yes,4.5/5,India
Shop_73,Shop_73_P0036,Item_36,39773,333,5 days,14 days,In Stock,3.3,None,Yes,4.8/5,India
Shop_73,Shop_73_P0037,Item_37,25269,223,1 days,7 days,In Stock,3.0,Free shipping,No,4.7/5,India
Shop_73,Shop_73_P0038,Item_38,33261,650,2 days,14 days,Out of Stock,4.7,Free shipping,No,3.4/5,India
Shop_73,Shop_73_P0039,Item_39,8834,605,6 days,7 days,Out of Stock,3.8,Free shipping,Yes,4.2/5,India
Shop_73,Shop_73_P0040,Item_40,49533,391,1 days,14 days,Out of Stock,4.0,Free shipping,No,4.2/5,India
Shop_73,Shop_73_P0041,Item_41,35437,186,4 days,14 days,Out of Stock,4.2,10% off,No,3.4/5,India
Shop_73,Shop_73_P0042,Item_42,19432,535,7 days,30 days,In Stock,4.5,None,No,4.1/5,India
Shop_73,Shop_73_P0043,Item_43,20708,308,6 days,7 days,Out of Stock,5.0,10% off,Yes,3.4/5,India
Shop_73,Shop_73_P0044,Item_44,27213,162,5 days,7 days,Out of Stock,4.2,None,No,3.9/5,India
Shop_73,Shop_73_P0045,Item_45,29872,148,2 days,14 days,In Stock,4.0,Free shipping,No,3.0/5,India
Shop_73,Shop_73_P0046,Item_46,18172,499,6 days,30 days,In Stock,3.5,10% off,Yes,3.5/5,India
Shop_73,Shop_73_P0047,Item_47,32125,466,5 days,14 days,In Stock,3.1,10% off,No,4.9/5,India
Shop_73,Shop_73_P0048,Item_48,25301,406,5 days,7 days,Out of Stock,3.9,None,Yes,4.2/5,India
Shop_73,Shop_73_P0049,Item_49,14334,590,3 days,30 days,In Stock,4.0,Free shipping,Yes,4.2/5,India
Shop_73,Shop_73_P0050,Item_50,1365,48,2 days,14 days,In Stock,4.3,10% off,Yes,3.9/5,India
Shop_73,Shop_73_P0051,Item_51,44891,146,5 days,7 days,Out of Stock,4.1,None,No,3.6/5,India
Shop_73,Shop_73_P0052,Item_52,45980,346,2 days,30 days,In Stock,3.6,Free shipping,No,3.9/5,India
Shop_73,Shop_73_P0053,Item_53,19754,457,4 days,7 days,Out of Stock,4.9,10% off,Yes,4.4/5,India
Shop_73,Shop_73_P0054,Item_54,13455,195,3 days,30 days,In Stock,4.2,10% off,No,4.7/5,India
Shop_73,Shop_73_P0055,Item_55,10977,331,6 days,30 days,In Stock,4.3,10% off,Yes,4.0/5,India
Shop_73,Shop_73_P0056,Item_56,31417,394,7 days,7 days,Out of Stock,3.5,None,Yes,3.7/5,India
Shop_73,Shop_73_P0057,Item_57,41539,451,5 days,30 days,Out of Stock,4.1,None,Yes,4.7/5,India
Shop_73,Shop_73_P0058,Item_58,4723,412,6 days,14 days,In Stock,3.1,Free shipping,No,4.3/5,India
Shop_73,Shop_73_P0059,Item_59,14919,664,5 days,7 days,In Stock,4.9,None,No,3.1/5,India
Shop_73,Shop_73_P0060,Item_60,3050,324,5 days,14 days,In Stock,3.8,10% off,No,4.7/5,India
Shop_73,Shop_73_P0061,Item_61,32020,191,5 days,7 days,In Stock,3.5,Free shipping,Yes,4.1/5,India
Shop_73,Shop_73_P0062,Item_62,49060,131,6 days,14 days,In Stock,4.2,Free shipping,No,3.2/5,India
Shop_73,Shop_73_P0063,Item_63,30309,142,1 days,30 days,In Stock,3.1,10% off,Yes,3.1/5,India
Shop_73,Shop_73_P0064,Item_64,928,379,6 days,7 days,Out of Stock,4.4,Free shipping,No,3.2/5,India
Shop_73,Shop_73_P0065,Item_65,15439,73,3 days,30 days,Out of Stock,4.9,Free shipping,No,3.2/5,India
Shop_73,Shop_73_P0066,Item_66,28398,37,4 days,14 days,Out of Stock,4.1,Free shipping,Yes,4.2/5,India
Shop_73,Shop_73_P0067,Item_67,6993,553,7 days,7 days,Out of Stock,3.7,Free shipping,No,4.7/5,India
Shop_73,Shop_73_P0068,Item_68,7277,453,7 days,14 days,Out of Stock,3.7,None,Yes,4.8/5,India
Shop_73,Shop_73_P0069,Item_69,786,324,2 days,7 days,In Stock,4.7,Free shipping,Yes,3.2/5,India
Shop_73,Shop_73_P0070,Item_70,1691,190,5 days,14 days,Out of Stock,3.2,Free shipping,No,3.3/5,India
Shop_73,Shop_73_P0071,Item_71,49938,251,1 days,7 days,In Stock,3.6,None,No,4.7/5,India
Shop_73,Shop_73_P0072,Item_72,23899,498,3 days,30 days,Out of Stock,4.3,None,Yes,3.5/5,India
Shop_73,Shop_73_P0073,Item_73,10422,218,3 days,30 days,In Stock,4.2,Free shipping,Yes,4.7/5,India
Shop_73,Shop_73_P0074,Item_74,27063,304,1 days,14 days,In Stock,3.9,Free shipping,Yes,4.6/5,India
Shop_73,Shop_73_P0075,Item_75,24819,244,6 days,30 days,In Stock,3.7,Free shipping,No,4.8/5,India
Shop_73,Shop_73_P0076,Item_76,24205,140,3 days,30 days,In Stock,4.2,None,Yes,4.5/5,India
Shop_73,Shop_73_P0077,Item_77,33857,510,5 days,14 days,Out of Stock,3.0,10% off,No,3.1/5,India
Shop_73,Shop_73_P0078,Item_78,39109,351,7 days,7 days,In Stock,3.1,10% off,No,3.8/5,India
Shop_73,Shop_73_P0079,Item_79,11693,600,7 days,7 days,In Stock,3.1,10% off,No,4.0/5,India
Shop_73,Shop_73_P0080,Item_80,20761,487,2 days,7 days,In Stock,4.1,None,Yes,3.1/5,India
Shop_73,Shop_73_P0081,Item_81,34648,29,1 days,7 days,Out of Stock,3.3,None,Yes,4.0/5,India
Shop_73,Shop_73_P0082,Item_82,40027,324,7 days,7 days,In Stock,4.0,10% off,Yes,4.7/5,India
Shop_73,Shop_73_P0083,Item_83,46898,169,4 days,7 days,In Stock,3.7,10% off,Yes,4.6/5,India
Shop_73,Shop_73_P0084,Item_84,1218,85,5 days,30 days,In Stock,5.0,None,Yes,4.0/5,India
Shop_73,Shop_73_P0085,Item_85,36766,29,5 days,30 days,In Stock,3.5,Free shipping,No,3.2/5,India
Shop_73,Shop_73_P0086,Item_86,26436,519,2 days,14 days,Out of Stock,4.2,10% off,Yes,4.7/5,India
Shop_73,Shop_73_P0087,Item_87,12110,261,2 days,30 days,Out of Stock,4.8,None,No,4.4/5,India
Shop_73,Shop_73_P0088,Item_88,20896,532,1 days,14 days,Out of Stock,4.0,None,No,3.3/5,India
Shop_73,Shop_73_P0089,Item_89,7582,533,7 days,30 days,In Stock,4.0,None,Yes,3.6/5,India
Shop_73,Shop_73_P0090,Item_90,23675,237,4 days,30 days,In Stock,4.9,Free shipping,No,3.4/5,India
Shop_73,Shop_73_P0091,Item_91,38914,236,1 days,7 days,Out of Stock,4.0,10% off,Yes,3.8/5,India
Shop_73,Shop_73_P0092,Item_92,5305,651,1 days,14 days,Out of Stock,4.4,None,No,4.6/5,India
Shop_73,Shop_73_P0093,Item_93,42405,619,5 days,14 days,Out of Stock,4.4,10% off,No,4.5/5,India
Shop_73,Shop_73_P0094,Item_94,28462,486,2 days,30 days,Out of Stock,4.9,None,No,4.6/5,India
Shop_73,Shop_73_P0095,Item_95,17641,438,6 days,7 days,Out of Stock,4.3,10% off,Yes,3.6/5,India
Shop_73,Shop_73_P0096,Item_96,30563,272,2 days,30 days,In Stock,3.3,Free shipping,Yes,4.8/5,India
Shop_73,Shop_73_P0097,Item_97,35277,615,3 days,7 days,Out of Stock,3.3,None,No,4.7/5,India
Shop_73,Shop_73_P0098,Item_98,41752,428,4 days,14 days,In Stock,4.7,Free shipping,Yes,3.5/5,India
Shop_73,Shop_73_P0099,Item_99,5183,476,2 days,30 days,Out of Stock,3.8,10% off,Yes,4.0/5,India
Shop_73,Shop_73_P0100,Item_100,21200,113,4 days,14 days,Out of Stock,3.2,Free shipping,No,4.9/5,India
Shop_74,Shop_74_P0001,Item_1,31195,652,3 days,14 days,Out of Stock,4.9,10% off,No,4.2/5,India
Shop_74,Shop_74_P0002,Item_2,30489,610,1 days,14 days,Out of Stock,3.4,None,No,3.8/5,India
Shop_74,Shop_74_P0003,Item_3,34361,89,3 days,14 days,In Stock,4.6,None,No,4.9/5,India
Shop_74,Shop_74_P0004,Item_4,4799,308,5 days,7 days,In Stock,3.2,Free shipping,No,4.5/5,India
Shop_74,Shop_74_P0005,Item_5,16047,614,6 days,30 days,Out of Stock,4.4,10% off,Yes,4.8/5,India
Shop_74,Shop_74_P0006,Item_6,16046,375,1 days,14 days,In Stock,4.6,Free shipping,No,3.1/5,India
Shop_74,Shop_74_P0007,Item_7,14713,311,4 days,30 days,Out of Stock,4.1,10% off,No,3.2/5,India
Shop_74,Shop_74_P0008,Item_8,48032,524,1 days,7 days,Out of Stock,3.1,None,Yes,4.8/5,India
Shop_74,Shop_74_P0009,Item_9,5050,185,5 days,30 days,In Stock,3.8,None,Yes,4.9/5,India
Shop_74,Shop_74_P0010,Item_10,29325,377,4 days,7 days,Out of Stock,4.4,10% off,No,4.1/5,India
Shop_74,Shop_74_P0011,Item_11,3733,62,3 days,30 days,Out of Stock,4.3,Free shipping,Yes,4.0/5,India
Shop_74,Shop_74_P0012,Item_12,13002,396,7 days,30 days,Out of Stock,3.1,10% off,Yes,4.8/5,India
Shop_74,Shop_74_P0013,Item_13,36110,500,2 days,30 days,In Stock,3.9,Free shipping,No,4.2/5,India
Shop_74,Shop_74_P0014,Item_14,22558,545,1 days,14 days,Out of Stock,4.0,Free shipping,Yes,3.6/5,India
Shop_74,Shop_74_P0015,Item_15,39976,691,2 days,14 days,In Stock,3.6,Free shipping,No,4.7/5,India
Shop_74,Shop_74_P0016,Item_16,12664,265,5 days,14 days,Out of Stock,4.9,Free shipping,No,4.6/5,India
Shop_74,Shop_74_P0017,Item_17,30955,468,3 days,30 days,Out of Stock,3.6,None,No,3.0/5,India
Shop_74,Shop_74_P0018,Item_18,1902,458,2 days,7 days,Out of Stock,4.3,None,Yes,3.6/5,India
Shop_74,Shop_74_P0019,Item_19,31114,305,6 days,14 days,In Stock,3.9,None,No,3.1/5,India
Shop_74,Shop_74_P0020,Item_20,22102,21,1 days,30 days,In Stock,4.5,Free shipping,Yes,3.7/5,India
Shop_74,Shop_74_P0021,Item_21,34195,599,7 days,14 days,In Stock,4.4,10% off,Yes,3.9/5,India
Shop_74,Shop_74_P0022,Item_22,21880,326,1 days,14 days,In Stock,5.0,None,No,4.5/5,India
Shop_74,Shop_74_P0023,Item_23,46607,107,3 days,7 days,In Stock,3.9,10% off,No,3.5/5,India
Shop_74,Shop_74_P0024,Item_24,30548,381,6 days,14 days,In Stock,3.3,None,Yes,3.7/5,India
Shop_74,Shop_74_P0025,Item_25,30868,492,3 days,14 days,Out of Stock,3.5,None,Yes,3.7/5,India
Shop_74,Shop_74_P0026,Item_26,41807,622,3 days,7 days,In Stock,4.5,None,No,4.8/5,India
Shop_74,Shop_74_P0027,Item_27,28575,115,1 days,7 days,In Stock,4.8,Free shipping,Yes,3.8/5,India
Shop_74,Shop_74_P0028,Item_28,43292,446,3 days,7 days,Out of Stock,3.2,10% off,Yes,3.3/5,India
Shop_74,Shop_74_P0029,Item_29,13234,228,6 days,7 days,Out of Stock,4.6,None,No,3.9/5,India
Shop_74,Shop_74_P0030,Item_30,45181,681,3 days,30 days,In Stock,3.0,10% off,No,4.5/5,India
Shop_74,Shop_74_P0031,Item_31,3174,397,4 days,30 days,In Stock,4.9,None,No,4.8/5,India
Shop_74,Shop_74_P0032,Item_32,3691,410,6 days,30 days,Out of Stock,4.0,10% off,No,4.4/5,India
Shop_74,Shop_74_P0033,Item_33,752,402,4 days,30 days,Out of Stock,4.8,Free shipping,Yes,4.7/5,India
Shop_74,Shop_74_P0034,Item_34,23011,598,2 days,7 days,In Stock,3.1,Free shipping,No,3.3/5,India
Shop_74,Shop_74_P0035,Item_35,36379,445,2 days,30 days,In Stock,4.7,Free shipping,Yes,3.5/5,India
Shop_74,Shop_74_P0036,Item_36,47859,90,5 days,14 days,In Stock,3.8,10% off,Yes,4.1/5,India
Shop_74,Shop_74_P0037,Item_37,34614,51,1 days,30 days,In Stock,3.2,None,No,3.5/5,India
Shop_74,Shop_74_P0038,Item_38,17423,654,7 days,14 days,In Stock,3.5,Free shipping,Yes,3.2/5,India
Shop_74,Shop_74_P0039,Item_39,18879,677,1 days,7 days,In Stock,3.8,10% off,Yes,4.8/5,India
Shop_74,Shop_74_P0040,Item_40,45256,417,3 days,30 days,Out of Stock,3.4,10% off,Yes,4.6/5,India
Shop_74,Shop_74_P0041,Item_41,15592,373,5 days,7 days,In Stock,4.0,Free shipping,No,4.3/5,India
Shop_74,Shop_74_P0042,Item_42,912,365,5 days,30 days,In Stock,3.7,None,Yes,4.1/5,India
Shop_74,Shop_74_P0043,Item_43,25458,588,7 days,30 days,Out of Stock,3.8,10% off,No,5.0/5,India
Shop_74,Shop_74_P0044,Item_44,22551,597,6 days,30 days,Out of Stock,3.1,Free shipping,Yes,3.2/5,India
Shop_74,Shop_74_P0045,Item_45,47113,148,4 days,14 days,In Stock,3.8,10% off,Yes,3.9/5,India
Shop_74,Shop_74_P0046,Item_46,3234,160,1 days,7 days,Out of Stock,3.1,Free shipping,No,3.2/5,India
Shop_74,Shop_74_P0047,Item_47,1031,129,3 days,7 days,In Stock,4.5,None,Yes,3.7/5,India
Shop_74,Shop_74_P0048,Item_48,15855,91,4 days,30 days,Out of Stock,4.0,Free shipping,No,4.2/5,India
Shop_74,Shop_74_P0049,Item_49,35984,202,3 days,7 days,In Stock,4.2,10% off,Yes,3.4/5,India
Shop_74,Shop_74_P0050,Item_50,28229,507,1 days,30 days,Out of Stock,4.9,None,Yes,3.8/5,India
Shop_74,Shop_74_P0051,Item_51,21693,567,7 days,7 days,In Stock,4.9,Free shipping,Yes,3.9/5,India
Shop_74,Shop_74_P0052,Item_52,43220,301,7 days,7 days,In Stock,4.0,Free shipping,No,3.8/5,India
Shop_74,Shop_74_P0053,Item_53,2644,34,7 days,7 days,Out of Stock,3.0,Free shipping,Yes,3.7/5,India
Shop_74,Shop_74_P0054,Item_54,41858,176,5 days,30 days,Out of Stock,4.1,10% off,No,3.7/5,India
Shop_74,Shop_74_P0055,Item_55,29958,342,6 days,30 days,In Stock,4.2,None,No,3.6/5,India
Shop_74,Shop_74_P0056,Item_56,11814,26,4 days,30 days,In Stock,3.9,None,No,3.3/5,India
Shop_74,Shop_74_P0057,Item_57,30871,521,1 days,7 days,Out of Stock,3.0,10% off,Yes,3.0/5,India
Shop_74,Shop_74_P0058,Item_58,39731,408,3 days,30 days,In Stock,3.8,Free shipping,Yes,3.6/5,India
Shop_74,Shop_74_P0059,Item_59,45987,43,3 days,7 days,In Stock,3.6,Free shipping,No,4.8/5,India
Shop_74,Shop_74_P0060,Item_60,21468,443,5 days,14 days,In Stock,4.9,10% off,No,4.8/5,India
Shop_74,Shop_74_P0061,Item_61,11352,268,5 days,14 days,Out of Stock,4.4,Free shipping,No,3.2/5,India
Shop_74,Shop_74_P0062,Item_62,10113,384,2 days,7 days,In Stock,4.5,Free shipping,No,3.0/5,India
Shop_74,Shop_74_P0063,Item_63,8472,56,1 days,14 days,In Stock,4.1,Free shipping,Yes,4.4/5,India
Shop_74,Shop_74_P0064,Item_64,7629,616,1 days,14 days,Out of Stock,3.0,None,Yes,3.7/5,India
Shop_74,Shop_74_P0065,Item_65,12675,33,3 days,7 days,Out of Stock,4.1,10% off,Yes,4.6/5,India
Shop_74,Shop_74_P0066,Item_66,20155,268,7 days,14 days,Out of Stock,4.3,10% off,Yes,3.4/5,India
Shop_74,Shop_74_P0067,Item_67,13729,324,3 days,14 days,In Stock,3.2,None,No,3.6/5,India
Shop_74,Shop_74_P0068,Item_68,3660,49,5 days,14 days,Out of Stock,4.0,None,No,3.9/5,India
Shop_74,Shop_74_P0069,Item_69,11602,333,2 days,7 days,Out of Stock,3.7,10% off,No,3.1/5,India
Shop_74,Shop_74_P0070,Item_70,27679,354,2 days,7 days,Out of Stock,3.9,10% off,No,3.3/5,India
Shop_74,Shop_74_P0071,Item_71,40928,292,3 days,14 days,Out of Stock,4.7,Free shipping,No,4.1/5,India
Shop_74,Shop_74_P0072,Item_72,34696,583,2 days,14 days,Out of Stock,3.6,None,No,4.9/5,India
Shop_74,Shop_74_P0073,Item_73,33048,507,6 days,7 days,In Stock,4.5,10% off,Yes,4.1/5,India
Shop_74,Shop_74_P0074,Item_74,7263,422,6 days,7 days,In Stock,3.5,None,No,3.6/5,India
Shop_74,Shop_74_P0075,Item_75,7534,214,7 days,7 days,In Stock,4.0,Free shipping,Yes,4.1/5,India
Shop_74,Shop_74_P0076,Item_76,10621,134,1 days,30 days,Out of Stock,3.5,Free shipping,Yes,4.5/5,India
Shop_74,Shop_74_P0077,Item_77,25430,247,7 days,14 days,Out of Stock,4.1,10% off,Yes,5.0/5,India
Shop_74,Shop_74_P0078,Item_78,5001,115,2 days,30 days,In Stock,4.3,Free shipping,Yes,4.1/5,India
Shop_74,Shop_74_P0079,Item_79,37927,626,6 days,7 days,Out of Stock,4.4,Free shipping,No,4.8/5,India
Shop_74,Shop_74_P0080,Item_80,11092,646,5 days,14 days,Out of Stock,3.7,Free shipping,No,3.0/5,India
Shop_74,Shop_74_P0081,Item_81,27364,638,2 days,14 days,In Stock,4.1,10% off,Yes,4.2/5,India
Shop_74,Shop_74_P0082,Item_82,43401,82,3 days,14 days,In Stock,3.8,None,No,3.9/5,India
Shop_74,Shop_74_P0083,Item_83,22661,29,6 days,14 days,Out of Stock,4.3,Free shipping,Yes,4.4/5,India
Shop_74,Shop_74_P0084,Item_84,41070,649,1 days,7 days,Out of Stock,4.7,Free shipping,Yes,4.5/5,India
Shop_74,Shop_74_P0085,Item_85,43370,420,5 days,30 days,In Stock,3.1,None,Yes,3.8/5,India
Shop_74,Shop_74_P0086,Item_86,13006,285,7 days,7 days,In Stock,3.3,10% off,Yes,4.3/5,India
Shop_74,Shop_74_P0087,Item_87,6424,475,5 days,7 days,In Stock,3.0,Free shipping,Yes,4.5/5,India
Shop_74,Shop_74_P0088,Item_88,40225,379,6 days,30 days,Out of Stock,4.3,Free shipping,No,4.1/5,India
Shop_74,Shop_74_P0089,Item_89,21732,429,7 days,7 days,Out of Stock,3.6,10% off,Yes,4.4/5,India
Shop_74,Shop_74_P0090,Item_90,19096,476,4 days,30 days,In Stock,4.8,10% off,Yes,4.4/5,India
Shop_74,Shop_74_P0091,Item_91,29599,378,3 days,30 days,Out of Stock,4.4,10% off,Yes,4.1/5,India
Shop_74,Shop_74_P0092,Item_92,7671,70,4 days,14 days,In Stock,4.2,None,Yes,3.9/5,India
Shop_74,Shop_74_P0093,Item_93,28637,205,1 days,14 days,Out of Stock,3.4,Free shipping,No,4.2/5,India
Shop_74,Shop_74_P0094,Item_94,40723,416,2 days,14 days,Out of Stock,3.8,10% off,No,3.2/5,India
Shop_74,Shop_74_P0095,Item_95,45590,259,5 days,30 days,In Stock,3.7,Free shipping,Yes,3.1/5,India
Shop_74,Shop_74_P0096,Item_96,13765,113,1 days,7 days,Out of Stock,4.7,10% off,No,4.7/5,India
Shop_74,Shop_74_P0097,Item_97,47733,105,1 days,7 days,Out of Stock,4.3,Free shipping,Yes,4.2/5,India
Shop_74,Shop_74_P0098,Item_98,46879,398,5 days,14 days,In Stock,4.1,None,No,3.8/5,India
Shop_74,Shop_74_P0099,Item_99,18190,264,1 days,30 days,In Stock,3.3,Free shipping,No,3.7/5,India
Shop_74,Shop_74_P0100,Item_100,28499,659,4 days,7 days,Out of Stock,3.7,10% off,No,4.7/5,India
Shop_75,Shop_75_P0001,Item_1,17717,303,3 days,7 days,Out of Stock,4.8,10% off,No,4.6/5,India
Shop_75,Shop_75_P0002,Item_2,25011,242,1 days,7 days,Out of Stock,4.9,10% off,No,4.7/5,India
Shop_75,Shop_75_P0003,Item_3,23030,262,7 days,7 days,In Stock,3.1,Free shipping,No,3.6/5,India
Shop_75,Shop_75_P0004,Item_4,2661,109,7 days,7 days,In Stock,4.8,None,Yes,3.5/5,India
Shop_75,Shop_75_P0005,Item_5,35261,108,2 days,30 days,In Stock,4.5,Free shipping,Yes,5.0/5,India
Shop_75,Shop_75_P0006,Item_6,17370,528,7 days,7 days,Out of Stock,3.6,None,No,3.5/5,India
Shop_75,Shop_75_P0007,Item_7,23839,374,3 days,14 days,In Stock,4.2,Free shipping,No,4.8/5,India
Shop_75,Shop_75_P0008,Item_8,9790,689,6 days,7 days,Out of Stock,4.4,None,Yes,3.1/5,India
Shop_75,Shop_75_P0009,Item_9,5702,374,5 days,14 days,Out of Stock,4.7,10% off,No,3.8/5,India
Shop_75,Shop_75_P0010,Item_10,5171,467,7 days,14 days,Out of Stock,3.7,10% off,No,3.8/5,India
Shop_75,Shop_75_P0011,Item_11,42353,643,4 days,7 days,Out of Stock,4.6,None,No,4.4/5,India
Shop_75,Shop_75_P0012,Item_12,22565,456,4 days,14 days,In Stock,4.0,Free shipping,No,4.3/5,India
Shop_75,Shop_75_P0013,Item_13,49876,652,3 days,14 days,Out of Stock,4.8,None,Yes,4.0/5,India
Shop_75,Shop_75_P0014,Item_14,32798,317,4 days,7 days,Out of Stock,4.3,None,No,4.3/5,India
Shop_75,Shop_75_P0015,Item_15,41563,244,5 days,7 days,Out of Stock,3.1,None,No,4.3/5,India
Shop_75,Shop_75_P0016,Item_16,31305,642,5 days,14 days,Out of Stock,3.3,10% off,Yes,3.8/5,India
Shop_75,Shop_75_P0017,Item_17,22934,50,3 days,7 days,In Stock,4.0,10% off,No,4.3/5,India
Shop_75,Shop_75_P0018,Item_18,5231,79,3 days,14 days,In Stock,4.7,10% off,Yes,5.0/5,India
Shop_75,Shop_75_P0019,Item_19,30732,458,6 days,7 days,Out of Stock,4.4,None,No,4.7/5,India
Shop_75,Shop_75_P0020,Item_20,15052,344,7 days,7 days,In Stock,3.7,None,No,3.9/5,India
Shop_75,Shop_75_P0021,Item_21,7321,451,6 days,30 days,In Stock,4.1,10% off,Yes,3.5/5,India
Shop_75,Shop_75_P0022,Item_22,7882,688,1 days,14 days,In Stock,3.4,Free shipping,No,4.9/5,India
Shop_75,Shop_75_P0023,Item_23,37366,591,2 days,30 days,Out of Stock,3.8,None,Yes,3.3/5,India
Shop_75,Shop_75_P0024,Item_24,20363,123,4 days,14 days,In Stock,3.8,None,Yes,3.5/5,India
Shop_75,Shop_75_P0025,Item_25,10539,227,5 days,30 days,Out of Stock,4.1,10% off,No,4.7/5,India
Shop_75,Shop_75_P0026,Item_26,25661,438,2 days,7 days,In Stock,4.4,10% off,Yes,3.6/5,India
Shop_75,Shop_75_P0027,Item_27,25207,228,5 days,14 days,In Stock,3.7,None,Yes,3.8/5,India
Shop_75,Shop_75_P0028,Item_28,30815,347,5 days,30 days,In Stock,4.7,10% off,No,4.8/5,India
Shop_75,Shop_75_P0029,Item_29,12384,657,6 days,7 days,In Stock,4.1,None,Yes,4.9/5,India
Shop_75,Shop_75_P0030,Item_30,39475,215,7 days,7 days,Out of Stock,3.9,None,Yes,4.8/5,India
Shop_75,Shop_75_P0031,Item_31,21638,204,6 days,30 days,Out of Stock,3.2,Free shipping,Yes,3.6/5,India
Shop_75,Shop_75_P0032,Item_32,42740,445,4 days,7 days,Out of Stock,3.8,Free shipping,Yes,4.7/5,India
Shop_75,Shop_75_P0033,Item_33,9305,553,3 days,7 days,Out of Stock,4.5,None,No,4.1/5,India
Shop_75,Shop_75_P0034,Item_34,16347,611,7 days,7 days,Out of Stock,4.2,None,Yes,4.5/5,India
Shop_75,Shop_75_P0035,Item_35,23357,288,7 days,7 days,Out of Stock,3.5,None,No,4.4/5,India
Shop_75,Shop_75_P0036,Item_36,38921,546,7 days,7 days,In Stock,3.7,None,Yes,3.5/5,India
Shop_75,Shop_75_P0037,Item_37,3020,284,2 days,7 days,Out of Stock,3.2,None,No,4.6/5,India
Shop_75,Shop_75_P0038,Item_38,38136,564,1 days,7 days,In Stock,4.8,Free shipping,Yes,4.3/5,India
Shop_75,Shop_75_P0039,Item_39,5829,26,1 days,14 days,In Stock,4.8,Free shipping,Yes,4.0/5,India
Shop_75,Shop_75_P0040,Item_40,11577,145,1 days,14 days,Out of Stock,4.5,None,No,4.9/5,India
Shop_75,Shop_75_P0041,Item_41,12131,590,4 days,7 days,In Stock,4.1,None,Yes,4.3/5,India
Shop_75,Shop_75_P0042,Item_42,6152,581,4 days,30 days,In Stock,4.8,Free shipping,Yes,5.0/5,India
Shop_75,Shop_75_P0043,Item_43,32514,458,4 days,7 days,In Stock,4.9,Free shipping,No,3.5/5,India
Shop_75,Shop_75_P0044,Item_44,7145,551,7 days,7 days,Out of Stock,3.9,None,No,4.7/5,India
Shop_75,Shop_75_P0045,Item_45,48415,93,2 days,30 days,Out of Stock,4.8,10% off,No,3.6/5,India
Shop_75,Shop_75_P0046,Item_46,15463,695,3 days,30 days,In Stock,3.4,10% off,No,4.0/5,India
Shop_75,Shop_75_P0047,Item_47,6947,455,2 days,7 days,In Stock,3.6,Free shipping,Yes,4.2/5,India
Shop_75,Shop_75_P0048,Item_48,4808,601,5 days,7 days,In Stock,4.6,Free shipping,Yes,3.7/5,India
Shop_75,Shop_75_P0049,Item_49,22930,555,6 days,7 days,In Stock,4.7,10% off,No,3.6/5,India
Shop_75,Shop_75_P0050,Item_50,20115,622,5 days,30 days,Out of Stock,4.9,None,Yes,4.9/5,India
Shop_75,Shop_75_P0051,Item_51,26780,598,5 days,7 days,Out of Stock,4.5,None,Yes,4.4/5,India
Shop_75,Shop_75_P0052,Item_52,45983,496,5 days,14 days,In Stock,3.7,10% off,No,4.6/5,India
Shop_75,Shop_75_P0053,Item_53,29341,280,7 days,30 days,In Stock,4.8,Free shipping,No,3.4/5,India
Shop_75,Shop_75_P0054,Item_54,19429,174,2 days,14 days,In Stock,3.5,Free shipping,No,3.9/5,India
Shop_75,Shop_75_P0055,Item_55,47318,667,1 days,7 days,Out of Stock,4.5,None,Yes,4.3/5,India
Shop_75,Shop_75_P0056,Item_56,46371,108,3 days,30 days,Out of Stock,4.7,Free shipping,No,4.3/5,India
Shop_75,Shop_75_P0057,Item_57,24590,693,4 days,7 days,Out of Stock,4.1,Free shipping,No,3.7/5,India
Shop_75,Shop_75_P0058,Item_58,15490,210,6 days,14 days,Out of Stock,3.3,Free shipping,No,3.1/5,India
Shop_75,Shop_75_P0059,Item_59,45944,21,4 days,30 days,Out of Stock,4.2,None,No,4.3/5,India
Shop_75,Shop_75_P0060,Item_60,9583,286,5 days,30 days,Out of Stock,3.1,Free shipping,No,3.3/5,India
Shop_75,Shop_75_P0061,Item_61,32716,130,7 days,30 days,Out of Stock,4.7,10% off,Yes,4.6/5,India
Shop_75,Shop_75_P0062,Item_62,20476,608,1 days,30 days,Out of Stock,4.3,Free shipping,No,3.4/5,India
Shop_75,Shop_75_P0063,Item_63,34367,518,4 days,7 days,Out of Stock,3.7,Free shipping,No,4.5/5,India
Shop_75,Shop_75_P0064,Item_64,34354,24,7 days,7 days,In Stock,4.9,None,Yes,5.0/5,India
Shop_75,Shop_75_P0065,Item_65,45693,294,5 days,14 days,Out of Stock,5.0,10% off,Yes,3.0/5,India
Shop_75,Shop_75_P0066,Item_66,39994,204,2 days,30 days,In Stock,3.5,10% off,Yes,3.7/5,India
Shop_75,Shop_75_P0067,Item_67,12408,573,1 days,14 days,In Stock,3.9,None,Yes,4.3/5,India
Shop_75,Shop_75_P0068,Item_68,32314,676,5 days,14 days,In Stock,4.4,None,Yes,4.7/5,India
Shop_75,Shop_75_P0069,Item_69,9240,241,2 days,30 days,In Stock,3.7,Free shipping,No,4.2/5,India
Shop_75,Shop_75_P0070,Item_70,9170,240,1 days,14 days,In Stock,3.2,10% off,No,3.9/5,India
Shop_75,Shop_75_P0071,Item_71,32145,544,3 days,7 days,In Stock,3.1,None,Yes,4.5/5,India
Shop_75,Shop_75_P0072,Item_72,35373,226,7 days,7 days,Out of Stock,4.3,None,Yes,4.9/5,India
Shop_75,Shop_75_P0073,Item_73,6962,669,5 days,30 days,Out of Stock,3.3,None,No,3.3/5,India
Shop_75,Shop_75_P0074,Item_74,43359,195,7 days,14 days,Out of Stock,3.6,None,Yes,4.1/5,India
Shop_75,Shop_75_P0075,Item_75,18780,95,4 days,14 days,Out of Stock,4.2,10% off,No,4.4/5,India
Shop_75,Shop_75_P0076,Item_76,5283,505,3 days,14 days,In Stock,4.0,None,No,5.0/5,India
Shop_75,Shop_75_P0077,Item_77,1182,599,4 days,14 days,Out of Stock,3.3,None,Yes,4.1/5,India
Shop_75,Shop_75_P0078,Item_78,5869,475,2 days,7 days,Out of Stock,4.5,10% off,No,3.6/5,India
Shop_75,Shop_75_P0079,Item_79,26714,300,6 days,14 days,Out of Stock,3.4,Free shipping,Yes,3.6/5,India
Shop_75,Shop_75_P0080,Item_80,7140,231,6 days,7 days,In Stock,4.4,10% off,Yes,3.2/5,India
Shop_75,Shop_75_P0081,Item_81,9982,672,2 days,30 days,In Stock,4.9,Free shipping,Yes,3.5/5,India
Shop_75,Shop_75_P0082,Item_82,39709,198,6 days,7 days,Out of Stock,3.8,10% off,Yes,3.8/5,India
Shop_75,Shop_75_P0083,Item_83,9500,56,1 days,30 days,In Stock,3.4,10% off,Yes,3.2/5,India
Shop_75,Shop_75_P0084,Item_84,48326,275,3 days,14 days,Out of Stock,4.2,Free shipping,No,4.1/5,India
Shop_75,Shop_75_P0085,Item_85,28286,144,4 days,14 days,In Stock,4.2,None,Yes,3.3/5,India
Shop_75,Shop_75_P0086,Item_86,30151,538,2 days,7 days,Out of Stock,4.9,None,No,3.1/5,India
Shop_75,Shop_75_P0087,Item_87,46482,182,7 days,7 days,Out of Stock,4.3,Free shipping,No,3.3/5,India
Shop_75,Shop_75_P0088,Item_88,45730,600,7 days,7 days,Out of Stock,4.1,10% off,No,4.0/5,India
Shop_75,Shop_75_P0089,Item_89,6797,579,1 days,7 days,Out of Stock,4.9,Free shipping,Yes,4.3/5,India
Shop_75,Shop_75_P0090,Item_90,27085,415,4 days,30 days,In Stock,3.3,10% off,Yes,3.5/5,India
Shop_75,Shop_75_P0091,Item_91,36816,640,1 days,7 days,In Stock,3.6,Free shipping,Yes,4.1/5,India
Shop_75,Shop_75_P0092,Item_92,46632,644,5 days,7 days,Out of Stock,4.6,None,No,5.0/5,India
Shop_75,Shop_75_P0093,Item_93,4692,117,3 days,30 days,In Stock,3.6,Free shipping,Yes,3.2/5,India
Shop_75,Shop_75_P0094,Item_94,8969,30,3 days,30 days,In Stock,4.9,None,Yes,3.8/5,India
Shop_75,Shop_75_P0095,Item_95,7099,329,6 days,30 days,Out of Stock,4.2,None,No,3.2/5,India
Shop_75,Shop_75_P0096,Item_96,26351,300,4 days,14 days,Out of Stock,3.7,None,No,5.0/5,India
Shop_75,Shop_75_P0097,Item_97,5748,661,3 days,7 days,In Stock,3.0,None,Yes,3.2/5,India
Shop_75,Shop_75_P0098,Item_98,45043,165,3 days,30 days,Out of Stock,4.8,Free shipping,Yes,4.0/5,India
Shop_75,Shop_75_P0099,Item_99,32358,351,7 days,14 days,Out of Stock,4.5,None,No,4.3/5,India
Shop_75,Shop_75_P0100,Item_100,26179,245,4 days,30 days,In Stock,4.0,10% off,No,4.4/5,India
Shop_76,Shop_76_P0001,Item_1,32078,264,6 days,7 days,Out of Stock,3.2,Free shipping,No,3.4/5,India
Shop_76,Shop_76_P0002,Item_2,13243,112,2 days,7 days,In Stock,3.2,Free shipping,No,3.2/5,India
Shop_76,Shop_76_P0003,Item_3,18643,602,1 days,30 days,In Stock,4.9,10% off,No,3.0/5,India
Shop_76,Shop_76_P0004,Item_4,4603,525,5 days,14 days,Out of Stock,4.9,10% off,Yes,3.4/5,India
Shop_76,Shop_76_P0005,Item_5,22181,103,7 days,14 days,In Stock,3.5,None,No,4.5/5,India
Shop_76,Shop_76_P0006,Item_6,40513,646,3 days,30 days,In Stock,4.5,None,No,3.7/5,India
Shop_76,Shop_76_P0007,Item_7,14941,580,5 days,7 days,Out of Stock,5.0,Free shipping,No,4.1/5,India
Shop_76,Shop_76_P0008,Item_8,12909,287,5 days,30 days,Out of Stock,4.8,10% off,Yes,3.7/5,India
Shop_76,Shop_76_P0009,Item_9,44756,591,3 days,7 days,Out of Stock,3.2,None,No,4.7/5,India
Shop_76,Shop_76_P0010,Item_10,18698,523,5 days,14 days,Out of Stock,3.4,Free shipping,Yes,4.8/5,India
Shop_76,Shop_76_P0011,Item_11,29155,523,6 days,14 days,Out of Stock,3.7,Free shipping,Yes,4.9/5,India
Shop_76,Shop_76_P0012,Item_12,16629,138,6 days,14 days,Out of Stock,3.4,None,Yes,4.1/5,India
Shop_76,Shop_76_P0013,Item_13,22543,53,3 days,30 days,Out of Stock,4.4,None,Yes,3.4/5,India
Shop_76,Shop_76_P0014,Item_14,26274,437,7 days,7 days,Out of Stock,4.5,10% off,Yes,4.9/5,India
Shop_76,Shop_76_P0015,Item_15,25199,623,6 days,30 days,In Stock,4.6,None,Yes,3.7/5,India
Shop_76,Shop_76_P0016,Item_16,38522,388,3 days,7 days,In Stock,3.1,10% off,Yes,3.9/5,India
Shop_76,Shop_76_P0017,Item_17,19318,365,4 days,30 days,Out of Stock,3.0,10% off,No,3.7/5,India
Shop_76,Shop_76_P0018,Item_18,13276,631,5 days,30 days,In Stock,3.9,None,Yes,4.9/5,India
Shop_76,Shop_76_P0019,Item_19,48992,148,3 days,30 days,In Stock,4.6,Free shipping,No,3.3/5,India
Shop_76,Shop_76_P0020,Item_20,45753,264,3 days,7 days,In Stock,3.0,10% off,Yes,4.8/5,India
Shop_76,Shop_76_P0021,Item_21,46379,335,6 days,14 days,Out of Stock,3.9,10% off,No,3.6/5,India
Shop_76,Shop_76_P0022,Item_22,14853,536,3 days,14 days,In Stock,3.8,Free shipping,Yes,3.6/5,India
Shop_76,Shop_76_P0023,Item_23,2218,70,7 days,14 days,In Stock,4.4,Free shipping,Yes,4.1/5,India
Shop_76,Shop_76_P0024,Item_24,5031,561,3 days,30 days,In Stock,4.8,Free shipping,Yes,5.0/5,India
Shop_76,Shop_76_P0025,Item_25,45543,48,3 days,7 days,Out of Stock,4.5,None,No,4.1/5,India
Shop_76,Shop_76_P0026,Item_26,2066,510,6 days,30 days,Out of Stock,3.5,10% off,No,4.1/5,India
Shop_76,Shop_76_P0027,Item_27,28484,615,6 days,7 days,Out of Stock,4.6,None,Yes,4.2/5,India
Shop_76,Shop_76_P0028,Item_28,27832,639,2 days,30 days,Out of Stock,3.2,None,Yes,4.8/5,India
Shop_76,Shop_76_P0029,Item_29,6851,145,4 days,7 days,Out of Stock,3.4,None,No,4.1/5,India
Shop_76,Shop_76_P0030,Item_30,20424,159,5 days,14 days,Out of Stock,4.1,10% off,Yes,5.0/5,India
Shop_76,Shop_76_P0031,Item_31,7282,90,7 days,7 days,Out of Stock,4.0,10% off,Yes,4.3/5,India
Shop_76,Shop_76_P0032,Item_32,5761,257,3 days,14 days,In Stock,4.4,None,Yes,4.4/5,India
Shop_76,Shop_76_P0033,Item_33,13104,66,2 days,14 days,In Stock,4.1,None,Yes,3.7/5,India
Shop_76,Shop_76_P0034,Item_34,13512,530,2 days,7 days,In Stock,4.0,None,No,3.0/5,India
Shop_76,Shop_76_P0035,Item_35,28749,420,3 days,7 days,In Stock,4.6,Free shipping,No,3.3/5,India
Shop_76,Shop_76_P0036,Item_36,26927,22,2 days,30 days,In Stock,5.0,10% off,No,3.9/5,India
Shop_76,Shop_76_P0037,Item_37,29880,208,7 days,14 days,Out of Stock,4.0,Free shipping,Yes,4.6/5,India
Shop_76,Shop_76_P0038,Item_38,943,571,2 days,7 days,In Stock,4.0,10% off,Yes,3.0/5,India
Shop_76,Shop_76_P0039,Item_39,9692,111,2 days,7 days,Out of Stock,4.6,Free shipping,No,4.4/5,India
Shop_76,Shop_76_P0040,Item_40,47814,49,3 days,7 days,Out of Stock,3.4,10% off,No,4.6/5,India
Shop_76,Shop_76_P0041,Item_41,27645,139,4 days,30 days,Out of Stock,4.7,None,No,3.6/5,India
Shop_76,Shop_76_P0042,Item_42,37045,377,4 days,7 days,In Stock,4.4,Free shipping,No,4.3/5,India
Shop_76,Shop_76_P0043,Item_43,9431,180,7 days,30 days,In Stock,3.2,None,Yes,4.7/5,India
Shop_76,Shop_76_P0044,Item_44,41130,406,5 days,14 days,In Stock,4.4,10% off,No,3.4/5,India
Shop_76,Shop_76_P0045,Item_45,47608,610,6 days,30 days,Out of Stock,3.2,None,Yes,4.9/5,India
Shop_76,Shop_76_P0046,Item_46,2365,672,4 days,30 days,In Stock,4.1,10% off,Yes,3.1/5,India
Shop_76,Shop_76_P0047,Item_47,27190,127,2 days,14 days,Out of Stock,4.9,10% off,No,4.7/5,India
Shop_76,Shop_76_P0048,Item_48,33094,86,1 days,14 days,In Stock,4.4,Free shipping,No,3.8/5,India
Shop_76,Shop_76_P0049,Item_49,46044,517,2 days,14 days,Out of Stock,3.9,Free shipping,Yes,4.5/5,India
Shop_76,Shop_76_P0050,Item_50,36026,263,5 days,7 days,In Stock,3.6,10% off,No,3.4/5,India
Shop_76,Shop_76_P0051,Item_51,8887,188,3 days,30 days,Out of Stock,4.7,None,No,4.2/5,India
Shop_76,Shop_76_P0052,Item_52,41093,147,1 days,14 days,Out of Stock,3.9,None,Yes,4.2/5,India
Shop_76,Shop_76_P0053,Item_53,6263,101,6 days,14 days,Out of Stock,3.5,10% off,No,3.1/5,India
Shop_76,Shop_76_P0054,Item_54,40980,384,5 days,14 days,Out of Stock,4.2,Free shipping,No,4.8/5,India
Shop_76,Shop_76_P0055,Item_55,46712,150,5 days,30 days,In Stock,4.9,None,Yes,3.3/5,India
Shop_76,Shop_76_P0056,Item_56,15707,147,4 days,30 days,Out of Stock,3.1,Free shipping,No,3.9/5,India
Shop_76,Shop_76_P0057,Item_57,25894,20,7 days,30 days,Out of Stock,4.3,Free shipping,No,3.4/5,India
Shop_76,Shop_76_P0058,Item_58,6326,624,4 days,30 days,Out of Stock,4.2,10% off,No,4.1/5,India
Shop_76,Shop_76_P0059,Item_59,48678,463,3 days,7 days,Out of Stock,3.3,None,Yes,4.0/5,India
Shop_76,Shop_76_P0060,Item_60,45989,467,6 days,30 days,In Stock,4.7,10% off,Yes,4.6/5,India
Shop_76,Shop_76_P0061,Item_61,48437,172,7 days,14 days,Out of Stock,4.4,Free shipping,Yes,3.4/5,India
Shop_76,Shop_76_P0062,Item_62,5003,480,6 days,7 days,Out of Stock,3.2,Free shipping,No,4.1/5,India
Shop_76,Shop_76_P0063,Item_63,43089,133,2 days,7 days,In Stock,4.4,Free shipping,Yes,3.4/5,India
Shop_76,Shop_76_P0064,Item_64,28430,670,5 days,7 days,Out of Stock,4.6,10% off,Yes,4.9/5,India
Shop_76,Shop_76_P0065,Item_65,32480,122,4 days,7 days,Out of Stock,4.2,None,Yes,4.1/5,India
Shop_76,Shop_76_P0066,Item_66,46804,251,5 days,7 days,In Stock,3.3,None,Yes,3.8/5,India
Shop_76,Shop_76_P0067,Item_67,22787,362,2 days,30 days,Out of Stock,3.3,None,Yes,3.5/5,India
Shop_76,Shop_76_P0068,Item_68,19819,64,4 days,30 days,In Stock,4.5,None,No,4.0/5,India
Shop_76,Shop_76_P0069,Item_69,47030,367,5 days,30 days,In Stock,4.6,Free shipping,Yes,4.1/5,India
Shop_76,Shop_76_P0070,Item_70,3846,552,4 days,30 days,Out of Stock,4.2,10% off,No,3.2/5,India
Shop_76,Shop_76_P0071,Item_71,16053,638,6 days,30 days,In Stock,3.7,Free shipping,No,3.7/5,India
Shop_76,Shop_76_P0072,Item_72,26019,337,6 days,14 days,In Stock,3.8,10% off,Yes,3.5/5,India
Shop_76,Shop_76_P0073,Item_73,49954,380,5 days,7 days,Out of Stock,3.5,None,Yes,3.8/5,India
Shop_76,Shop_76_P0074,Item_74,25844,252,3 days,30 days,Out of Stock,4.4,None,No,4.3/5,India
Shop_76,Shop_76_P0075,Item_75,23861,426,1 days,14 days,Out of Stock,3.2,Free shipping,No,4.8/5,India
Shop_76,Shop_76_P0076,Item_76,9667,26,5 days,14 days,Out of Stock,3.5,None,Yes,4.2/5,India
Shop_76,Shop_76_P0077,Item_77,39738,213,1 days,7 days,In Stock,4.2,10% off,Yes,3.6/5,India
Shop_76,Shop_76_P0078,Item_78,45187,364,6 days,7 days,Out of Stock,4.1,None,Yes,4.2/5,India
Shop_76,Shop_76_P0079,Item_79,33632,72,4 days,30 days,In Stock,4.4,Free shipping,Yes,3.7/5,India
Shop_76,Shop_76_P0080,Item_80,12013,157,2 days,30 days,Out of Stock,3.7,10% off,No,3.4/5,India
Shop_76,Shop_76_P0081,Item_81,761,673,4 days,7 days,Out of Stock,4.4,None,No,3.7/5,India
Shop_76,Shop_76_P0082,Item_82,36375,456,6 days,7 days,In Stock,3.5,Free shipping,Yes,4.7/5,India
Shop_76,Shop_76_P0083,Item_83,46710,36,7 days,7 days,Out of Stock,3.4,Free shipping,Yes,3.4/5,India
Shop_76,Shop_76_P0084,Item_84,43737,256,6 days,14 days,Out of Stock,3.4,None,Yes,4.0/5,India
Shop_76,Shop_76_P0085,Item_85,31066,73,2 days,14 days,Out of Stock,4.6,10% off,Yes,4.2/5,India
Shop_76,Shop_76_P0086,Item_86,6913,41,2 days,30 days,In Stock,5.0,Free shipping,No,4.1/5,India
Shop_76,Shop_76_P0087,Item_87,3976,566,2 days,7 days,Out of Stock,3.9,Free shipping,Yes,3.2/5,India
Shop_76,Shop_76_P0088,Item_88,21068,634,6 days,7 days,In Stock,3.1,None,Yes,3.3/5,India
Shop_76,Shop_76_P0089,Item_89,45562,616,1 days,30 days,Out of Stock,3.3,10% off,No,3.1/5,India
Shop_76,Shop_76_P0090,Item_90,15512,185,3 days,14 days,Out of Stock,3.2,10% off,No,4.8/5,India
Shop_76,Shop_76_P0091,Item_91,42017,548,4 days,14 days,Out of Stock,3.5,None,No,4.9/5,India
Shop_76,Shop_76_P0092,Item_92,1762,123,6 days,30 days,In Stock,4.8,10% off,No,4.2/5,India
Shop_76,Shop_76_P0093,Item_93,32246,305,7 days,14 days,Out of Stock,3.4,Free shipping,No,4.2/5,India
Shop_76,Shop_76_P0094,Item_94,6167,83,1 days,30 days,In Stock,4.7,10% off,No,4.2/5,India
Shop_76,Shop_76_P0095,Item_95,13445,353,6 days,30 days,Out of Stock,4.0,None,No,4.1/5,India
Shop_76,Shop_76_P0096,Item_96,48021,672,3 days,7 days,In Stock,4.7,10% off,Yes,3.1/5,India
Shop_76,Shop_76_P0097,Item_97,22770,259,1 days,7 days,Out of Stock,4.6,Free shipping,No,3.0/5,India
Shop_76,Shop_76_P0098,Item_98,20797,152,3 days,14 days,Out of Stock,4.3,10% off,No,4.1/5,India
Shop_76,Shop_76_P0099,Item_99,48101,131,4 days,14 days,In Stock,3.1,Free shipping,No,5.0/5,India
Shop_76,Shop_76_P0100,Item_100,17381,421,6 days,7 days,In Stock,3.2,None,Yes,3.9/5,India
Shop_77,Shop_77_P0001,Item_1,915,216,1 days,30 days,Out of Stock,4.9,Free shipping,Yes,3.8/5,India
Shop_77,Shop_77_P0002,Item_2,24926,506,1 days,14 days,In Stock,4.2,None,No,3.5/5,India
Shop_77,Shop_77_P0003,Item_3,25778,516,4 days,7 days,In Stock,4.0,10% off,No,4.5/5,India
Shop_77,Shop_77_P0004,Item_4,35427,256,3 days,30 days,In Stock,3.1,None,No,4.5/5,India
Shop_77,Shop_77_P0005,Item_5,13958,26,1 days,7 days,Out of Stock,3.7,Free shipping,Yes,4.4/5,India
Shop_77,Shop_77_P0006,Item_6,24497,289,7 days,14 days,Out of Stock,3.9,None,No,4.0/5,India
Shop_77,Shop_77_P0007,Item_7,3476,258,7 days,14 days,In Stock,4.3,Free shipping,No,3.7/5,India
Shop_77,Shop_77_P0008,Item_8,44792,454,2 days,14 days,In Stock,4.3,None,No,3.1/5,India
Shop_77,Shop_77_P0009,Item_9,27970,467,1 days,14 days,Out of Stock,4.8,None,No,3.9/5,India
Shop_77,Shop_77_P0010,Item_10,25582,580,4 days,14 days,In Stock,5.0,Free shipping,No,3.0/5,India
Shop_77,Shop_77_P0011,Item_11,38076,317,3 days,30 days,In Stock,4.1,Free shipping,Yes,3.5/5,India
Shop_77,Shop_77_P0012,Item_12,24514,209,1 days,7 days,Out of Stock,4.8,None,Yes,4.6/5,India
Shop_77,Shop_77_P0013,Item_13,5569,270,4 days,7 days,Out of Stock,3.8,10% off,No,3.6/5,India
Shop_77,Shop_77_P0014,Item_14,20471,631,4 days,30 days,In Stock,4.8,10% off,No,3.7/5,India
Shop_77,Shop_77_P0015,Item_15,23103,57,1 days,7 days,Out of Stock,3.3,None,Yes,3.6/5,India
Shop_77,Shop_77_P0016,Item_16,45478,491,7 days,14 days,Out of Stock,3.9,None,Yes,4.6/5,India
Shop_77,Shop_77_P0017,Item_17,10507,587,5 days,30 days,In Stock,3.2,Free shipping,Yes,4.9/5,India
Shop_77,Shop_77_P0018,Item_18,3455,241,4 days,7 days,Out of Stock,4.8,Free shipping,Yes,4.7/5,India
Shop_77,Shop_77_P0019,Item_19,41334,508,7 days,7 days,In Stock,4.6,Free shipping,No,4.5/5,India
Shop_77,Shop_77_P0020,Item_20,32805,239,4 days,7 days,In Stock,3.8,Free shipping,No,4.2/5,India
Shop_77,Shop_77_P0021,Item_21,28350,242,4 days,7 days,Out of Stock,3.5,Free shipping,Yes,4.8/5,India
Shop_77,Shop_77_P0022,Item_22,2450,481,4 days,14 days,Out of Stock,4.6,None,Yes,4.5/5,India
Shop_77,Shop_77_P0023,Item_23,12677,407,4 days,7 days,Out of Stock,3.8,Free shipping,Yes,3.7/5,India
Shop_77,Shop_77_P0024,Item_24,48628,621,7 days,14 days,In Stock,4.1,None,No,3.2/5,India
Shop_77,Shop_77_P0025,Item_25,4555,206,1 days,30 days,In Stock,3.7,Free shipping,No,3.7/5,India
Shop_77,Shop_77_P0026,Item_26,36961,573,1 days,14 days,Out of Stock,4.6,Free shipping,Yes,4.8/5,India
Shop_77,Shop_77_P0027,Item_27,10691,687,2 days,30 days,Out of Stock,3.1,10% off,No,3.2/5,India
Shop_77,Shop_77_P0028,Item_28,6210,100,6 days,30 days,Out of Stock,3.5,None,Yes,3.9/5,India
Shop_77,Shop_77_P0029,Item_29,12631,576,5 days,14 days,In Stock,3.2,10% off,Yes,4.4/5,India
Shop_77,Shop_77_P0030,Item_30,21030,564,7 days,30 days,Out of Stock,3.7,Free shipping,Yes,3.5/5,India
Shop_77,Shop_77_P0031,Item_31,23008,496,4 days,30 days,Out of Stock,4.8,Free shipping,No,3.2/5,India
Shop_77,Shop_77_P0032,Item_32,9333,518,4 days,7 days,Out of Stock,4.1,None,No,3.5/5,India
Shop_77,Shop_77_P0033,Item_33,3428,563,2 days,30 days,Out of Stock,4.8,None,No,4.8/5,India
Shop_77,Shop_77_P0034,Item_34,36931,405,7 days,14 days,Out of Stock,3.8,None,Yes,3.1/5,India
Shop_77,Shop_77_P0035,Item_35,1237,23,5 days,7 days,Out of Stock,3.9,10% off,No,3.6/5,India
Shop_77,Shop_77_P0036,Item_36,43149,292,4 days,14 days,In Stock,3.5,None,Yes,4.2/5,India
Shop_77,Shop_77_P0037,Item_37,10572,268,2 days,30 days,Out of Stock,4.4,None,No,4.8/5,India
Shop_77,Shop_77_P0038,Item_38,18071,527,3 days,7 days,In Stock,4.7,10% off,Yes,3.4/5,India
Shop_77,Shop_77_P0039,Item_39,30978,349,7 days,14 days,In Stock,3.5,10% off,Yes,3.9/5,India
Shop_77,Shop_77_P0040,Item_40,48538,105,3 days,7 days,Out of Stock,4.0,Free shipping,Yes,4.6/5,India
Shop_77,Shop_77_P0041,Item_41,6611,698,3 days,7 days,In Stock,4.8,Free shipping,Yes,5.0/5,India
Shop_77,Shop_77_P0042,Item_42,36132,640,5 days,7 days,In Stock,3.5,10% off,No,4.5/5,India
Shop_77,Shop_77_P0043,Item_43,36367,314,6 days,30 days,In Stock,4.8,10% off,Yes,4.7/5,India
Shop_77,Shop_77_P0044,Item_44,15121,316,1 days,7 days,Out of Stock,3.4,Free shipping,No,3.3/5,India
Shop_77,Shop_77_P0045,Item_45,20571,263,2 days,30 days,In Stock,3.6,10% off,Yes,4.5/5,India
Shop_77,Shop_77_P0046,Item_46,32237,123,5 days,30 days,Out of Stock,3.3,10% off,No,3.5/5,India
Shop_77,Shop_77_P0047,Item_47,14756,197,3 days,30 days,Out of Stock,4.1,None,No,3.6/5,India
Shop_77,Shop_77_P0048,Item_48,37204,265,6 days,7 days,Out of Stock,4.9,Free shipping,Yes,3.9/5,India
Shop_77,Shop_77_P0049,Item_49,35601,44,7 days,7 days,In Stock,3.9,Free shipping,Yes,3.8/5,India
Shop_77,Shop_77_P0050,Item_50,1844,122,3 days,7 days,Out of Stock,3.5,Free shipping,Yes,4.2/5,India
Shop_77,Shop_77_P0051,Item_51,33603,467,2 days,7 days,Out of Stock,3.6,Free shipping,No,3.9/5,India
Shop_77,Shop_77_P0052,Item_52,27894,562,1 days,30 days,In Stock,3.5,None,Yes,4.2/5,India
Shop_77,Shop_77_P0053,Item_53,1571,164,7 days,30 days,Out of Stock,3.4,Free shipping,No,3.7/5,India
Shop_77,Shop_77_P0054,Item_54,2958,276,1 days,30 days,In Stock,3.6,Free shipping,Yes,4.7/5,India
Shop_77,Shop_77_P0055,Item_55,25566,555,5 days,7 days,Out of Stock,4.7,Free shipping,Yes,3.7/5,India
Shop_77,Shop_77_P0056,Item_56,49491,237,3 days,14 days,Out of Stock,3.3,10% off,Yes,4.4/5,India
Shop_77,Shop_77_P0057,Item_57,24873,606,4 days,14 days,In Stock,4.0,10% off,No,4.6/5,India
Shop_77,Shop_77_P0058,Item_58,42432,450,6 days,7 days,In Stock,4.7,None,No,3.7/5,India
Shop_77,Shop_77_P0059,Item_59,31089,655,7 days,14 days,In Stock,3.5,Free shipping,No,3.1/5,India
Shop_77,Shop_77_P0060,Item_60,16469,507,5 days,30 days,In Stock,4.8,Free shipping,Yes,3.7/5,India
Shop_77,Shop_77_P0061,Item_61,37648,169,1 days,14 days,In Stock,3.6,Free shipping,Yes,4.4/5,India
Shop_77,Shop_77_P0062,Item_62,44967,341,2 days,7 days,Out of Stock,3.8,Free shipping,No,4.0/5,India
Shop_77,Shop_77_P0063,Item_63,16464,681,4 days,30 days,In Stock,4.9,10% off,No,4.0/5,India
Shop_77,Shop_77_P0064,Item_64,6030,309,5 days,7 days,Out of Stock,3.0,None,No,3.2/5,India
Shop_77,Shop_77_P0065,Item_65,48818,166,2 days,7 days,Out of Stock,3.5,None,No,3.7/5,India
Shop_77,Shop_77_P0066,Item_66,44966,515,1 days,7 days,Out of Stock,4.4,Free shipping,Yes,3.1/5,India
Shop_77,Shop_77_P0067,Item_67,30981,423,2 days,7 days,Out of Stock,4.3,None,No,4.3/5,India
Shop_77,Shop_77_P0068,Item_68,35462,277,1 days,30 days,In Stock,3.1,10% off,No,3.8/5,India
Shop_77,Shop_77_P0069,Item_69,31605,257,7 days,14 days,Out of Stock,3.4,Free shipping,No,4.7/5,India
Shop_77,Shop_77_P0070,Item_70,29552,315,4 days,30 days,In Stock,4.2,10% off,No,4.9/5,India
Shop_77,Shop_77_P0071,Item_71,42349,700,5 days,7 days,Out of Stock,3.4,Free shipping,No,4.9/5,India
Shop_77,Shop_77_P0072,Item_72,38012,292,7 days,14 days,Out of Stock,5.0,None,No,4.3/5,India
Shop_77,Shop_77_P0073,Item_73,34389,430,6 days,14 days,In Stock,4.8,10% off,Yes,4.6/5,India
Shop_77,Shop_77_P0074,Item_74,21169,433,2 days,30 days,In Stock,4.3,None,No,4.4/5,India
Shop_77,Shop_77_P0075,Item_75,13249,528,3 days,30 days,In Stock,4.2,None,No,3.7/5,India
Shop_77,Shop_77_P0076,Item_76,48872,473,3 days,14 days,Out of Stock,3.1,10% off,No,3.9/5,India
Shop_77,Shop_77_P0077,Item_77,4346,71,1 days,30 days,Out of Stock,3.3,None,No,4.9/5,India
Shop_77,Shop_77_P0078,Item_78,9163,272,3 days,14 days,In Stock,3.5,Free shipping,No,4.1/5,India
Shop_77,Shop_77_P0079,Item_79,46231,643,3 days,14 days,In Stock,4.4,None,Yes,3.7/5,India
Shop_77,Shop_77_P0080,Item_80,9363,463,6 days,7 days,In Stock,4.8,None,No,4.5/5,India
Shop_77,Shop_77_P0081,Item_81,23636,292,4 days,30 days,In Stock,3.4,Free shipping,No,3.9/5,India
Shop_77,Shop_77_P0082,Item_82,19555,129,1 days,14 days,Out of Stock,3.5,Free shipping,No,3.2/5,India
Shop_77,Shop_77_P0083,Item_83,8355,107,1 days,14 days,Out of Stock,3.2,None,Yes,3.5/5,India
Shop_77,Shop_77_P0084,Item_84,13246,529,4 days,30 days,In Stock,4.6,None,Yes,3.7/5,India
Shop_77,Shop_77_P0085,Item_85,12749,403,6 days,7 days,In Stock,4.5,None,Yes,3.3/5,India
Shop_77,Shop_77_P0086,Item_86,3767,460,6 days,30 days,Out of Stock,3.3,None,No,4.8/5,India
Shop_77,Shop_77_P0087,Item_87,38332,557,1 days,14 days,Out of Stock,4.2,None,No,4.6/5,India
Shop_77,Shop_77_P0088,Item_88,9696,387,1 days,14 days,In Stock,4.7,10% off,No,4.3/5,India
Shop_77,Shop_77_P0089,Item_89,8766,205,2 days,30 days,In Stock,4.8,Free shipping,No,3.2/5,India
Shop_77,Shop_77_P0090,Item_90,3770,269,4 days,7 days,In Stock,3.1,None,Yes,3.7/5,India
Shop_77,Shop_77_P0091,Item_91,27758,405,2 days,30 days,In Stock,4.5,Free shipping,No,4.0/5,India
Shop_77,Shop_77_P0092,Item_92,42336,523,2 days,7 days,In Stock,4.9,Free shipping,No,4.5/5,India
Shop_77,Shop_77_P0093,Item_93,26434,413,2 days,30 days,In Stock,3.9,10% off,No,4.3/5,India
Shop_77,Shop_77_P0094,Item_94,5618,673,6 days,7 days,Out of Stock,3.5,10% off,No,3.7/5,India
Shop_77,Shop_77_P0095,Item_95,13654,605,1 days,30 days,In Stock,4.2,Free shipping,No,4.9/5,India
Shop_77,Shop_77_P0096,Item_96,4881,61,1 days,14 days,In Stock,4.8,Free shipping,No,4.9/5,India
Shop_77,Shop_77_P0097,Item_97,31819,199,2 days,14 days,Out of Stock,4.5,Free shipping,No,4.8/5,India
Shop_77,Shop_77_P0098,Item_98,24870,472,4 days,14 days,Out of Stock,4.1,Free shipping,No,3.6/5,India
Shop_77,Shop_77_P0099,Item_99,27495,93,4 days,14 days,Out of Stock,4.5,None,No,4.8/5,India
Shop_77,Shop_77_P0100,Item_100,37631,588,2 days,7 days,Out of Stock,4.9,10% off,No,3.5/5,India
Shop_78,Shop_78_P0001,Item_1,37497,377,3 days,14 days,In Stock,4.5,10% off,Yes,3.6/5,India
Shop_78,Shop_78_P0002,Item_2,11423,185,4 days,7 days,Out of Stock,3.2,Free shipping,No,4.5/5,India
Shop_78,Shop_78_P0003,Item_3,20413,444,4 days,30 days,In Stock,4.0,10% off,No,3.5/5,India
Shop_78,Shop_78_P0004,Item_4,16217,54,5 days,30 days,In Stock,3.1,10% off,No,4.8/5,India
Shop_78,Shop_78_P0005,Item_5,16852,599,6 days,30 days,Out of Stock,3.4,Free shipping,Yes,4.9/5,India
Shop_78,Shop_78_P0006,Item_6,45266,220,2 days,30 days,In Stock,4.3,Free shipping,Yes,3.8/5,India
Shop_78,Shop_78_P0007,Item_7,22436,577,7 days,7 days,Out of Stock,3.6,None,No,3.1/5,India
Shop_78,Shop_78_P0008,Item_8,13664,481,2 days,14 days,Out of Stock,4.6,None,No,3.5/5,India
Shop_78,Shop_78_P0009,Item_9,21127,179,7 days,14 days,In Stock,4.0,None,Yes,4.7/5,India
Shop_78,Shop_78_P0010,Item_10,27249,572,2 days,7 days,In Stock,4.5,Free shipping,No,3.0/5,India
Shop_78,Shop_78_P0011,Item_11,18172,604,5 days,7 days,Out of Stock,3.5,Free shipping,No,3.5/5,India
Shop_78,Shop_78_P0012,Item_12,19265,511,6 days,14 days,Out of Stock,4.4,10% off,No,4.6/5,India
Shop_78,Shop_78_P0013,Item_13,21729,135,1 days,30 days,Out of Stock,4.8,Free shipping,Yes,3.7/5,India
Shop_78,Shop_78_P0014,Item_14,3248,423,2 days,7 days,In Stock,4.2,Free shipping,No,4.8/5,India
Shop_78,Shop_78_P0015,Item_15,33687,646,6 days,30 days,In Stock,3.6,Free shipping,Yes,4.7/5,India
Shop_78,Shop_78_P0016,Item_16,15226,361,6 days,7 days,Out of Stock,4.8,Free shipping,No,3.1/5,India
Shop_78,Shop_78_P0017,Item_17,21027,522,6 days,14 days,Out of Stock,4.6,Free shipping,Yes,3.2/5,India
Shop_78,Shop_78_P0018,Item_18,13743,121,3 days,14 days,Out of Stock,4.6,None,Yes,3.3/5,India
Shop_78,Shop_78_P0019,Item_19,41186,560,7 days,7 days,In Stock,4.0,None,Yes,4.3/5,India
Shop_78,Shop_78_P0020,Item_20,40087,86,2 days,7 days,Out of Stock,3.6,10% off,No,3.8/5,India
Shop_78,Shop_78_P0021,Item_21,13547,193,3 days,7 days,In Stock,4.9,10% off,No,4.4/5,India
Shop_78,Shop_78_P0022,Item_22,5067,434,6 days,30 days,In Stock,4.6,None,No,4.2/5,India
Shop_78,Shop_78_P0023,Item_23,4611,49,5 days,7 days,Out of Stock,5.0,None,No,3.0/5,India
Shop_78,Shop_78_P0024,Item_24,8779,696,1 days,7 days,Out of Stock,4.8,10% off,No,3.2/5,India
Shop_78,Shop_78_P0025,Item_25,40134,76,5 days,7 days,Out of Stock,4.7,Free shipping,Yes,4.7/5,India
Shop_78,Shop_78_P0026,Item_26,10590,105,2 days,14 days,In Stock,3.7,None,No,4.0/5,India
Shop_78,Shop_78_P0027,Item_27,31962,201,2 days,7 days,In Stock,3.5,None,No,3.3/5,India
Shop_78,Shop_78_P0028,Item_28,46530,662,1 days,14 days,Out of Stock,4.2,Free shipping,Yes,4.8/5,India
Shop_78,Shop_78_P0029,Item_29,38079,508,6 days,7 days,Out of Stock,4.0,Free shipping,No,3.3/5,India
Shop_78,Shop_78_P0030,Item_30,23821,632,7 days,14 days,In Stock,4.3,None,Yes,3.3/5,India
Shop_78,Shop_78_P0031,Item_31,11766,323,1 days,14 days,In Stock,4.9,None,No,4.6/5,India
Shop_78,Shop_78_P0032,Item_32,35024,632,2 days,30 days,Out of Stock,5.0,Free shipping,Yes,3.0/5,India
Shop_78,Shop_78_P0033,Item_33,21383,123,3 days,7 days,Out of Stock,4.2,None,Yes,4.2/5,India
Shop_78,Shop_78_P0034,Item_34,47234,298,4 days,30 days,Out of Stock,4.2,10% off,Yes,4.8/5,India
Shop_78,Shop_78_P0035,Item_35,35057,298,7 days,14 days,Out of Stock,3.0,Free shipping,No,3.5/5,India
Shop_78,Shop_78_P0036,Item_36,6200,64,7 days,30 days,Out of Stock,5.0,Free shipping,No,4.6/5,India
Shop_78,Shop_78_P0037,Item_37,36404,356,7 days,14 days,In Stock,3.5,None,Yes,4.7/5,India
Shop_78,Shop_78_P0038,Item_38,41870,29,2 days,30 days,Out of Stock,3.0,Free shipping,Yes,3.5/5,India
Shop_78,Shop_78_P0039,Item_39,32227,33,2 days,14 days,In Stock,3.9,10% off,No,3.6/5,India
Shop_78,Shop_78_P0040,Item_40,32119,197,7 days,30 days,Out of Stock,3.5,10% off,Yes,4.1/5,India
Shop_78,Shop_78_P0041,Item_41,44753,588,4 days,7 days,Out of Stock,3.9,Free shipping,Yes,3.2/5,India
Shop_78,Shop_78_P0042,Item_42,27631,346,4 days,14 days,In Stock,4.2,10% off,Yes,3.4/5,India
Shop_78,Shop_78_P0043,Item_43,43734,160,1 days,14 days,In Stock,3.4,Free shipping,No,3.6/5,India
Shop_78,Shop_78_P0044,Item_44,2697,495,2 days,14 days,Out of Stock,3.9,Free shipping,No,4.8/5,India
Shop_78,Shop_78_P0045,Item_45,49706,522,7 days,30 days,In Stock,3.8,10% off,No,3.7/5,India
Shop_78,Shop_78_P0046,Item_46,22005,447,3 days,7 days,Out of Stock,3.5,None,No,3.6/5,India
Shop_78,Shop_78_P0047,Item_47,19736,560,3 days,14 days,In Stock,3.8,Free shipping,Yes,3.5/5,India
Shop_78,Shop_78_P0048,Item_48,34639,248,6 days,30 days,Out of Stock,4.6,10% off,No,4.2/5,India
Shop_78,Shop_78_P0049,Item_49,43268,216,3 days,30 days,Out of Stock,3.2,Free shipping,No,3.8/5,India
Shop_78,Shop_78_P0050,Item_50,14255,592,4 days,14 days,In Stock,3.5,10% off,Yes,4.4/5,India
Shop_78,Shop_78_P0051,Item_51,3552,289,6 days,14 days,In Stock,3.3,Free shipping,No,4.1/5,India
Shop_78,Shop_78_P0052,Item_52,32718,353,5 days,30 days,Out of Stock,3.8,10% off,Yes,3.8/5,India
Shop_78,Shop_78_P0053,Item_53,21779,569,4 days,14 days,Out of Stock,3.3,Free shipping,Yes,3.1/5,India
Shop_78,Shop_78_P0054,Item_54,46047,194,2 days,7 days,Out of Stock,5.0,None,No,4.4/5,India
Shop_78,Shop_78_P0055,Item_55,36572,462,4 days,14 days,In Stock,3.7,Free shipping,Yes,4.8/5,India
Shop_78,Shop_78_P0056,Item_56,5424,566,5 days,14 days,Out of Stock,4.0,Free shipping,Yes,4.2/5,India
Shop_78,Shop_78_P0057,Item_57,48767,62,5 days,14 days,Out of Stock,3.7,10% off,Yes,3.0/5,India
Shop_78,Shop_78_P0058,Item_58,11090,625,2 days,30 days,In Stock,4.9,None,No,4.4/5,India
Shop_78,Shop_78_P0059,Item_59,25886,308,3 days,7 days,Out of Stock,3.3,10% off,No,4.6/5,India
Shop_78,Shop_78_P0060,Item_60,37927,61,6 days,14 days,Out of Stock,3.2,10% off,No,3.4/5,India
Shop_78,Shop_78_P0061,Item_61,13308,153,4 days,14 days,Out of Stock,4.1,Free shipping,No,3.7/5,India
Shop_78,Shop_78_P0062,Item_62,41532,344,6 days,14 days,Out of Stock,3.9,None,No,4.2/5,India
Shop_78,Shop_78_P0063,Item_63,8567,104,3 days,30 days,In Stock,4.0,None,No,3.8/5,India
Shop_78,Shop_78_P0064,Item_64,48335,451,1 days,7 days,In Stock,3.2,None,Yes,3.7/5,India
Shop_78,Shop_78_P0065,Item_65,37184,623,7 days,14 days,In Stock,4.4,None,No,4.3/5,India
Shop_78,Shop_78_P0066,Item_66,806,654,1 days,30 days,In Stock,4.6,None,No,3.1/5,India
Shop_78,Shop_78_P0067,Item_67,24239,673,3 days,7 days,Out of Stock,3.5,10% off,Yes,4.7/5,India
Shop_78,Shop_78_P0068,Item_68,20083,602,3 days,14 days,Out of Stock,4.0,None,No,5.0/5,India
Shop_78,Shop_78_P0069,Item_69,22229,52,5 days,7 days,In Stock,3.7,Free shipping,No,4.4/5,India
Shop_78,Shop_78_P0070,Item_70,28445,654,5 days,30 days,Out of Stock,3.6,Free shipping,No,3.5/5,India
Shop_78,Shop_78_P0071,Item_71,6267,121,2 days,7 days,Out of Stock,4.4,None,Yes,3.3/5,India
Shop_78,Shop_78_P0072,Item_72,37163,583,1 days,30 days,In Stock,4.3,10% off,No,4.9/5,India
Shop_78,Shop_78_P0073,Item_73,18285,457,7 days,30 days,Out of Stock,3.1,None,No,4.6/5,India
Shop_78,Shop_78_P0074,Item_74,43658,228,2 days,14 days,In Stock,3.9,10% off,No,3.5/5,India
Shop_78,Shop_78_P0075,Item_75,44859,355,3 days,14 days,In Stock,3.2,10% off,Yes,4.2/5,India
Shop_78,Shop_78_P0076,Item_76,18351,530,5 days,14 days,In Stock,4.9,None,No,3.3/5,India
Shop_78,Shop_78_P0077,Item_77,28397,76,7 days,14 days,Out of Stock,3.5,Free shipping,No,4.1/5,India
Shop_78,Shop_78_P0078,Item_78,41803,55,4 days,14 days,Out of Stock,3.4,None,No,3.3/5,India
Shop_78,Shop_78_P0079,Item_79,29500,49,4 days,7 days,In Stock,4.6,Free shipping,No,4.2/5,India
Shop_78,Shop_78_P0080,Item_80,24352,266,6 days,7 days,Out of Stock,3.1,None,Yes,3.7/5,India
Shop_78,Shop_78_P0081,Item_81,17315,519,4 days,7 days,In Stock,4.0,Free shipping,Yes,4.8/5,India
Shop_78,Shop_78_P0082,Item_82,6356,677,1 days,30 days,In Stock,4.0,10% off,No,3.5/5,India
Shop_78,Shop_78_P0083,Item_83,13735,514,4 days,14 days,In Stock,4.5,None,No,3.8/5,India
Shop_78,Shop_78_P0084,Item_84,48819,197,6 days,7 days,Out of Stock,4.0,Free shipping,Yes,5.0/5,India
Shop_78,Shop_78_P0085,Item_85,23542,641,3 days,7 days,In Stock,4.3,10% off,Yes,3.4/5,India
Shop_78,Shop_78_P0086,Item_86,46372,491,6 days,7 days,Out of Stock,4.2,10% off,No,3.9/5,India
Shop_78,Shop_78_P0087,Item_87,30799,398,2 days,30 days,In Stock,4.9,10% off,Yes,3.8/5,India
Shop_78,Shop_78_P0088,Item_88,33351,424,6 days,7 days,In Stock,4.5,10% off,No,4.9/5,India
Shop_78,Shop_78_P0089,Item_89,29609,346,1 days,7 days,Out of Stock,4.9,10% off,Yes,4.5/5,India
Shop_78,Shop_78_P0090,Item_90,12896,517,7 days,14 days,In Stock,4.2,Free shipping,Yes,3.8/5,India
Shop_78,Shop_78_P0091,Item_91,48603,45,5 days,14 days,In Stock,3.6,Free shipping,No,3.3/5,India
Shop_78,Shop_78_P0092,Item_92,30077,470,6 days,30 days,In Stock,3.2,None,Yes,3.7/5,India
Shop_78,Shop_78_P0093,Item_93,18724,499,6 days,7 days,In Stock,5.0,10% off,No,4.7/5,India
Shop_78,Shop_78_P0094,Item_94,46498,485,1 days,14 days,In Stock,4.5,None,No,4.6/5,India
Shop_78,Shop_78_P0095,Item_95,25319,433,6 days,14 days,In Stock,4.3,Free shipping,No,3.1/5,India
Shop_78,Shop_78_P0096,Item_96,5000,694,7 days,30 days,Out of Stock,3.1,10% off,Yes,3.5/5,India
Shop_78,Shop_78_P0097,Item_97,42880,159,3 days,30 days,Out of Stock,3.1,Free shipping,Yes,3.9/5,India
Shop_78,Shop_78_P0098,Item_98,35132,523,7 days,7 days,Out of Stock,4.1,10% off,No,4.1/5,India
Shop_78,Shop_78_P0099,Item_99,32224,57,3 days,7 days,In Stock,3.2,10% off,Yes,3.1/5,India
Shop_78,Shop_78_P0100,Item_100,9628,388,6 days,14 days,Out of Stock,3.1,10% off,Yes,4.1/5,India
Shop_79,Shop_79_P0001,Item_1,14661,141,6 days,7 days,In Stock,3.4,Free shipping,Yes,3.6/5,India
Shop_79,Shop_79_P0002,Item_2,11177,635,4 days,14 days,In Stock,4.6,None,Yes,3.1/5,India
Shop_79,Shop_79_P0003,Item_3,12534,452,6 days,7 days,Out of Stock,3.3,10% off,No,4.8/5,India
Shop_79,Shop_79_P0004,Item_4,11172,490,4 days,14 days,Out of Stock,3.0,None,Yes,4.1/5,India
Shop_79,Shop_79_P0005,Item_5,47408,68,1 days,7 days,Out of Stock,4.5,Free shipping,Yes,3.4/5,India
Shop_79,Shop_79_P0006,Item_6,1999,141,6 days,14 days,In Stock,4.3,10% off,Yes,4.3/5,India
Shop_79,Shop_79_P0007,Item_7,26848,410,5 days,14 days,Out of Stock,3.1,Free shipping,Yes,4.5/5,India
Shop_79,Shop_79_P0008,Item_8,23571,143,6 days,30 days,In Stock,3.1,10% off,Yes,4.9/5,India
Shop_79,Shop_79_P0009,Item_9,10265,108,6 days,7 days,In Stock,3.5,None,Yes,4.9/5,India
Shop_79,Shop_79_P0010,Item_10,30425,226,1 days,7 days,In Stock,3.1,None,Yes,4.5/5,India
Shop_79,Shop_79_P0011,Item_11,43702,367,6 days,7 days,In Stock,4.6,10% off,Yes,5.0/5,India
Shop_79,Shop_79_P0012,Item_12,6970,484,5 days,30 days,Out of Stock,4.0,10% off,Yes,4.3/5,India
Shop_79,Shop_79_P0013,Item_13,37218,656,3 days,14 days,Out of Stock,3.4,10% off,No,3.1/5,India
Shop_79,Shop_79_P0014,Item_14,36626,103,7 days,7 days,Out of Stock,3.0,Free shipping,No,3.7/5,India
Shop_79,Shop_79_P0015,Item_15,10754,387,7 days,14 days,Out of Stock,4.0,None,Yes,4.8/5,India
Shop_79,Shop_79_P0016,Item_16,4435,651,6 days,7 days,Out of Stock,4.4,Free shipping,No,3.6/5,India
Shop_79,Shop_79_P0017,Item_17,36705,672,1 days,7 days,In Stock,3.1,None,No,4.2/5,India
Shop_79,Shop_79_P0018,Item_18,12790,160,2 days,30 days,In Stock,4.8,10% off,Yes,4.5/5,India
Shop_79,Shop_79_P0019,Item_19,1180,251,7 days,30 days,Out of Stock,3.4,None,No,5.0/5,India
Shop_79,Shop_79_P0020,Item_20,23846,64,5 days,30 days,In Stock,4.4,None,Yes,4.0/5,India
Shop_79,Shop_79_P0021,Item_21,1937,331,1 days,14 days,Out of Stock,4.1,None,No,4.7/5,India
Shop_79,Shop_79_P0022,Item_22,49490,335,5 days,30 days,Out of Stock,3.2,None,No,4.5/5,India
Shop_79,Shop_79_P0023,Item_23,17031,614,7 days,7 days,Out of Stock,3.0,Free shipping,No,3.2/5,India
Shop_79,Shop_79_P0024,Item_24,8613,269,4 days,7 days,Out of Stock,4.0,Free shipping,Yes,4.1/5,India
Shop_79,Shop_79_P0025,Item_25,35523,452,7 days,14 days,In Stock,3.2,None,No,4.4/5,India
Shop_79,Shop_79_P0026,Item_26,35885,68,7 days,7 days,Out of Stock,4.8,None,No,3.3/5,India
Shop_79,Shop_79_P0027,Item_27,28272,101,5 days,7 days,In Stock,4.8,None,No,4.6/5,India
Shop_79,Shop_79_P0028,Item_28,16330,595,5 days,30 days,In Stock,4.8,10% off,No,4.9/5,India
Shop_79,Shop_79_P0029,Item_29,21570,106,6 days,14 days,In Stock,4.5,10% off,No,4.7/5,India
Shop_79,Shop_79_P0030,Item_30,18225,65,7 days,30 days,In Stock,4.7,Free shipping,No,4.7/5,India
Shop_79,Shop_79_P0031,Item_31,36214,204,5 days,14 days,In Stock,3.0,None,Yes,4.6/5,India
Shop_79,Shop_79_P0032,Item_32,5931,527,3 days,14 days,In Stock,4.5,Free shipping,Yes,3.1/5,India
Shop_79,Shop_79_P0033,Item_33,3870,349,5 days,30 days,Out of Stock,4.6,Free shipping,Yes,3.4/5,India
Shop_79,Shop_79_P0034,Item_34,43960,92,5 days,14 days,Out of Stock,3.0,None,No,4.8/5,India
Shop_79,Shop_79_P0035,Item_35,30703,72,3 days,14 days,Out of Stock,3.2,Free shipping,No,3.5/5,India
Shop_79,Shop_79_P0036,Item_36,4070,322,4 days,14 days,Out of Stock,3.7,Free shipping,Yes,3.9/5,India
Shop_79,Shop_79_P0037,Item_37,25087,338,1 days,30 days,In Stock,3.8,Free shipping,Yes,3.4/5,India
Shop_79,Shop_79_P0038,Item_38,35357,668,6 days,14 days,In Stock,4.1,Free shipping,Yes,3.0/5,India
Shop_79,Shop_79_P0039,Item_39,22053,667,3 days,14 days,Out of Stock,3.2,10% off,No,4.2/5,India
Shop_79,Shop_79_P0040,Item_40,42688,464,6 days,30 days,Out of Stock,4.5,Free shipping,Yes,4.5/5,India
Shop_79,Shop_79_P0041,Item_41,20798,242,1 days,14 days,Out of Stock,4.1,10% off,Yes,4.8/5,India
Shop_79,Shop_79_P0042,Item_42,13479,56,1 days,14 days,Out of Stock,3.4,10% off,No,3.4/5,India
Shop_79,Shop_79_P0043,Item_43,7649,47,6 days,14 days,Out of Stock,4.5,10% off,No,4.3/5,India
Shop_79,Shop_79_P0044,Item_44,49438,214,2 days,14 days,In Stock,4.2,Free shipping,No,3.1/5,India
Shop_79,Shop_79_P0045,Item_45,13103,200,1 days,30 days,In Stock,4.1,None,No,4.6/5,India
Shop_79,Shop_79_P0046,Item_46,20556,132,6 days,7 days,Out of Stock,4.8,None,No,3.8/5,India
Shop_79,Shop_79_P0047,Item_47,49846,105,7 days,14 days,Out of Stock,4.9,Free shipping,Yes,3.7/5,India
Shop_79,Shop_79_P0048,Item_48,37134,657,4 days,7 days,In Stock,4.7,None,No,4.6/5,India
Shop_79,Shop_79_P0049,Item_49,38881,36,2 days,30 days,Out of Stock,3.2,None,No,3.4/5,India
Shop_79,Shop_79_P0050,Item_50,21952,578,1 days,30 days,Out of Stock,3.9,None,Yes,4.6/5,India
Shop_79,Shop_79_P0051,Item_51,3379,415,7 days,7 days,Out of Stock,3.5,10% off,No,4.3/5,India
Shop_79,Shop_79_P0052,Item_52,2965,571,2 days,30 days,Out of Stock,4.0,10% off,No,3.1/5,India
Shop_79,Shop_79_P0053,Item_53,17014,492,1 days,30 days,In Stock,3.1,10% off,Yes,4.4/5,India
Shop_79,Shop_79_P0054,Item_54,2372,238,6 days,30 days,Out of Stock,3.9,10% off,Yes,3.6/5,India
Shop_79,Shop_79_P0055,Item_55,14267,82,2 days,14 days,Out of Stock,3.5,Free shipping,Yes,4.5/5,India
Shop_79,Shop_79_P0056,Item_56,24048,635,6 days,14 days,Out of Stock,4.0,Free shipping,Yes,3.8/5,India
Shop_79,Shop_79_P0057,Item_57,2204,422,7 days,14 days,Out of Stock,3.7,None,Yes,3.4/5,India
Shop_79,Shop_79_P0058,Item_58,15746,21,1 days,30 days,In Stock,4.3,None,Yes,4.9/5,India
Shop_79,Shop_79_P0059,Item_59,33525,61,3 days,14 days,In Stock,3.9,None,No,4.8/5,India
Shop_79,Shop_79_P0060,Item_60,7162,352,7 days,30 days,In Stock,4.5,None,Yes,3.7/5,India
Shop_79,Shop_79_P0061,Item_61,36949,73,4 days,7 days,Out of Stock,3.5,Free shipping,Yes,3.8/5,India
Shop_79,Shop_79_P0062,Item_62,31677,190,4 days,14 days,Out of Stock,4.9,None,No,3.4/5,India
Shop_79,Shop_79_P0063,Item_63,34632,182,1 days,7 days,In Stock,3.8,10% off,Yes,3.6/5,India
Shop_79,Shop_79_P0064,Item_64,36813,187,2 days,30 days,Out of Stock,3.8,Free shipping,Yes,4.5/5,India
Shop_79,Shop_79_P0065,Item_65,27485,360,4 days,14 days,In Stock,4.6,None,No,3.7/5,India
Shop_79,Shop_79_P0066,Item_66,35911,562,6 days,7 days,In Stock,4.5,Free shipping,No,3.3/5,India
Shop_79,Shop_79_P0067,Item_67,1048,357,6 days,7 days,Out of Stock,4.2,Free shipping,No,3.8/5,India
Shop_79,Shop_79_P0068,Item_68,8831,103,7 days,30 days,In Stock,3.3,Free shipping,No,4.7/5,India
Shop_79,Shop_79_P0069,Item_69,10748,148,5 days,7 days,Out of Stock,4.1,Free shipping,Yes,3.9/5,India
Shop_79,Shop_79_P0070,Item_70,29362,630,5 days,30 days,Out of Stock,3.5,10% off,No,4.6/5,India
Shop_79,Shop_79_P0071,Item_71,24479,683,3 days,7 days,Out of Stock,4.0,None,Yes,4.8/5,India
Shop_79,Shop_79_P0072,Item_72,43061,632,5 days,7 days,Out of Stock,3.3,10% off,Yes,4.6/5,India
Shop_79,Shop_79_P0073,Item_73,3543,533,4 days,7 days,In Stock,3.4,Free shipping,No,3.0/5,India
Shop_79,Shop_79_P0074,Item_74,41732,469,4 days,30 days,In Stock,4.6,None,No,3.8/5,India
Shop_79,Shop_79_P0075,Item_75,26887,117,4 days,30 days,In Stock,4.6,None,Yes,5.0/5,India
Shop_79,Shop_79_P0076,Item_76,38587,221,2 days,7 days,In Stock,3.4,None,No,4.2/5,India
Shop_79,Shop_79_P0077,Item_77,26795,320,6 days,7 days,In Stock,4.3,Free shipping,Yes,3.3/5,India
Shop_79,Shop_79_P0078,Item_78,19234,239,6 days,30 days,Out of Stock,4.4,10% off,No,3.7/5,India
Shop_79,Shop_79_P0079,Item_79,29967,422,5 days,30 days,In Stock,5.0,None,Yes,3.2/5,India
Shop_79,Shop_79_P0080,Item_80,8084,114,3 days,30 days,In Stock,3.9,Free shipping,No,3.3/5,India
Shop_79,Shop_79_P0081,Item_81,45338,662,6 days,30 days,Out of Stock,4.0,Free shipping,Yes,3.7/5,India
Shop_79,Shop_79_P0082,Item_82,1724,619,4 days,30 days,In Stock,3.7,Free shipping,No,4.3/5,India
Shop_79,Shop_79_P0083,Item_83,36601,629,1 days,14 days,In Stock,3.6,None,Yes,4.7/5,India
Shop_79,Shop_79_P0084,Item_84,28421,443,7 days,14 days,Out of Stock,4.4,None,Yes,4.4/5,India
Shop_79,Shop_79_P0085,Item_85,24782,22,7 days,7 days,Out of Stock,3.3,None,Yes,5.0/5,India
Shop_79,Shop_79_P0086,Item_86,28062,474,4 days,30 days,In Stock,3.7,10% off,Yes,3.4/5,India
Shop_79,Shop_79_P0087,Item_87,24218,519,4 days,7 days,In Stock,3.6,None,Yes,3.5/5,India
Shop_79,Shop_79_P0088,Item_88,9744,69,4 days,14 days,In Stock,4.4,Free shipping,No,4.0/5,India
Shop_79,Shop_79_P0089,Item_89,2013,675,5 days,30 days,In Stock,3.5,Free shipping,Yes,4.9/5,India
Shop_79,Shop_79_P0090,Item_90,11503,27,6 days,14 days,Out of Stock,4.4,Free shipping,No,3.5/5,India
Shop_79,Shop_79_P0091,Item_91,16714,332,5 days,30 days,Out of Stock,3.3,Free shipping,No,3.4/5,India
Shop_79,Shop_79_P0092,Item_92,16577,122,3 days,30 days,Out of Stock,3.1,10% off,No,3.3/5,India
Shop_79,Shop_79_P0093,Item_93,41680,397,3 days,7 days,In Stock,4.9,10% off,Yes,3.7/5,India
Shop_79,Shop_79_P0094,Item_94,30601,286,2 days,7 days,Out of Stock,4.3,10% off,No,3.5/5,India
Shop_79,Shop_79_P0095,Item_95,34968,360,6 days,14 days,In Stock,3.1,10% off,No,3.7/5,India
Shop_79,Shop_79_P0096,Item_96,28570,134,4 days,30 days,In Stock,3.3,10% off,Yes,3.8/5,India
Shop_79,Shop_79_P0097,Item_97,44432,448,2 days,30 days,Out of Stock,4.1,Free shipping,Yes,3.2/5,India
Shop_79,Shop_79_P0098,Item_98,16961,36,7 days,14 days,Out of Stock,4.7,Free shipping,No,4.3/5,India
Shop_79,Shop_79_P0099,Item_99,30842,633,7 days,14 days,In Stock,4.0,10% off,Yes,4.0/5,India
Shop_79,Shop_79_P0100,Item_100,1790,558,6 days,14 days,Out of Stock,4.2,None,Yes,3.2/5,India
Shop_80,Shop_80_P0001,Item_1,569,356,2 days,30 days,Out of Stock,3.7,None,Yes,4.9/5,India
Shop_80,Shop_80_P0002,Item_2,29122,242,3 days,30 days,In Stock,4.5,Free shipping,No,4.8/5,India
Shop_80,Shop_80_P0003,Item_3,24317,574,6 days,30 days,In Stock,4.9,None,No,4.7/5,India
Shop_80,Shop_80_P0004,Item_4,8463,273,7 days,7 days,Out of Stock,3.5,10% off,No,3.7/5,India
Shop_80,Shop_80_P0005,Item_5,9708,122,5 days,14 days,Out of Stock,4.9,10% off,Yes,3.6/5,India
Shop_80,Shop_80_P0006,Item_6,41986,657,5 days,7 days,Out of Stock,3.3,Free shipping,No,3.3/5,India
Shop_80,Shop_80_P0007,Item_7,9720,270,3 days,7 days,In Stock,4.3,Free shipping,No,5.0/5,India
Shop_80,Shop_80_P0008,Item_8,16652,690,2 days,14 days,In Stock,4.3,Free shipping,No,4.0/5,India
Shop_80,Shop_80_P0009,Item_9,20965,461,6 days,30 days,In Stock,4.0,None,No,3.6/5,India
Shop_80,Shop_80_P0010,Item_10,37716,48,2 days,30 days,In Stock,4.5,None,No,4.3/5,India
Shop_80,Shop_80_P0011,Item_11,40584,501,5 days,14 days,Out of Stock,3.2,10% off,Yes,3.6/5,India
Shop_80,Shop_80_P0012,Item_12,9167,314,1 days,30 days,In Stock,4.1,None,No,3.7/5,India
Shop_80,Shop_80_P0013,Item_13,24086,163,3 days,30 days,In Stock,3.6,Free shipping,No,3.4/5,India
Shop_80,Shop_80_P0014,Item_14,38303,27,5 days,14 days,Out of Stock,3.8,10% off,No,4.4/5,India
Shop_80,Shop_80_P0015,Item_15,12877,626,3 days,30 days,In Stock,4.8,10% off,No,3.3/5,India
Shop_80,Shop_80_P0016,Item_16,34448,408,6 days,7 days,Out of Stock,4.2,10% off,No,4.3/5,India
Shop_80,Shop_80_P0017,Item_17,26634,154,3 days,14 days,In Stock,3.3,Free shipping,Yes,4.2/5,India
Shop_80,Shop_80_P0018,Item_18,34704,20,3 days,30 days,In Stock,3.9,Free shipping,No,3.1/5,India
Shop_80,Shop_80_P0019,Item_19,21009,494,6 days,30 days,In Stock,3.9,Free shipping,No,4.9/5,India
Shop_80,Shop_80_P0020,Item_20,8478,28,5 days,30 days,In Stock,3.8,10% off,No,3.7/5,India
Shop_80,Shop_80_P0021,Item_21,3961,50,1 days,14 days,In Stock,3.4,10% off,No,4.5/5,India
Shop_80,Shop_80_P0022,Item_22,49902,174,2 days,30 days,Out of Stock,4.4,None,No,3.3/5,India
Shop_80,Shop_80_P0023,Item_23,15514,202,6 days,30 days,Out of Stock,4.0,10% off,Yes,3.7/5,India
Shop_80,Shop_80_P0024,Item_24,23734,696,1 days,7 days,In Stock,4.6,10% off,No,4.5/5,India
Shop_80,Shop_80_P0025,Item_25,32605,595,1 days,30 days,In Stock,4.4,10% off,Yes,4.5/5,India
Shop_80,Shop_80_P0026,Item_26,26115,678,6 days,7 days,Out of Stock,3.6,10% off,Yes,3.7/5,India
Shop_80,Shop_80_P0027,Item_27,26397,679,1 days,30 days,In Stock,3.8,Free shipping,Yes,3.3/5,India
Shop_80,Shop_80_P0028,Item_28,46496,432,4 days,7 days,In Stock,4.7,10% off,No,4.7/5,India
Shop_80,Shop_80_P0029,Item_29,39483,184,5 days,7 days,Out of Stock,3.3,None,Yes,4.2/5,India
Shop_80,Shop_80_P0030,Item_30,16064,394,4 days,7 days,In Stock,3.4,10% off,No,3.7/5,India
Shop_80,Shop_80_P0031,Item_31,13322,453,6 days,30 days,Out of Stock,4.5,10% off,No,3.5/5,India
Shop_80,Shop_80_P0032,Item_32,1387,68,2 days,30 days,Out of Stock,3.3,None,Yes,4.7/5,India
Shop_80,Shop_80_P0033,Item_33,26949,345,4 days,14 days,In Stock,4.3,Free shipping,Yes,3.8/5,India
Shop_80,Shop_80_P0034,Item_34,28354,61,4 days,30 days,Out of Stock,4.0,None,No,3.7/5,India
Shop_80,Shop_80_P0035,Item_35,11711,429,5 days,14 days,In Stock,3.3,10% off,Yes,4.0/5,India
Shop_80,Shop_80_P0036,Item_36,13375,596,3 days,14 days,In Stock,4.0,None,No,4.7/5,India
Shop_80,Shop_80_P0037,Item_37,12255,508,1 days,14 days,Out of Stock,4.9,Free shipping,No,4.1/5,India
Shop_80,Shop_80_P0038,Item_38,25023,410,5 days,7 days,In Stock,4.9,Free shipping,No,4.9/5,India
Shop_80,Shop_80_P0039,Item_39,47303,191,5 days,14 days,Out of Stock,4.4,None,Yes,4.2/5,India
Shop_80,Shop_80_P0040,Item_40,2667,200,1 days,7 days,In Stock,3.7,10% off,Yes,3.2/5,India
Shop_80,Shop_80_P0041,Item_41,14738,59,6 days,7 days,In Stock,4.5,Free shipping,No,4.2/5,India
Shop_80,Shop_80_P0042,Item_42,9490,406,1 days,14 days,Out of Stock,3.5,Free shipping,No,3.4/5,India
Shop_80,Shop_80_P0043,Item_43,16168,311,1 days,30 days,Out of Stock,4.4,None,Yes,3.3/5,India
Shop_80,Shop_80_P0044,Item_44,15583,88,4 days,30 days,Out of Stock,3.4,Free shipping,No,3.4/5,India
Shop_80,Shop_80_P0045,Item_45,6337,181,3 days,30 days,Out of Stock,4.4,Free shipping,Yes,3.6/5,India
Shop_80,Shop_80_P0046,Item_46,34507,279,7 days,14 days,In Stock,4.2,None,No,3.2/5,India
Shop_80,Shop_80_P0047,Item_47,6579,40,7 days,30 days,Out of Stock,4.5,10% off,No,3.2/5,India
Shop_80,Shop_80_P0048,Item_48,35459,245,3 days,30 days,Out of Stock,4.1,10% off,Yes,4.6/5,India
Shop_80,Shop_80_P0049,Item_49,2587,23,6 days,30 days,Out of Stock,4.2,Free shipping,Yes,3.9/5,India
Shop_80,Shop_80_P0050,Item_50,24882,203,5 days,14 days,Out of Stock,3.1,Free shipping,Yes,3.3/5,India
Shop_80,Shop_80_P0051,Item_51,27957,670,7 days,14 days,In Stock,3.8,Free shipping,Yes,4.1/5,India
Shop_80,Shop_80_P0052,Item_52,19627,472,7 days,7 days,In Stock,4.7,10% off,No,4.1/5,India
Shop_80,Shop_80_P0053,Item_53,44349,281,2 days,14 days,Out of Stock,4.3,10% off,No,3.3/5,India
Shop_80,Shop_80_P0054,Item_54,21543,129,6 days,30 days,In Stock,4.3,10% off,No,4.9/5,India
Shop_80,Shop_80_P0055,Item_55,33239,457,7 days,7 days,In Stock,3.4,10% off,No,4.4/5,India
Shop_80,Shop_80_P0056,Item_56,46820,359,6 days,30 days,Out of Stock,4.5,Free shipping,No,5.0/5,India
Shop_80,Shop_80_P0057,Item_57,21304,518,4 days,7 days,Out of Stock,3.0,10% off,No,3.1/5,India
Shop_80,Shop_80_P0058,Item_58,35755,554,1 days,30 days,In Stock,3.5,Free shipping,No,3.2/5,India
Shop_80,Shop_80_P0059,Item_59,36859,302,4 days,14 days,Out of Stock,4.8,10% off,Yes,3.3/5,India
Shop_80,Shop_80_P0060,Item_60,43507,307,4 days,14 days,In Stock,4.5,10% off,Yes,3.5/5,India
Shop_80,Shop_80_P0061,Item_61,19154,106,6 days,7 days,In Stock,4.5,Free shipping,No,3.7/5,India
Shop_80,Shop_80_P0062,Item_62,28304,448,1 days,14 days,Out of Stock,4.2,10% off,Yes,3.7/5,India
Shop_80,Shop_80_P0063,Item_63,42917,605,7 days,7 days,In Stock,3.7,10% off,Yes,4.3/5,India
Shop_80,Shop_80_P0064,Item_64,33055,432,2 days,30 days,In Stock,3.6,Free shipping,Yes,3.6/5,India
Shop_80,Shop_80_P0065,Item_65,47910,45,2 days,14 days,Out of Stock,4.6,Free shipping,Yes,3.5/5,India
Shop_80,Shop_80_P0066,Item_66,25630,652,1 days,30 days,Out of Stock,4.5,None,No,3.8/5,India
Shop_80,Shop_80_P0067,Item_67,34833,284,6 days,7 days,Out of Stock,3.6,Free shipping,Yes,4.1/5,India
Shop_80,Shop_80_P0068,Item_68,18724,638,3 days,14 days,In Stock,3.5,None,Yes,4.8/5,India
Shop_80,Shop_80_P0069,Item_69,32353,122,5 days,30 days,Out of Stock,3.9,Free shipping,Yes,4.6/5,India
Shop_80,Shop_80_P0070,Item_70,16200,421,4 days,7 days,Out of Stock,3.3,None,No,3.1/5,India
Shop_80,Shop_80_P0071,Item_71,10482,517,5 days,14 days,Out of Stock,4.9,None,Yes,4.6/5,India
Shop_80,Shop_80_P0072,Item_72,11720,220,5 days,14 days,Out of Stock,3.5,Free shipping,No,3.6/5,India
Shop_80,Shop_80_P0073,Item_73,49674,529,7 days,7 days,In Stock,3.3,None,No,3.1/5,India
Shop_80,Shop_80_P0074,Item_74,29853,600,6 days,14 days,Out of Stock,3.9,10% off,No,4.2/5,India
Shop_80,Shop_80_P0075,Item_75,20923,539,2 days,7 days,In Stock,4.8,Free shipping,Yes,4.4/5,India
Shop_80,Shop_80_P0076,Item_76,26059,454,3 days,30 days,In Stock,3.3,None,No,4.6/5,India
Shop_80,Shop_80_P0077,Item_77,17481,172,1 days,30 days,In Stock,4.1,Free shipping,Yes,3.1/5,India
Shop_80,Shop_80_P0078,Item_78,37713,330,3 days,14 days,Out of Stock,4.7,10% off,No,4.7/5,India
Shop_80,Shop_80_P0079,Item_79,36048,654,6 days,7 days,In Stock,4.9,None,Yes,3.3/5,India
Shop_80,Shop_80_P0080,Item_80,23283,437,4 days,30 days,Out of Stock,3.0,None,Yes,4.2/5,India
Shop_80,Shop_80_P0081,Item_81,15776,665,4 days,30 days,In Stock,3.9,None,Yes,3.4/5,India
Shop_80,Shop_80_P0082,Item_82,13443,654,6 days,14 days,In Stock,3.3,10% off,No,3.3/5,India
Shop_80,Shop_80_P0083,Item_83,36299,513,2 days,7 days,In Stock,4.9,None,No,4.3/5,India
Shop_80,Shop_80_P0084,Item_84,30178,577,2 days,14 days,Out of Stock,4.7,Free shipping,No,3.7/5,India
Shop_80,Shop_80_P0085,Item_85,42491,634,1 days,7 days,In Stock,3.1,Free shipping,No,4.9/5,India
Shop_80,Shop_80_P0086,Item_86,40568,322,2 days,30 days,Out of Stock,3.5,None,Yes,3.3/5,India
Shop_80,Shop_80_P0087,Item_87,49551,334,3 days,7 days,In Stock,3.6,None,Yes,4.1/5,India
Shop_80,Shop_80_P0088,Item_88,26376,68,6 days,14 days,Out of Stock,3.5,None,No,4.0/5,India
Shop_80,Shop_80_P0089,Item_89,5314,376,6 days,30 days,In Stock,3.9,None,Yes,3.9/5,India
Shop_80,Shop_80_P0090,Item_90,2378,108,6 days,14 days,In Stock,3.8,None,Yes,4.8/5,India
Shop_80,Shop_80_P0091,Item_91,40898,516,2 days,14 days,Out of Stock,4.5,None,No,3.4/5,India
Shop_80,Shop_80_P0092,Item_92,41973,81,6 days,14 days,Out of Stock,4.7,None,No,4.0/5,India
Shop_80,Shop_80_P0093,Item_93,29920,125,6 days,30 days,In Stock,3.4,Free shipping,Yes,3.6/5,India
Shop_80,Shop_80_P0094,Item_94,16783,694,5 days,30 days,In Stock,3.3,Free shipping,Yes,3.2/5,India
Shop_80,Shop_80_P0095,Item_95,3900,493,6 days,14 days,In Stock,3.8,None,Yes,4.0/5,India
Shop_80,Shop_80_P0096,Item_96,31672,314,3 days,14 days,Out of Stock,3.2,10% off,Yes,3.1/5,India
Shop_80,Shop_80_P0097,Item_97,39908,511,4 days,7 days,In Stock,4.8,Free shipping,No,3.0/5,India
Shop_80,Shop_80_P0098,Item_98,19357,237,6 days,14 days,Out of Stock,3.8,Free shipping,No,3.2/5,India
Shop_80,Shop_80_P0099,Item_99,18110,185,7 days,7 days,Out of Stock,4.3,None,No,3.7/5,India
Shop_80,Shop_80_P0100,Item_100,30162,631,5 days,7 days,In Stock,4.5,Free shipping,Yes,3.6/5,India
Shop_81,Shop_81_P0001,Item_1,11231,676,5 days,14 days,Out of Stock,3.2,None,No,4.7/5,India
Shop_81,Shop_81_P0002,Item_2,2498,474,7 days,30 days,In Stock,4.8,None,Yes,4.6/5,India
Shop_81,Shop_81_P0003,Item_3,30343,475,5 days,30 days,In Stock,3.7,Free shipping,No,4.9/5,India
Shop_81,Shop_81_P0004,Item_4,49487,690,4 days,7 days,In Stock,4.0,None,Yes,3.0/5,India
Shop_81,Shop_81_P0005,Item_5,22132,377,5 days,30 days,Out of Stock,4.8,Free shipping,Yes,4.3/5,India
Shop_81,Shop_81_P0006,Item_6,9591,414,3 days,14 days,In Stock,3.3,Free shipping,Yes,4.8/5,India
Shop_81,Shop_81_P0007,Item_7,21194,249,1 days,7 days,Out of Stock,4.0,10% off,Yes,3.5/5,India
Shop_81,Shop_81_P0008,Item_8,2726,596,6 days,30 days,Out of Stock,3.9,None,Yes,3.9/5,India
Shop_81,Shop_81_P0009,Item_9,6168,311,7 days,30 days,In Stock,4.0,None,No,3.6/5,India
Shop_81,Shop_81_P0010,Item_10,31587,668,5 days,14 days,Out of Stock,3.1,None,No,3.7/5,India
Shop_81,Shop_81_P0011,Item_11,29358,367,5 days,14 days,Out of Stock,3.3,Free shipping,Yes,4.0/5,India
Shop_81,Shop_81_P0012,Item_12,44532,388,1 days,7 days,In Stock,4.9,Free shipping,Yes,4.7/5,India
Shop_81,Shop_81_P0013,Item_13,24988,150,6 days,7 days,Out of Stock,4.7,None,No,4.3/5,India
Shop_81,Shop_81_P0014,Item_14,17764,279,4 days,14 days,In Stock,3.3,None,No,3.2/5,India
Shop_81,Shop_81_P0015,Item_15,40586,163,5 days,7 days,Out of Stock,3.2,None,No,4.1/5,India
Shop_81,Shop_81_P0016,Item_16,23176,340,7 days,14 days,In Stock,4.9,None,No,3.3/5,India
Shop_81,Shop_81_P0017,Item_17,29801,174,3 days,14 days,In Stock,3.3,Free shipping,Yes,3.3/5,India
Shop_81,Shop_81_P0018,Item_18,11587,365,7 days,7 days,Out of Stock,3.8,10% off,Yes,3.8/5,India
Shop_81,Shop_81_P0019,Item_19,11146,434,6 days,14 days,In Stock,3.9,None,Yes,3.9/5,India
Shop_81,Shop_81_P0020,Item_20,41243,63,1 days,30 days,In Stock,4.1,None,Yes,4.5/5,India
Shop_81,Shop_81_P0021,Item_21,14029,661,3 days,14 days,Out of Stock,3.8,Free shipping,No,4.5/5,India
Shop_81,Shop_81_P0022,Item_22,19471,415,4 days,7 days,Out of Stock,4.9,None,Yes,3.3/5,India
Shop_81,Shop_81_P0023,Item_23,20770,145,1 days,14 days,Out of Stock,4.5,Free shipping,Yes,4.5/5,India
Shop_81,Shop_81_P0024,Item_24,5406,689,3 days,7 days,In Stock,3.1,Free shipping,No,3.4/5,India
Shop_81,Shop_81_P0025,Item_25,24793,297,2 days,30 days,Out of Stock,4.5,Free shipping,Yes,3.1/5,India
Shop_81,Shop_81_P0026,Item_26,5203,551,4 days,14 days,In Stock,4.1,10% off,Yes,4.0/5,India
Shop_81,Shop_81_P0027,Item_27,49437,145,4 days,14 days,In Stock,4.1,Free shipping,No,4.7/5,India
Shop_81,Shop_81_P0028,Item_28,14180,445,7 days,7 days,Out of Stock,3.2,None,Yes,4.1/5,India
Shop_81,Shop_81_P0029,Item_29,16338,697,2 days,7 days,Out of Stock,3.8,Free shipping,Yes,4.7/5,India
Shop_81,Shop_81_P0030,Item_30,16535,54,5 days,30 days,In Stock,4.0,None,Yes,4.2/5,India
Shop_81,Shop_81_P0031,Item_31,12718,438,5 days,14 days,In Stock,4.9,10% off,No,4.0/5,India
Shop_81,Shop_81_P0032,Item_32,38375,72,6 days,30 days,In Stock,4.5,None,No,4.7/5,India
Shop_81,Shop_81_P0033,Item_33,16885,426,5 days,30 days,In Stock,4.0,Free shipping,Yes,4.4/5,India
Shop_81,Shop_81_P0034,Item_34,3463,322,7 days,7 days,In Stock,3.8,Free shipping,Yes,3.6/5,India
Shop_81,Shop_81_P0035,Item_35,7484,668,2 days,14 days,Out of Stock,4.1,None,Yes,3.4/5,India
Shop_81,Shop_81_P0036,Item_36,20967,129,6 days,30 days,In Stock,4.4,Free shipping,No,3.6/5,India
Shop_81,Shop_81_P0037,Item_37,44673,240,4 days,14 days,In Stock,4.5,None,No,3.6/5,India
Shop_81,Shop_81_P0038,Item_38,38224,65,3 days,30 days,In Stock,3.3,Free shipping,No,3.8/5,India
Shop_81,Shop_81_P0039,Item_39,5783,516,3 days,30 days,Out of Stock,4.2,10% off,No,3.3/5,India
Shop_81,Shop_81_P0040,Item_40,13019,641,4 days,14 days,In Stock,3.4,Free shipping,No,3.9/5,India
Shop_81,Shop_81_P0041,Item_41,42162,571,4 days,7 days,Out of Stock,4.8,10% off,Yes,3.5/5,India
Shop_81,Shop_81_P0042,Item_42,16967,670,1 days,7 days,Out of Stock,4.5,10% off,Yes,3.3/5,India
Shop_81,Shop_81_P0043,Item_43,37763,193,5 days,30 days,In Stock,4.9,Free shipping,Yes,3.3/5,India
Shop_81,Shop_81_P0044,Item_44,1302,434,7 days,30 days,In Stock,4.6,10% off,No,3.3/5,India
Shop_81,Shop_81_P0045,Item_45,28665,449,4 days,30 days,In Stock,3.5,Free shipping,Yes,4.9/5,India
Shop_81,Shop_81_P0046,Item_46,43567,194,3 days,14 days,Out of Stock,4.8,10% off,No,4.8/5,India
Shop_81,Shop_81_P0047,Item_47,9859,673,2 days,30 days,In Stock,4.1,10% off,No,3.3/5,India
Shop_81,Shop_81_P0048,Item_48,9740,59,3 days,7 days,In Stock,3.5,Free shipping,No,3.8/5,India
Shop_81,Shop_81_P0049,Item_49,35417,105,5 days,14 days,In Stock,3.9,None,Yes,4.8/5,India
Shop_81,Shop_81_P0050,Item_50,24221,326,2 days,14 days,Out of Stock,4.1,10% off,Yes,3.1/5,India
Shop_81,Shop_81_P0051,Item_51,5396,350,4 days,7 days,Out of Stock,4.9,10% off,No,3.9/5,India
Shop_81,Shop_81_P0052,Item_52,41730,370,7 days,7 days,Out of Stock,3.2,None,No,4.1/5,India
Shop_81,Shop_81_P0053,Item_53,23334,285,1 days,30 days,Out of Stock,4.6,None,No,3.2/5,India
Shop_81,Shop_81_P0054,Item_54,15558,690,5 days,14 days,In Stock,4.5,Free shipping,No,3.6/5,India
Shop_81,Shop_81_P0055,Item_55,9980,398,2 days,7 days,In Stock,3.4,Free shipping,No,4.1/5,India
Shop_81,Shop_81_P0056,Item_56,2682,385,4 days,7 days,Out of Stock,4.5,None,No,5.0/5,India
Shop_81,Shop_81_P0057,Item_57,42748,157,5 days,14 days,In Stock,3.4,10% off,No,3.4/5,India
Shop_81,Shop_81_P0058,Item_58,24532,271,5 days,7 days,In Stock,4.7,10% off,Yes,3.9/5,India
Shop_81,Shop_81_P0059,Item_59,30731,38,5 days,7 days,In Stock,4.8,None,No,3.6/5,India
Shop_81,Shop_81_P0060,Item_60,6916,23,4 days,7 days,Out of Stock,3.1,None,No,4.1/5,India
Shop_81,Shop_81_P0061,Item_61,18423,152,3 days,14 days,In Stock,4.9,10% off,No,3.8/5,India
Shop_81,Shop_81_P0062,Item_62,46407,538,2 days,14 days,Out of Stock,3.3,None,Yes,4.1/5,India
Shop_81,Shop_81_P0063,Item_63,17510,565,5 days,14 days,Out of Stock,3.4,None,No,3.0/5,India
Shop_81,Shop_81_P0064,Item_64,15897,157,7 days,30 days,Out of Stock,4.9,10% off,No,4.6/5,India
Shop_81,Shop_81_P0065,Item_65,42518,590,1 days,7 days,In Stock,4.1,10% off,No,3.4/5,India
Shop_81,Shop_81_P0066,Item_66,6704,146,1 days,30 days,In Stock,4.2,Free shipping,No,4.0/5,India
Shop_81,Shop_81_P0067,Item_67,4973,467,4 days,7 days,In Stock,3.2,Free shipping,Yes,3.5/5,India
Shop_81,Shop_81_P0068,Item_68,28658,596,4 days,7 days,Out of Stock,3.7,None,Yes,3.2/5,India
Shop_81,Shop_81_P0069,Item_69,26359,104,1 days,7 days,Out of Stock,4.8,None,Yes,3.3/5,India
Shop_81,Shop_81_P0070,Item_70,38287,183,3 days,14 days,In Stock,3.6,None,Yes,3.5/5,India
Shop_81,Shop_81_P0071,Item_71,3361,646,5 days,30 days,In Stock,3.1,10% off,Yes,4.8/5,India
Shop_81,Shop_81_P0072,Item_72,39584,101,6 days,7 days,Out of Stock,3.8,Free shipping,No,4.3/5,India
Shop_81,Shop_81_P0073,Item_73,31822,625,4 days,30 days,In Stock,5.0,Free shipping,No,3.3/5,India
Shop_81,Shop_81_P0074,Item_74,1349,188,1 days,30 days,Out of Stock,3.8,None,No,4.7/5,India
Shop_81,Shop_81_P0075,Item_75,11991,344,4 days,14 days,In Stock,4.2,10% off,Yes,4.8/5,India
Shop_81,Shop_81_P0076,Item_76,14529,609,4 days,7 days,In Stock,4.9,10% off,Yes,4.4/5,India
Shop_81,Shop_81_P0077,Item_77,20746,35,7 days,7 days,In Stock,4.0,None,Yes,4.8/5,India
Shop_81,Shop_81_P0078,Item_78,16309,666,1 days,14 days,Out of Stock,3.8,Free shipping,No,3.0/5,India
Shop_81,Shop_81_P0079,Item_79,3035,494,3 days,7 days,In Stock,3.9,10% off,Yes,3.6/5,India
Shop_81,Shop_81_P0080,Item_80,19575,509,6 days,7 days,Out of Stock,4.5,Free shipping,Yes,3.9/5,India
Shop_81,Shop_81_P0081,Item_81,11915,674,7 days,30 days,Out of Stock,3.8,Free shipping,Yes,3.7/5,India
Shop_81,Shop_81_P0082,Item_82,30916,571,3 days,7 days,In Stock,4.1,Free shipping,No,4.3/5,India
Shop_81,Shop_81_P0083,Item_83,29060,448,5 days,14 days,In Stock,3.1,None,Yes,4.2/5,India
Shop_81,Shop_81_P0084,Item_84,47643,422,6 days,7 days,In Stock,4.1,Free shipping,Yes,3.7/5,India
Shop_81,Shop_81_P0085,Item_85,33122,445,6 days,14 days,In Stock,3.1,Free shipping,Yes,3.8/5,India
Shop_81,Shop_81_P0086,Item_86,4086,347,3 days,14 days,Out of Stock,3.3,Free shipping,No,4.0/5,India
Shop_81,Shop_81_P0087,Item_87,26970,502,3 days,30 days,Out of Stock,4.2,10% off,Yes,3.8/5,India
Shop_81,Shop_81_P0088,Item_88,31002,655,4 days,7 days,In Stock,4.0,None,Yes,3.6/5,India
Shop_81,Shop_81_P0089,Item_89,2007,303,1 days,14 days,In Stock,4.1,None,Yes,4.2/5,India
Shop_81,Shop_81_P0090,Item_90,38977,206,4 days,30 days,Out of Stock,3.6,10% off,No,3.8/5,India
Shop_81,Shop_81_P0091,Item_91,22503,286,2 days,14 days,Out of Stock,3.8,None,Yes,4.4/5,India
Shop_81,Shop_81_P0092,Item_92,29836,93,1 days,14 days,Out of Stock,4.6,10% off,Yes,4.5/5,India
Shop_81,Shop_81_P0093,Item_93,13593,449,6 days,7 days,In Stock,3.5,Free shipping,No,4.7/5,India
Shop_81,Shop_81_P0094,Item_94,6356,368,4 days,30 days,In Stock,3.6,None,No,4.3/5,India
Shop_81,Shop_81_P0095,Item_95,45219,199,4 days,14 days,In Stock,4.2,10% off,No,4.3/5,India
Shop_81,Shop_81_P0096,Item_96,21064,461,5 days,14 days,In Stock,3.9,10% off,No,3.1/5,India
Shop_81,Shop_81_P0097,Item_97,41653,25,3 days,30 days,In Stock,4.6,Free shipping,No,3.8/5,India
Shop_81,Shop_81_P0098,Item_98,39053,24,7 days,7 days,Out of Stock,4.6,Free shipping,Yes,3.3/5,India
Shop_81,Shop_81_P0099,Item_99,38265,41,6 days,7 days,Out of Stock,3.3,10% off,No,4.6/5,India
Shop_81,Shop_81_P0100,Item_100,39582,600,1 days,7 days,Out of Stock,4.8,None,Yes,4.5/5,India
Shop_82,Shop_82_P0001,Item_1,14871,161,4 days,14 days,In Stock,4.2,10% off,Yes,4.0/5,India
Shop_82,Shop_82_P0002,Item_2,45564,293,3 days,30 days,In Stock,4.1,Free shipping,Yes,3.6/5,India
Shop_82,Shop_82_P0003,Item_3,45048,655,5 days,14 days,Out of Stock,4.1,None,No,4.8/5,India
Shop_82,Shop_82_P0004,Item_4,21010,65,5 days,30 days,Out of Stock,4.6,Free shipping,Yes,4.6/5,India
Shop_82,Shop_82_P0005,Item_5,35643,560,4 days,30 days,Out of Stock,4.0,Free shipping,Yes,3.7/5,India
Shop_82,Shop_82_P0006,Item_6,6614,630,4 days,14 days,In Stock,3.4,Free shipping,No,3.1/5,India
Shop_82,Shop_82_P0007,Item_7,9825,672,3 days,7 days,Out of Stock,4.7,Free shipping,Yes,4.6/5,India
Shop_82,Shop_82_P0008,Item_8,26168,178,7 days,14 days,In Stock,4.5,None,No,3.6/5,India
Shop_82,Shop_82_P0009,Item_9,37466,467,7 days,30 days,Out of Stock,3.8,Free shipping,No,4.2/5,India
Shop_82,Shop_82_P0010,Item_10,48050,313,4 days,14 days,Out of Stock,4.2,Free shipping,Yes,3.1/5,India
Shop_82,Shop_82_P0011,Item_11,46379,643,3 days,7 days,Out of Stock,4.7,None,Yes,4.5/5,India
Shop_82,Shop_82_P0012,Item_12,46191,511,6 days,14 days,In Stock,3.3,Free shipping,Yes,3.7/5,India
Shop_82,Shop_82_P0013,Item_13,41111,684,6 days,7 days,Out of Stock,4.5,Free shipping,Yes,3.5/5,India
Shop_82,Shop_82_P0014,Item_14,24821,390,4 days,30 days,Out of Stock,4.1,Free shipping,Yes,4.8/5,India
Shop_82,Shop_82_P0015,Item_15,24444,520,1 days,30 days,Out of Stock,4.2,None,No,3.4/5,India
Shop_82,Shop_82_P0016,Item_16,22427,287,2 days,7 days,In Stock,3.3,10% off,No,3.8/5,India
Shop_82,Shop_82_P0017,Item_17,10585,434,4 days,14 days,Out of Stock,4.9,None,No,3.1/5,India
Shop_82,Shop_82_P0018,Item_18,25734,644,5 days,30 days,Out of Stock,4.2,None,No,5.0/5,India
Shop_82,Shop_82_P0019,Item_19,30002,183,6 days,7 days,Out of Stock,3.2,10% off,Yes,3.2/5,India
Shop_82,Shop_82_P0020,Item_20,15985,156,1 days,7 days,Out of Stock,3.8,None,Yes,3.9/5,India
Shop_82,Shop_82_P0021,Item_21,16720,459,1 days,7 days,Out of Stock,4.5,None,No,4.1/5,India
Shop_82,Shop_82_P0022,Item_22,5217,151,2 days,30 days,Out of Stock,4.8,None,Yes,4.4/5,India
Shop_82,Shop_82_P0023,Item_23,22852,463,7 days,30 days,Out of Stock,4.6,10% off,Yes,4.3/5,India
Shop_82,Shop_82_P0024,Item_24,28256,167,7 days,14 days,In Stock,3.9,Free shipping,No,3.6/5,India
Shop_82,Shop_82_P0025,Item_25,24931,560,6 days,30 days,In Stock,4.5,None,Yes,3.9/5,India
Shop_82,Shop_82_P0026,Item_26,17384,411,6 days,30 days,In Stock,4.3,None,No,5.0/5,India
Shop_82,Shop_82_P0027,Item_27,23702,276,5 days,7 days,Out of Stock,4.9,Free shipping,No,4.0/5,India
Shop_82,Shop_82_P0028,Item_28,11143,680,6 days,14 days,In Stock,3.4,None,No,4.4/5,India
Shop_82,Shop_82_P0029,Item_29,18714,205,7 days,30 days,In Stock,3.4,10% off,Yes,3.9/5,India
Shop_82,Shop_82_P0030,Item_30,34145,463,1 days,14 days,In Stock,3.6,None,No,4.3/5,India
Shop_82,Shop_82_P0031,Item_31,21253,156,6 days,7 days,In Stock,3.9,Free shipping,No,4.3/5,India
Shop_82,Shop_82_P0032,Item_32,11927,67,2 days,30 days,In Stock,3.4,Free shipping,No,4.8/5,India
Shop_82,Shop_82_P0033,Item_33,31136,589,6 days,14 days,Out of Stock,4.5,10% off,No,4.1/5,India
Shop_82,Shop_82_P0034,Item_34,42668,220,5 days,14 days,In Stock,4.6,10% off,Yes,3.2/5,India
Shop_82,Shop_82_P0035,Item_35,33234,560,4 days,14 days,Out of Stock,4.1,Free shipping,No,4.8/5,India
Shop_82,Shop_82_P0036,Item_36,28624,116,4 days,7 days,Out of Stock,3.3,Free shipping,No,4.3/5,India
Shop_82,Shop_82_P0037,Item_37,14705,533,1 days,30 days,In Stock,4.0,None,Yes,3.6/5,India
Shop_82,Shop_82_P0038,Item_38,30194,632,4 days,30 days,Out of Stock,4.0,Free shipping,Yes,4.6/5,India
Shop_82,Shop_82_P0039,Item_39,16499,639,5 days,7 days,In Stock,4.3,Free shipping,No,3.5/5,India
Shop_82,Shop_82_P0040,Item_40,45365,130,1 days,7 days,In Stock,4.8,None,No,3.0/5,India
Shop_82,Shop_82_P0041,Item_41,38953,547,6 days,30 days,Out of Stock,4.5,10% off,No,3.5/5,India
Shop_82,Shop_82_P0042,Item_42,25330,332,2 days,7 days,Out of Stock,4.1,None,Yes,4.8/5,India
Shop_82,Shop_82_P0043,Item_43,13423,372,5 days,14 days,In Stock,4.1,10% off,Yes,4.0/5,India
Shop_82,Shop_82_P0044,Item_44,31511,522,3 days,30 days,In Stock,4.3,Free shipping,Yes,4.0/5,India
Shop_82,Shop_82_P0045,Item_45,6775,154,4 days,14 days,Out of Stock,4.4,None,No,4.0/5,India
Shop_82,Shop_82_P0046,Item_46,41667,315,1 days,30 days,In Stock,3.7,10% off,Yes,4.2/5,India
Shop_82,Shop_82_P0047,Item_47,16910,265,4 days,30 days,Out of Stock,3.7,None,Yes,3.9/5,India
Shop_82,Shop_82_P0048,Item_48,3934,663,6 days,7 days,Out of Stock,4.7,None,Yes,4.6/5,India
Shop_82,Shop_82_P0049,Item_49,43993,463,4 days,30 days,In Stock,3.5,10% off,No,3.6/5,India
Shop_82,Shop_82_P0050,Item_50,2168,459,6 days,14 days,Out of Stock,3.7,10% off,Yes,4.4/5,India
Shop_82,Shop_82_P0051,Item_51,42336,425,2 days,14 days,In Stock,3.2,None,Yes,3.8/5,India
Shop_82,Shop_82_P0052,Item_52,5633,643,6 days,14 days,In Stock,4.0,Free shipping,No,4.1/5,India
Shop_82,Shop_82_P0053,Item_53,34458,441,2 days,14 days,Out of Stock,3.8,Free shipping,No,4.9/5,India
Shop_82,Shop_82_P0054,Item_54,35573,508,1 days,7 days,In Stock,3.6,None,No,4.0/5,India
Shop_82,Shop_82_P0055,Item_55,45103,438,1 days,30 days,In Stock,4.2,10% off,Yes,4.3/5,India
Shop_82,Shop_82_P0056,Item_56,34249,453,4 days,30 days,In Stock,4.4,None,No,4.0/5,India
Shop_82,Shop_82_P0057,Item_57,32289,451,5 days,30 days,In Stock,3.9,None,Yes,3.9/5,India
Shop_82,Shop_82_P0058,Item_58,49189,486,3 days,7 days,Out of Stock,3.5,None,No,3.0/5,India
Shop_82,Shop_82_P0059,Item_59,23362,436,7 days,7 days,Out of Stock,3.5,10% off,Yes,5.0/5,India
Shop_82,Shop_82_P0060,Item_60,8703,482,3 days,30 days,In Stock,4.1,10% off,Yes,4.4/5,India
Shop_82,Shop_82_P0061,Item_61,1721,622,7 days,7 days,Out of Stock,3.4,Free shipping,Yes,4.9/5,India
Shop_82,Shop_82_P0062,Item_62,14781,626,7 days,30 days,Out of Stock,3.0,Free shipping,No,3.3/5,India
Shop_82,Shop_82_P0063,Item_63,49870,200,3 days,7 days,In Stock,4.9,None,Yes,4.3/5,India
Shop_82,Shop_82_P0064,Item_64,3903,270,4 days,7 days,In Stock,3.6,10% off,Yes,3.4/5,India
Shop_82,Shop_82_P0065,Item_65,24996,406,2 days,14 days,Out of Stock,3.0,10% off,Yes,3.2/5,India
Shop_82,Shop_82_P0066,Item_66,46391,384,5 days,30 days,Out of Stock,3.1,10% off,No,4.8/5,India
Shop_82,Shop_82_P0067,Item_67,40269,345,3 days,30 days,In Stock,3.8,10% off,No,3.3/5,India
Shop_82,Shop_82_P0068,Item_68,35520,130,7 days,14 days,Out of Stock,3.4,None,No,4.5/5,India
Shop_82,Shop_82_P0069,Item_69,48821,534,3 days,7 days,Out of Stock,4.6,None,Yes,4.9/5,India
Shop_82,Shop_82_P0070,Item_70,36828,448,6 days,7 days,In Stock,3.1,Free shipping,Yes,4.4/5,India
Shop_82,Shop_82_P0071,Item_71,41027,392,3 days,7 days,In Stock,3.0,Free shipping,Yes,3.9/5,India
Shop_82,Shop_82_P0072,Item_72,19107,431,1 days,14 days,In Stock,4.0,Free shipping,No,4.4/5,India
Shop_82,Shop_82_P0073,Item_73,14138,168,3 days,30 days,In Stock,4.1,None,No,3.1/5,India
Shop_82,Shop_82_P0074,Item_74,32126,145,6 days,30 days,In Stock,3.9,None,Yes,3.0/5,India
Shop_82,Shop_82_P0075,Item_75,40843,267,6 days,7 days,Out of Stock,4.9,Free shipping,No,4.1/5,India
Shop_82,Shop_82_P0076,Item_76,23644,123,6 days,30 days,In Stock,4.7,Free shipping,Yes,4.6/5,India
Shop_82,Shop_82_P0077,Item_77,33950,311,7 days,7 days,Out of Stock,3.8,10% off,Yes,3.7/5,India
Shop_82,Shop_82_P0078,Item_78,47093,148,3 days,14 days,In Stock,3.1,Free shipping,No,3.5/5,India
Shop_82,Shop_82_P0079,Item_79,39230,148,3 days,30 days,Out of Stock,4.7,10% off,Yes,4.5/5,India
Shop_82,Shop_82_P0080,Item_80,14229,358,4 days,7 days,In Stock,4.2,None,No,3.4/5,India
Shop_82,Shop_82_P0081,Item_81,43111,347,3 days,14 days,In Stock,4.4,None,Yes,4.0/5,India
Shop_82,Shop_82_P0082,Item_82,12435,315,2 days,30 days,Out of Stock,4.8,Free shipping,No,3.8/5,India
Shop_82,Shop_82_P0083,Item_83,17420,343,4 days,14 days,In Stock,3.5,10% off,Yes,3.2/5,India
Shop_82,Shop_82_P0084,Item_84,2698,418,2 days,14 days,In Stock,4.1,None,Yes,3.1/5,India
Shop_82,Shop_82_P0085,Item_85,32508,379,5 days,7 days,In Stock,4.3,None,No,4.3/5,India
Shop_82,Shop_82_P0086,Item_86,25006,152,1 days,30 days,Out of Stock,3.6,10% off,No,3.9/5,India
Shop_82,Shop_82_P0087,Item_87,19403,173,7 days,14 days,Out of Stock,4.4,Free shipping,Yes,3.1/5,India
Shop_82,Shop_82_P0088,Item_88,44880,518,5 days,7 days,Out of Stock,3.4,None,Yes,4.3/5,India
Shop_82,Shop_82_P0089,Item_89,17217,33,7 days,7 days,In Stock,4.9,Free shipping,Yes,4.6/5,India
Shop_82,Shop_82_P0090,Item_90,15136,426,3 days,14 days,In Stock,4.8,10% off,Yes,3.2/5,India
Shop_82,Shop_82_P0091,Item_91,26111,466,3 days,14 days,In Stock,4.3,10% off,Yes,3.5/5,India
Shop_82,Shop_82_P0092,Item_92,4059,519,5 days,30 days,Out of Stock,3.7,Free shipping,Yes,3.3/5,India
Shop_82,Shop_82_P0093,Item_93,45485,275,1 days,14 days,In Stock,3.9,Free shipping,No,3.1/5,India
Shop_82,Shop_82_P0094,Item_94,13974,68,1 days,30 days,Out of Stock,3.4,None,Yes,3.9/5,India
Shop_82,Shop_82_P0095,Item_95,19253,419,4 days,30 days,Out of Stock,4.7,None,Yes,3.1/5,India
Shop_82,Shop_82_P0096,Item_96,9036,184,6 days,14 days,Out of Stock,3.8,10% off,No,4.9/5,India
Shop_82,Shop_82_P0097,Item_97,12899,233,1 days,7 days,In Stock,4.8,10% off,No,3.5/5,India
Shop_82,Shop_82_P0098,Item_98,11853,493,5 days,14 days,In Stock,3.7,Free shipping,Yes,4.8/5,India
Shop_82,Shop_82_P0099,Item_99,26769,275,6 days,30 days,In Stock,3.3,None,Yes,4.1/5,India
Shop_82,Shop_82_P0100,Item_100,11522,354,7 days,7 days,In Stock,3.6,10% off,No,3.8/5,India
Shop_83,Shop_83_P0001,Item_1,10923,108,6 days,14 days,In Stock,3.3,10% off,Yes,3.1/5,India
Shop_83,Shop_83_P0002,Item_2,34530,338,7 days,7 days,In Stock,4.7,Free shipping,Yes,3.2/5,India
Shop_83,Shop_83_P0003,Item_3,7914,659,2 days,14 days,In Stock,3.5,10% off,Yes,4.3/5,India
Shop_83,Shop_83_P0004,Item_4,34904,125,6 days,30 days,In Stock,3.9,Free shipping,No,4.4/5,India
Shop_83,Shop_83_P0005,Item_5,11980,109,6 days,7 days,Out of Stock,4.3,10% off,Yes,4.9/5,India
Shop_83,Shop_83_P0006,Item_6,22270,452,7 days,7 days,In Stock,4.0,10% off,No,3.1/5,India
Shop_83,Shop_83_P0007,Item_7,44086,288,3 days,30 days,In Stock,3.2,Free shipping,Yes,3.2/5,India
Shop_83,Shop_83_P0008,Item_8,1577,168,4 days,30 days,Out of Stock,3.0,Free shipping,No,4.3/5,India
Shop_83,Shop_83_P0009,Item_9,13068,411,5 days,14 days,In Stock,3.1,10% off,No,3.1/5,India
Shop_83,Shop_83_P0010,Item_10,17514,433,3 days,7 days,Out of Stock,4.4,None,Yes,4.8/5,India
Shop_83,Shop_83_P0011,Item_11,45281,598,5 days,30 days,Out of Stock,4.8,None,No,3.8/5,India
Shop_83,Shop_83_P0012,Item_12,39378,65,1 days,14 days,In Stock,4.8,None,No,4.5/5,India
Shop_83,Shop_83_P0013,Item_13,46222,127,4 days,30 days,Out of Stock,3.7,Free shipping,Yes,4.1/5,India
Shop_83,Shop_83_P0014,Item_14,35016,260,2 days,14 days,Out of Stock,4.0,Free shipping,Yes,4.0/5,India
Shop_83,Shop_83_P0015,Item_15,45415,60,4 days,30 days,Out of Stock,4.4,Free shipping,No,4.0/5,India
Shop_83,Shop_83_P0016,Item_16,18530,475,3 days,7 days,In Stock,4.4,None,Yes,4.0/5,India
Shop_83,Shop_83_P0017,Item_17,2533,375,3 days,30 days,Out of Stock,4.5,None,No,3.2/5,India
Shop_83,Shop_83_P0018,Item_18,49462,460,3 days,7 days,Out of Stock,3.1,None,Yes,3.9/5,India
Shop_83,Shop_83_P0019,Item_19,41286,606,5 days,30 days,In Stock,4.6,10% off,Yes,3.7/5,India
Shop_83,Shop_83_P0020,Item_20,38543,102,2 days,7 days,Out of Stock,4.9,Free shipping,No,4.4/5,India
Shop_83,Shop_83_P0021,Item_21,21964,35,4 days,30 days,In Stock,3.4,None,No,3.1/5,India
Shop_83,Shop_83_P0022,Item_22,18595,433,1 days,14 days,In Stock,3.1,10% off,Yes,4.1/5,India
Shop_83,Shop_83_P0023,Item_23,25661,440,1 days,7 days,In Stock,3.5,10% off,Yes,3.6/5,India
Shop_83,Shop_83_P0024,Item_24,23901,568,2 days,14 days,In Stock,4.7,None,No,3.7/5,India
Shop_83,Shop_83_P0025,Item_25,1216,224,2 days,7 days,Out of Stock,4.2,Free shipping,No,4.9/5,India
Shop_83,Shop_83_P0026,Item_26,17756,160,1 days,30 days,In Stock,4.3,Free shipping,No,3.2/5,India
Shop_83,Shop_83_P0027,Item_27,32336,288,2 days,7 days,In Stock,4.1,10% off,Yes,3.9/5,India
Shop_83,Shop_83_P0028,Item_28,1040,531,1 days,30 days,Out of Stock,3.4,Free shipping,Yes,4.6/5,India
Shop_83,Shop_83_P0029,Item_29,48126,440,2 days,7 days,Out of Stock,3.1,Free shipping,No,3.1/5,India
Shop_83,Shop_83_P0030,Item_30,20173,488,5 days,7 days,Out of Stock,3.9,10% off,Yes,4.5/5,India
Shop_83,Shop_83_P0031,Item_31,38898,46,7 days,30 days,Out of Stock,4.1,Free shipping,Yes,4.3/5,India
Shop_83,Shop_83_P0032,Item_32,16013,401,5 days,14 days,Out of Stock,3.9,10% off,Yes,3.6/5,India
Shop_83,Shop_83_P0033,Item_33,47943,296,5 days,7 days,Out of Stock,4.3,None,Yes,4.4/5,India
Shop_83,Shop_83_P0034,Item_34,38188,102,7 days,7 days,Out of Stock,3.5,Free shipping,No,3.1/5,India
Shop_83,Shop_83_P0035,Item_35,10624,168,5 days,7 days,In Stock,3.1,10% off,No,3.1/5,India
Shop_83,Shop_83_P0036,Item_36,34551,101,3 days,7 days,In Stock,4.6,10% off,Yes,4.1/5,India
Shop_83,Shop_83_P0037,Item_37,21765,57,1 days,30 days,Out of Stock,5.0,None,No,4.5/5,India
Shop_83,Shop_83_P0038,Item_38,33797,197,2 days,14 days,Out of Stock,3.0,None,No,4.2/5,India
Shop_83,Shop_83_P0039,Item_39,3417,243,7 days,14 days,Out of Stock,3.1,None,Yes,3.0/5,India
Shop_83,Shop_83_P0040,Item_40,25033,446,4 days,14 days,In Stock,4.9,10% off,No,4.3/5,India
Shop_83,Shop_83_P0041,Item_41,21277,691,3 days,7 days,Out of Stock,4.8,None,No,4.6/5,India
Shop_83,Shop_83_P0042,Item_42,9558,223,6 days,30 days,In Stock,3.6,None,Yes,5.0/5,India
Shop_83,Shop_83_P0043,Item_43,1769,489,5 days,14 days,Out of Stock,4.4,Free shipping,Yes,3.3/5,India
Shop_83,Shop_83_P0044,Item_44,15968,167,3 days,30 days,Out of Stock,3.8,None,Yes,4.4/5,India
Shop_83,Shop_83_P0045,Item_45,12394,473,1 days,7 days,Out of Stock,3.4,Free shipping,No,5.0/5,India
Shop_83,Shop_83_P0046,Item_46,10926,567,4 days,30 days,Out of Stock,3.2,Free shipping,Yes,3.9/5,India
Shop_83,Shop_83_P0047,Item_47,37879,559,1 days,14 days,In Stock,4.0,10% off,Yes,5.0/5,India
Shop_83,Shop_83_P0048,Item_48,47241,558,7 days,30 days,Out of Stock,4.0,Free shipping,No,4.9/5,India
Shop_83,Shop_83_P0049,Item_49,1725,368,3 days,30 days,Out of Stock,4.5,Free shipping,Yes,4.3/5,India
Shop_83,Shop_83_P0050,Item_50,22094,387,4 days,14 days,Out of Stock,3.2,Free shipping,Yes,4.7/5,India
Shop_83,Shop_83_P0051,Item_51,1285,563,6 days,7 days,In Stock,3.2,Free shipping,No,3.6/5,India
Shop_83,Shop_83_P0052,Item_52,34032,140,5 days,30 days,In Stock,3.2,10% off,No,4.6/5,India
Shop_83,Shop_83_P0053,Item_53,19593,197,2 days,30 days,Out of Stock,4.0,10% off,Yes,3.8/5,India
Shop_83,Shop_83_P0054,Item_54,21610,227,1 days,7 days,Out of Stock,4.5,None,Yes,4.6/5,India
Shop_83,Shop_83_P0055,Item_55,36380,385,7 days,30 days,In Stock,3.6,10% off,Yes,4.4/5,India
Shop_83,Shop_83_P0056,Item_56,10979,156,1 days,30 days,Out of Stock,3.9,10% off,Yes,4.1/5,India
Shop_83,Shop_83_P0057,Item_57,47933,620,1 days,14 days,Out of Stock,4.4,Free shipping,No,4.7/5,India
Shop_83,Shop_83_P0058,Item_58,8474,352,7 days,14 days,In Stock,4.6,10% off,No,3.7/5,India
Shop_83,Shop_83_P0059,Item_59,5701,44,4 days,14 days,In Stock,3.2,Free shipping,Yes,3.3/5,India
Shop_83,Shop_83_P0060,Item_60,45883,248,2 days,7 days,In Stock,4.5,Free shipping,No,4.2/5,India
Shop_83,Shop_83_P0061,Item_61,9605,312,4 days,14 days,In Stock,4.2,10% off,No,4.2/5,India
Shop_83,Shop_83_P0062,Item_62,38993,396,7 days,7 days,Out of Stock,4.9,Free shipping,No,3.2/5,India
Shop_83,Shop_83_P0063,Item_63,18330,212,7 days,30 days,Out of Stock,4.9,10% off,No,4.2/5,India
Shop_83,Shop_83_P0064,Item_64,2740,167,5 days,30 days,Out of Stock,3.7,None,Yes,4.4/5,India
Shop_83,Shop_83_P0065,Item_65,14949,308,2 days,7 days,In Stock,3.2,None,Yes,3.2/5,India
Shop_83,Shop_83_P0066,Item_66,31547,415,6 days,7 days,Out of Stock,4.9,None,No,3.1/5,India
Shop_83,Shop_83_P0067,Item_67,48473,591,4 days,30 days,Out of Stock,3.4,None,No,4.7/5,India
Shop_83,Shop_83_P0068,Item_68,47083,197,7 days,7 days,In Stock,3.5,10% off,Yes,4.2/5,India
Shop_83,Shop_83_P0069,Item_69,1197,245,2 days,7 days,In Stock,4.3,Free shipping,Yes,4.1/5,India
Shop_83,Shop_83_P0070,Item_70,1088,95,3 days,30 days,In Stock,3.6,10% off,Yes,4.3/5,India
Shop_83,Shop_83_P0071,Item_71,41463,673,1 days,30 days,Out of Stock,5.0,Free shipping,No,4.6/5,India
Shop_83,Shop_83_P0072,Item_72,2444,681,7 days,7 days,In Stock,3.6,Free shipping,Yes,4.5/5,India
Shop_83,Shop_83_P0073,Item_73,18433,342,3 days,7 days,Out of Stock,4.5,Free shipping,No,4.9/5,India
Shop_83,Shop_83_P0074,Item_74,36156,439,3 days,30 days,In Stock,3.0,Free shipping,No,4.2/5,India
Shop_83,Shop_83_P0075,Item_75,14129,561,1 days,30 days,In Stock,3.4,None,Yes,4.8/5,India
Shop_83,Shop_83_P0076,Item_76,40630,37,1 days,30 days,Out of Stock,4.7,Free shipping,No,5.0/5,India
Shop_83,Shop_83_P0077,Item_77,20888,141,7 days,7 days,In Stock,4.9,Free shipping,Yes,4.7/5,India
Shop_83,Shop_83_P0078,Item_78,32513,441,2 days,14 days,In Stock,4.1,None,Yes,3.6/5,India
Shop_83,Shop_83_P0079,Item_79,33722,561,6 days,30 days,In Stock,3.7,Free shipping,Yes,3.5/5,India
Shop_83,Shop_83_P0080,Item_80,42029,697,4 days,7 days,In Stock,3.0,Free shipping,Yes,3.5/5,India
Shop_83,Shop_83_P0081,Item_81,20489,327,5 days,14 days,In Stock,4.6,None,Yes,4.8/5,India
Shop_83,Shop_83_P0082,Item_82,40823,429,5 days,7 days,Out of Stock,3.0,Free shipping,No,3.5/5,India
Shop_83,Shop_83_P0083,Item_83,34393,190,2 days,30 days,Out of Stock,3.5,Free shipping,Yes,3.4/5,India
Shop_83,Shop_83_P0084,Item_84,20769,296,7 days,30 days,In Stock,3.2,None,Yes,4.0/5,India
Shop_83,Shop_83_P0085,Item_85,6986,421,6 days,30 days,In Stock,4.3,10% off,No,4.2/5,India
Shop_83,Shop_83_P0086,Item_86,12281,400,5 days,7 days,Out of Stock,4.1,Free shipping,Yes,4.4/5,India
Shop_83,Shop_83_P0087,Item_87,16927,490,6 days,7 days,Out of Stock,3.9,10% off,Yes,3.6/5,India
Shop_83,Shop_83_P0088,Item_88,23344,644,4 days,14 days,In Stock,3.4,None,No,4.4/5,India
Shop_83,Shop_83_P0089,Item_89,16234,556,4 days,14 days,In Stock,4.1,Free shipping,No,4.6/5,India
Shop_83,Shop_83_P0090,Item_90,48587,88,5 days,7 days,Out of Stock,4.8,10% off,Yes,3.8/5,India
Shop_83,Shop_83_P0091,Item_91,3044,81,6 days,30 days,Out of Stock,3.8,None,Yes,4.0/5,India
Shop_83,Shop_83_P0092,Item_92,22819,388,3 days,30 days,In Stock,4.3,10% off,Yes,4.3/5,India
Shop_83,Shop_83_P0093,Item_93,31787,73,6 days,30 days,Out of Stock,3.4,None,No,4.5/5,India
Shop_83,Shop_83_P0094,Item_94,19501,462,4 days,30 days,In Stock,5.0,Free shipping,Yes,4.5/5,India
Shop_83,Shop_83_P0095,Item_95,18371,267,6 days,7 days,In Stock,3.2,Free shipping,No,4.6/5,India
Shop_83,Shop_83_P0096,Item_96,25173,24,2 days,30 days,In Stock,4.3,10% off,No,3.9/5,India
Shop_83,Shop_83_P0097,Item_97,45701,181,4 days,7 days,Out of Stock,4.3,None,No,4.6/5,India
Shop_83,Shop_83_P0098,Item_98,841,648,1 days,14 days,In Stock,3.5,Free shipping,Yes,4.4/5,India
Shop_83,Shop_83_P0099,Item_99,13930,665,7 days,14 days,Out of Stock,3.9,10% off,No,4.7/5,India
Shop_83,Shop_83_P0100,Item_100,20897,569,1 days,14 days,In Stock,3.7,None,No,4.9/5,India
Shop_84,Shop_84_P0001,Item_1,17728,489,2 days,30 days,Out of Stock,3.7,10% off,No,4.9/5,India
Shop_84,Shop_84_P0002,Item_2,39657,420,4 days,7 days,Out of Stock,4.1,10% off,No,4.5/5,India
Shop_84,Shop_84_P0003,Item_3,39580,174,3 days,7 days,Out of Stock,3.6,Free shipping,Yes,3.2/5,India
Shop_84,Shop_84_P0004,Item_4,2963,608,7 days,14 days,Out of Stock,3.2,Free shipping,Yes,3.7/5,India
Shop_84,Shop_84_P0005,Item_5,28108,330,3 days,30 days,In Stock,4.4,10% off,No,3.6/5,India
Shop_84,Shop_84_P0006,Item_6,31291,284,5 days,7 days,In Stock,4.2,10% off,No,4.6/5,India
Shop_84,Shop_84_P0007,Item_7,35754,219,3 days,7 days,Out of Stock,3.9,10% off,Yes,4.9/5,India
Shop_84,Shop_84_P0008,Item_8,12296,591,6 days,30 days,Out of Stock,4.5,None,No,4.0/5,India
Shop_84,Shop_84_P0009,Item_9,3807,133,5 days,30 days,In Stock,4.0,None,Yes,3.5/5,India
Shop_84,Shop_84_P0010,Item_10,29051,639,7 days,7 days,In Stock,3.1,Free shipping,Yes,4.1/5,India
Shop_84,Shop_84_P0011,Item_11,40082,176,4 days,30 days,In Stock,3.1,10% off,Yes,3.4/5,India
Shop_84,Shop_84_P0012,Item_12,24356,283,5 days,7 days,Out of Stock,3.9,None,Yes,4.1/5,India
Shop_84,Shop_84_P0013,Item_13,49959,530,5 days,30 days,In Stock,4.2,None,No,3.3/5,India
Shop_84,Shop_84_P0014,Item_14,22540,276,4 days,14 days,In Stock,4.8,Free shipping,Yes,4.3/5,India
Shop_84,Shop_84_P0015,Item_15,47672,108,6 days,14 days,In Stock,3.6,10% off,Yes,3.0/5,India
Shop_84,Shop_84_P0016,Item_16,13978,99,4 days,30 days,In Stock,4.3,Free shipping,Yes,4.2/5,India
Shop_84,Shop_84_P0017,Item_17,36022,611,5 days,14 days,In Stock,3.2,Free shipping,Yes,4.3/5,India
Shop_84,Shop_84_P0018,Item_18,10231,188,6 days,14 days,In Stock,3.9,Free shipping,Yes,4.3/5,India
Shop_84,Shop_84_P0019,Item_19,20742,484,2 days,7 days,In Stock,4.9,None,Yes,4.0/5,India
Shop_84,Shop_84_P0020,Item_20,14649,632,2 days,30 days,In Stock,4.9,Free shipping,Yes,3.9/5,India
Shop_84,Shop_84_P0021,Item_21,32219,30,6 days,14 days,In Stock,4.2,None,No,4.5/5,India
Shop_84,Shop_84_P0022,Item_22,29447,581,1 days,14 days,Out of Stock,4.6,10% off,Yes,4.0/5,India
Shop_84,Shop_84_P0023,Item_23,38207,142,1 days,30 days,Out of Stock,4.8,10% off,No,3.7/5,India
Shop_84,Shop_84_P0024,Item_24,8005,267,1 days,30 days,Out of Stock,3.8,10% off,Yes,3.0/5,India
Shop_84,Shop_84_P0025,Item_25,42339,290,2 days,14 days,Out of Stock,4.2,None,Yes,3.9/5,India
Shop_84,Shop_84_P0026,Item_26,24096,536,3 days,7 days,In Stock,5.0,Free shipping,Yes,3.1/5,India
Shop_84,Shop_84_P0027,Item_27,9247,338,4 days,7 days,Out of Stock,3.7,10% off,Yes,3.9/5,India
Shop_84,Shop_84_P0028,Item_28,46208,107,5 days,7 days,Out of Stock,5.0,Free shipping,No,4.3/5,India
Shop_84,Shop_84_P0029,Item_29,4726,310,4 days,30 days,In Stock,4.9,None,No,3.5/5,India
Shop_84,Shop_84_P0030,Item_30,43751,690,3 days,14 days,In Stock,3.8,None,Yes,3.6/5,India
Shop_84,Shop_84_P0031,Item_31,23514,27,1 days,14 days,In Stock,4.9,10% off,No,5.0/5,India
Shop_84,Shop_84_P0032,Item_32,41753,631,6 days,7 days,In Stock,4.8,None,Yes,4.1/5,India
Shop_84,Shop_84_P0033,Item_33,24442,96,3 days,14 days,In Stock,4.6,Free shipping,Yes,4.3/5,India
Shop_84,Shop_84_P0034,Item_34,47376,199,5 days,7 days,In Stock,4.5,10% off,No,4.4/5,India
Shop_84,Shop_84_P0035,Item_35,33892,163,3 days,30 days,Out of Stock,3.9,10% off,Yes,3.4/5,India
Shop_84,Shop_84_P0036,Item_36,45365,546,2 days,7 days,Out of Stock,4.6,10% off,Yes,3.7/5,India
Shop_84,Shop_84_P0037,Item_37,42999,493,2 days,7 days,In Stock,3.1,None,No,3.2/5,India
Shop_84,Shop_84_P0038,Item_38,1261,457,3 days,7 days,Out of Stock,4.1,None,Yes,4.7/5,India
Shop_84,Shop_84_P0039,Item_39,29975,539,5 days,30 days,Out of Stock,3.7,Free shipping,Yes,3.9/5,India
Shop_84,Shop_84_P0040,Item_40,23980,448,1 days,30 days,In Stock,3.0,Free shipping,Yes,3.4/5,India
Shop_84,Shop_84_P0041,Item_41,15283,295,2 days,30 days,In Stock,3.3,Free shipping,Yes,3.1/5,India
Shop_84,Shop_84_P0042,Item_42,41200,688,3 days,7 days,In Stock,4.7,10% off,No,3.9/5,India
Shop_84,Shop_84_P0043,Item_43,27739,52,5 days,14 days,In Stock,4.1,None,No,4.9/5,India
Shop_84,Shop_84_P0044,Item_44,45024,170,6 days,30 days,In Stock,4.2,10% off,Yes,3.1/5,India
Shop_84,Shop_84_P0045,Item_45,27289,654,4 days,7 days,In Stock,3.2,10% off,Yes,3.6/5,India
Shop_84,Shop_84_P0046,Item_46,49764,127,7 days,30 days,In Stock,4.6,Free shipping,No,3.1/5,India
Shop_84,Shop_84_P0047,Item_47,45240,382,3 days,30 days,Out of Stock,3.4,None,No,3.6/5,India
Shop_84,Shop_84_P0048,Item_48,33474,553,5 days,7 days,Out of Stock,4.5,None,No,4.0/5,India
Shop_84,Shop_84_P0049,Item_49,27546,567,6 days,14 days,Out of Stock,3.2,None,Yes,3.2/5,India
Shop_84,Shop_84_P0050,Item_50,37263,346,4 days,30 days,Out of Stock,4.2,None,Yes,3.2/5,India
Shop_84,Shop_84_P0051,Item_51,36393,487,1 days,7 days,In Stock,4.2,None,No,4.2/5,India
Shop_84,Shop_84_P0052,Item_52,33455,667,6 days,30 days,In Stock,4.3,None,No,3.7/5,India
Shop_84,Shop_84_P0053,Item_53,29987,83,1 days,30 days,Out of Stock,4.8,None,Yes,3.5/5,India
Shop_84,Shop_84_P0054,Item_54,15182,666,3 days,14 days,Out of Stock,3.6,None,Yes,4.5/5,India
Shop_84,Shop_84_P0055,Item_55,34170,236,5 days,14 days,Out of Stock,4.7,10% off,Yes,3.7/5,India
Shop_84,Shop_84_P0056,Item_56,37664,195,1 days,14 days,Out of Stock,3.2,10% off,No,4.4/5,India
Shop_84,Shop_84_P0057,Item_57,45104,700,5 days,7 days,In Stock,4.2,Free shipping,Yes,3.8/5,India
Shop_84,Shop_84_P0058,Item_58,41288,275,1 days,7 days,In Stock,4.2,Free shipping,No,4.1/5,India
Shop_84,Shop_84_P0059,Item_59,33869,215,1 days,30 days,Out of Stock,3.2,10% off,No,5.0/5,India
Shop_84,Shop_84_P0060,Item_60,4561,118,3 days,14 days,Out of Stock,4.3,None,No,4.5/5,India
Shop_84,Shop_84_P0061,Item_61,36268,358,6 days,14 days,Out of Stock,3.6,Free shipping,Yes,5.0/5,India
Shop_84,Shop_84_P0062,Item_62,5722,217,5 days,7 days,Out of Stock,4.5,None,No,4.8/5,India
Shop_84,Shop_84_P0063,Item_63,1384,567,4 days,7 days,In Stock,3.4,None,Yes,4.0/5,India
Shop_84,Shop_84_P0064,Item_64,5755,561,3 days,30 days,In Stock,3.2,Free shipping,No,4.1/5,India
Shop_84,Shop_84_P0065,Item_65,31200,567,4 days,30 days,Out of Stock,4.8,Free shipping,No,3.2/5,India
Shop_84,Shop_84_P0066,Item_66,46189,343,1 days,30 days,In Stock,4.1,10% off,No,3.1/5,India
Shop_84,Shop_84_P0067,Item_67,27178,620,1 days,7 days,Out of Stock,3.1,10% off,Yes,4.1/5,India
Shop_84,Shop_84_P0068,Item_68,31277,640,3 days,30 days,In Stock,4.3,10% off,No,3.9/5,India
Shop_84,Shop_84_P0069,Item_69,38198,298,1 days,14 days,Out of Stock,3.1,10% off,No,4.5/5,India
Shop_84,Shop_84_P0070,Item_70,48103,128,2 days,30 days,Out of Stock,4.9,None,No,4.7/5,India
Shop_84,Shop_84_P0071,Item_71,39977,617,5 days,30 days,Out of Stock,4.1,Free shipping,Yes,3.2/5,India
Shop_84,Shop_84_P0072,Item_72,43268,408,7 days,30 days,Out of Stock,4.4,Free shipping,Yes,3.6/5,India
Shop_84,Shop_84_P0073,Item_73,15859,141,1 days,30 days,Out of Stock,4.9,10% off,No,4.4/5,India
Shop_84,Shop_84_P0074,Item_74,21536,513,5 days,14 days,Out of Stock,4.4,None,No,3.8/5,India
Shop_84,Shop_84_P0075,Item_75,37092,288,1 days,14 days,In Stock,3.7,10% off,No,4.1/5,India
Shop_84,Shop_84_P0076,Item_76,7344,285,2 days,14 days,In Stock,3.3,None,No,4.6/5,India
Shop_84,Shop_84_P0077,Item_77,18290,21,2 days,14 days,Out of Stock,3.8,None,Yes,3.4/5,India
Shop_84,Shop_84_P0078,Item_78,24031,597,4 days,30 days,Out of Stock,4.8,10% off,No,4.0/5,India
Shop_84,Shop_84_P0079,Item_79,5296,73,6 days,30 days,Out of Stock,4.1,Free shipping,Yes,3.9/5,India
Shop_84,Shop_84_P0080,Item_80,23942,293,6 days,7 days,Out of Stock,4.9,Free shipping,Yes,4.9/5,India
Shop_84,Shop_84_P0081,Item_81,20129,595,4 days,30 days,In Stock,3.6,Free shipping,Yes,4.5/5,India
Shop_84,Shop_84_P0082,Item_82,8215,607,5 days,14 days,In Stock,4.4,10% off,No,3.9/5,India
Shop_84,Shop_84_P0083,Item_83,10249,219,4 days,14 days,Out of Stock,3.7,Free shipping,Yes,3.6/5,India
Shop_84,Shop_84_P0084,Item_84,3376,474,1 days,30 days,Out of Stock,4.9,None,Yes,3.2/5,India
Shop_84,Shop_84_P0085,Item_85,11771,75,3 days,14 days,In Stock,4.1,Free shipping,No,3.5/5,India
Shop_84,Shop_84_P0086,Item_86,42416,295,3 days,30 days,Out of Stock,4.0,None,Yes,4.2/5,India
Shop_84,Shop_84_P0087,Item_87,37436,692,3 days,14 days,In Stock,3.6,None,Yes,4.3/5,India
Shop_84,Shop_84_P0088,Item_88,29352,606,7 days,7 days,In Stock,3.8,None,No,3.6/5,India
Shop_84,Shop_84_P0089,Item_89,16726,586,7 days,14 days,In Stock,3.4,None,No,3.8/5,India
Shop_84,Shop_84_P0090,Item_90,39262,682,2 days,30 days,Out of Stock,3.7,Free shipping,No,3.7/5,India
Shop_84,Shop_84_P0091,Item_91,40869,266,6 days,7 days,In Stock,4.7,10% off,No,4.8/5,India
Shop_84,Shop_84_P0092,Item_92,10801,330,2 days,30 days,In Stock,4.3,10% off,No,4.0/5,India
Shop_84,Shop_84_P0093,Item_93,15915,500,1 days,30 days,Out of Stock,3.1,10% off,Yes,3.3/5,India
Shop_84,Shop_84_P0094,Item_94,14644,294,5 days,30 days,Out of Stock,3.3,None,Yes,4.6/5,India
Shop_84,Shop_84_P0095,Item_95,23077,689,3 days,30 days,Out of Stock,3.3,Free shipping,No,4.3/5,India
Shop_84,Shop_84_P0096,Item_96,46424,485,1 days,30 days,Out of Stock,3.4,None,Yes,3.3/5,India
Shop_84,Shop_84_P0097,Item_97,35092,154,5 days,14 days,Out of Stock,3.1,None,No,4.9/5,India
Shop_84,Shop_84_P0098,Item_98,17930,607,2 days,14 days,Out of Stock,4.3,10% off,No,4.1/5,India
Shop_84,Shop_84_P0099,Item_99,8608,465,5 days,14 days,Out of Stock,3.2,10% off,No,4.6/5,India
Shop_84,Shop_84_P0100,Item_100,14834,59,6 days,14 days,In Stock,3.5,None,Yes,3.6/5,India
Shop_85,Shop_85_P0001,Item_1,25097,427,6 days,7 days,In Stock,4.8,10% off,Yes,4.4/5,India
Shop_85,Shop_85_P0002,Item_2,1848,428,1 days,7 days,In Stock,4.1,Free shipping,Yes,4.3/5,India
Shop_85,Shop_85_P0003,Item_3,40911,578,2 days,14 days,In Stock,4.5,10% off,No,3.5/5,India
Shop_85,Shop_85_P0004,Item_4,1564,398,3 days,7 days,Out of Stock,4.5,10% off,Yes,4.5/5,India
Shop_85,Shop_85_P0005,Item_5,18571,625,3 days,7 days,Out of Stock,3.1,None,Yes,4.5/5,India
Shop_85,Shop_85_P0006,Item_6,24044,315,1 days,7 days,In Stock,4.8,Free shipping,No,3.3/5,India
Shop_85,Shop_85_P0007,Item_7,11284,493,5 days,30 days,Out of Stock,4.3,None,No,4.2/5,India
Shop_85,Shop_85_P0008,Item_8,40614,135,4 days,7 days,Out of Stock,3.7,10% off,Yes,4.8/5,India
Shop_85,Shop_85_P0009,Item_9,25990,524,1 days,14 days,Out of Stock,3.7,Free shipping,Yes,3.6/5,India
Shop_85,Shop_85_P0010,Item_10,790,263,1 days,14 days,In Stock,3.3,Free shipping,Yes,4.6/5,India
Shop_85,Shop_85_P0011,Item_11,24103,685,7 days,30 days,In Stock,3.9,10% off,No,4.4/5,India
Shop_85,Shop_85_P0012,Item_12,655,365,4 days,7 days,Out of Stock,3.3,10% off,No,3.2/5,India
Shop_85,Shop_85_P0013,Item_13,46607,656,4 days,7 days,Out of Stock,4.9,Free shipping,Yes,3.4/5,India
Shop_85,Shop_85_P0014,Item_14,46160,163,3 days,7 days,In Stock,3.7,Free shipping,No,3.5/5,India
Shop_85,Shop_85_P0015,Item_15,19684,586,7 days,14 days,Out of Stock,3.9,Free shipping,No,3.8/5,India
Shop_85,Shop_85_P0016,Item_16,3538,216,1 days,14 days,Out of Stock,3.6,None,Yes,4.4/5,India
Shop_85,Shop_85_P0017,Item_17,27885,439,5 days,7 days,Out of Stock,3.0,None,No,4.0/5,India
Shop_85,Shop_85_P0018,Item_18,834,593,1 days,7 days,Out of Stock,4.1,10% off,Yes,4.9/5,India
Shop_85,Shop_85_P0019,Item_19,3237,164,1 days,30 days,In Stock,4.1,None,Yes,3.1/5,India
Shop_85,Shop_85_P0020,Item_20,6262,512,1 days,30 days,In Stock,4.2,Free shipping,Yes,4.3/5,India
Shop_85,Shop_85_P0021,Item_21,33153,635,2 days,14 days,In Stock,4.6,Free shipping,No,4.3/5,India
Shop_85,Shop_85_P0022,Item_22,3039,400,6 days,7 days,Out of Stock,3.5,None,Yes,3.1/5,India
Shop_85,Shop_85_P0023,Item_23,24510,328,4 days,14 days,In Stock,3.5,10% off,No,3.8/5,India
Shop_85,Shop_85_P0024,Item_24,6346,522,6 days,7 days,Out of Stock,3.9,10% off,Yes,4.1/5,India
Shop_85,Shop_85_P0025,Item_25,21689,96,1 days,30 days,Out of Stock,3.9,Free shipping,Yes,4.3/5,India
Shop_85,Shop_85_P0026,Item_26,28479,75,2 days,30 days,In Stock,4.3,None,Yes,4.1/5,India
Shop_85,Shop_85_P0027,Item_27,18841,213,1 days,14 days,Out of Stock,4.1,Free shipping,Yes,4.6/5,India
Shop_85,Shop_85_P0028,Item_28,17224,678,6 days,14 days,Out of Stock,4.5,10% off,Yes,3.2/5,India
Shop_85,Shop_85_P0029,Item_29,30703,88,2 days,14 days,In Stock,3.4,10% off,Yes,3.1/5,India
Shop_85,Shop_85_P0030,Item_30,9682,663,7 days,14 days,In Stock,3.6,Free shipping,No,3.5/5,India
Shop_85,Shop_85_P0031,Item_31,22396,125,2 days,7 days,Out of Stock,3.2,Free shipping,No,3.5/5,India
Shop_85,Shop_85_P0032,Item_32,46287,120,5 days,7 days,Out of Stock,4.2,None,Yes,4.3/5,India
Shop_85,Shop_85_P0033,Item_33,28511,520,6 days,7 days,In Stock,4.0,10% off,Yes,3.3/5,India
Shop_85,Shop_85_P0034,Item_34,33901,242,3 days,30 days,Out of Stock,4.9,Free shipping,No,3.5/5,India
Shop_85,Shop_85_P0035,Item_35,48512,359,6 days,14 days,Out of Stock,3.2,None,Yes,3.8/5,India
Shop_85,Shop_85_P0036,Item_36,49450,255,7 days,7 days,In Stock,3.1,None,No,3.9/5,India
Shop_85,Shop_85_P0037,Item_37,36674,308,5 days,30 days,Out of Stock,4.6,10% off,No,3.3/5,India
Shop_85,Shop_85_P0038,Item_38,45319,166,7 days,14 days,In Stock,4.4,Free shipping,No,4.9/5,India
Shop_85,Shop_85_P0039,Item_39,4170,28,7 days,7 days,Out of Stock,4.1,10% off,No,4.1/5,India
Shop_85,Shop_85_P0040,Item_40,39334,224,3 days,7 days,In Stock,4.8,10% off,Yes,4.2/5,India
Shop_85,Shop_85_P0041,Item_41,43515,648,4 days,14 days,In Stock,4.0,10% off,Yes,4.6/5,India
Shop_85,Shop_85_P0042,Item_42,2467,156,2 days,14 days,In Stock,4.7,Free shipping,No,3.1/5,India
Shop_85,Shop_85_P0043,Item_43,23142,307,3 days,30 days,Out of Stock,4.9,10% off,Yes,3.2/5,India
Shop_85,Shop_85_P0044,Item_44,42668,562,7 days,14 days,Out of Stock,4.3,10% off,No,3.1/5,India
Shop_85,Shop_85_P0045,Item_45,24481,69,5 days,7 days,In Stock,4.1,10% off,No,3.7/5,India
Shop_85,Shop_85_P0046,Item_46,23085,572,3 days,30 days,Out of Stock,4.5,Free shipping,No,4.3/5,India
Shop_85,Shop_85_P0047,Item_47,39379,460,6 days,30 days,Out of Stock,4.6,None,Yes,3.9/5,India
Shop_85,Shop_85_P0048,Item_48,36762,517,6 days,7 days,In Stock,3.7,10% off,Yes,4.8/5,India
Shop_85,Shop_85_P0049,Item_49,49981,641,1 days,30 days,Out of Stock,3.9,Free shipping,Yes,4.9/5,India
Shop_85,Shop_85_P0050,Item_50,21275,327,5 days,14 days,Out of Stock,3.9,10% off,Yes,4.2/5,India
Shop_85,Shop_85_P0051,Item_51,22699,173,6 days,7 days,Out of Stock,3.6,10% off,Yes,3.7/5,India
Shop_85,Shop_85_P0052,Item_52,7852,683,6 days,30 days,Out of Stock,4.7,10% off,No,4.3/5,India
Shop_85,Shop_85_P0053,Item_53,30397,75,2 days,30 days,Out of Stock,4.1,None,No,3.7/5,India
Shop_85,Shop_85_P0054,Item_54,5599,300,2 days,7 days,In Stock,3.3,10% off,Yes,4.9/5,India
Shop_85,Shop_85_P0055,Item_55,13749,472,1 days,14 days,In Stock,3.4,None,No,3.9/5,India
Shop_85,Shop_85_P0056,Item_56,12964,333,1 days,30 days,In Stock,5.0,10% off,No,4.3/5,India
Shop_85,Shop_85_P0057,Item_57,22005,87,1 days,14 days,In Stock,4.6,10% off,Yes,3.6/5,India
Shop_85,Shop_85_P0058,Item_58,8284,655,5 days,30 days,Out of Stock,4.9,None,Yes,3.5/5,India
Shop_85,Shop_85_P0059,Item_59,40911,479,3 days,30 days,In Stock,3.3,Free shipping,No,3.6/5,India
Shop_85,Shop_85_P0060,Item_60,22327,473,7 days,14 days,In Stock,4.8,10% off,No,3.3/5,India
Shop_85,Shop_85_P0061,Item_61,36425,674,3 days,14 days,In Stock,3.1,Free shipping,No,4.0/5,India
Shop_85,Shop_85_P0062,Item_62,30551,559,6 days,14 days,In Stock,4.4,10% off,No,4.2/5,India
Shop_85,Shop_85_P0063,Item_63,22225,222,2 days,7 days,In Stock,3.6,10% off,Yes,3.0/5,India
Shop_85,Shop_85_P0064,Item_64,4250,216,3 days,14 days,Out of Stock,3.6,None,Yes,3.0/5,India
Shop_85,Shop_85_P0065,Item_65,38735,564,6 days,30 days,Out of Stock,3.2,None,No,3.2/5,India
Shop_85,Shop_85_P0066,Item_66,25367,491,3 days,14 days,In Stock,3.5,10% off,Yes,4.0/5,India
Shop_85,Shop_85_P0067,Item_67,38935,435,3 days,7 days,Out of Stock,4.5,None,Yes,3.5/5,India
Shop_85,Shop_85_P0068,Item_68,38528,580,6 days,30 days,In Stock,4.0,None,No,4.5/5,India
Shop_85,Shop_85_P0069,Item_69,40379,655,6 days,30 days,In Stock,3.8,None,Yes,4.6/5,India
Shop_85,Shop_85_P0070,Item_70,24945,113,6 days,7 days,Out of Stock,4.1,Free shipping,Yes,3.0/5,India
Shop_85,Shop_85_P0071,Item_71,16510,398,3 days,14 days,In Stock,3.3,Free shipping,Yes,3.1/5,India
Shop_85,Shop_85_P0072,Item_72,35077,196,6 days,7 days,Out of Stock,4.5,None,Yes,4.6/5,India
Shop_85,Shop_85_P0073,Item_73,38218,623,2 days,7 days,In Stock,4.3,None,No,4.5/5,India
Shop_85,Shop_85_P0074,Item_74,33280,335,2 days,30 days,In Stock,3.4,None,No,3.2/5,India
Shop_85,Shop_85_P0075,Item_75,7054,351,2 days,30 days,In Stock,4.4,Free shipping,No,4.0/5,India
Shop_85,Shop_85_P0076,Item_76,30756,410,3 days,30 days,Out of Stock,4.9,10% off,Yes,4.5/5,India
Shop_85,Shop_85_P0077,Item_77,45070,229,6 days,7 days,In Stock,3.0,Free shipping,Yes,3.3/5,India
Shop_85,Shop_85_P0078,Item_78,14553,504,6 days,14 days,In Stock,4.6,None,No,3.7/5,India
Shop_85,Shop_85_P0079,Item_79,1000,178,4 days,30 days,Out of Stock,3.4,None,Yes,3.6/5,India
Shop_85,Shop_85_P0080,Item_80,24686,445,6 days,30 days,In Stock,4.3,None,No,4.9/5,India
Shop_85,Shop_85_P0081,Item_81,37014,364,5 days,7 days,In Stock,4.0,10% off,Yes,3.6/5,India
Shop_85,Shop_85_P0082,Item_82,48419,566,6 days,14 days,In Stock,3.1,None,Yes,4.3/5,India
Shop_85,Shop_85_P0083,Item_83,5128,96,6 days,14 days,In Stock,4.4,10% off,Yes,3.9/5,India
Shop_85,Shop_85_P0084,Item_84,25793,116,5 days,14 days,In Stock,4.2,Free shipping,No,4.6/5,India
Shop_85,Shop_85_P0085,Item_85,19667,697,5 days,30 days,Out of Stock,3.7,None,Yes,4.5/5,India
Shop_85,Shop_85_P0086,Item_86,18380,318,1 days,7 days,Out of Stock,4.2,None,No,3.9/5,India
Shop_85,Shop_85_P0087,Item_87,33389,632,6 days,7 days,Out of Stock,4.9,Free shipping,No,4.5/5,India
Shop_85,Shop_85_P0088,Item_88,14380,633,3 days,14 days,In Stock,3.1,Free shipping,No,3.5/5,India
Shop_85,Shop_85_P0089,Item_89,30495,198,4 days,14 days,In Stock,4.4,10% off,Yes,4.7/5,India
Shop_85,Shop_85_P0090,Item_90,30559,575,4 days,14 days,In Stock,4.1,10% off,Yes,4.1/5,India
Shop_85,Shop_85_P0091,Item_91,28400,317,1 days,30 days,In Stock,3.9,None,No,4.2/5,India
Shop_85,Shop_85_P0092,Item_92,13061,674,6 days,7 days,Out of Stock,3.3,10% off,No,3.0/5,India
Shop_85,Shop_85_P0093,Item_93,39600,65,4 days,14 days,Out of Stock,4.8,10% off,Yes,3.2/5,India
Shop_85,Shop_85_P0094,Item_94,17970,195,5 days,7 days,In Stock,4.3,None,No,4.1/5,India
Shop_85,Shop_85_P0095,Item_95,32391,326,5 days,30 days,Out of Stock,3.0,Free shipping,Yes,3.1/5,India
Shop_85,Shop_85_P0096,Item_96,23667,459,1 days,30 days,Out of Stock,3.4,Free shipping,No,3.0/5,India
Shop_85,Shop_85_P0097,Item_97,22285,315,1 days,7 days,Out of Stock,4.5,10% off,Yes,4.2/5,India
Shop_85,Shop_85_P0098,Item_98,18892,500,1 days,7 days,Out of Stock,3.9,None,No,3.1/5,India
Shop_85,Shop_85_P0099,Item_99,23317,533,2 days,14 days,In Stock,3.5,None,No,3.6/5,India
Shop_85,Shop_85_P0100,Item_100,6177,203,5 days,30 days,In Stock,3.6,10% off,No,4.3/5,India
Shop_86,Shop_86_P0001,Item_1,8953,142,7 days,14 days,Out of Stock,4.6,None,No,3.2/5,India
Shop_86,Shop_86_P0002,Item_2,40440,209,4 days,7 days,In Stock,4.3,None,No,4.7/5,India
Shop_86,Shop_86_P0003,Item_3,649,681,5 days,14 days,In Stock,4.1,10% off,Yes,4.9/5,India
Shop_86,Shop_86_P0004,Item_4,15083,233,5 days,14 days,Out of Stock,4.1,None,Yes,4.6/5,India
Shop_86,Shop_86_P0005,Item_5,38232,513,4 days,7 days,Out of Stock,3.7,10% off,Yes,4.5/5,India
Shop_86,Shop_86_P0006,Item_6,22646,588,7 days,14 days,In Stock,4.9,None,No,4.1/5,India
Shop_86,Shop_86_P0007,Item_7,4789,142,1 days,7 days,In Stock,4.0,None,Yes,4.9/5,India
Shop_86,Shop_86_P0008,Item_8,26272,504,3 days,7 days,In Stock,3.5,Free shipping,Yes,4.3/5,India
Shop_86,Shop_86_P0009,Item_9,42044,46,4 days,7 days,In Stock,4.6,None,Yes,3.5/5,India
Shop_86,Shop_86_P0010,Item_10,24924,671,1 days,30 days,In Stock,3.7,10% off,No,3.9/5,India
Shop_86,Shop_86_P0011,Item_11,32170,68,7 days,14 days,Out of Stock,3.1,Free shipping,No,4.8/5,India
Shop_86,Shop_86_P0012,Item_12,3358,490,4 days,7 days,In Stock,4.4,Free shipping,No,3.3/5,India
Shop_86,Shop_86_P0013,Item_13,30655,653,5 days,14 days,In Stock,3.9,None,No,3.2/5,India
Shop_86,Shop_86_P0014,Item_14,26592,401,2 days,7 days,Out of Stock,4.7,Free shipping,Yes,3.6/5,India
Shop_86,Shop_86_P0015,Item_15,31804,634,5 days,7 days,Out of Stock,4.1,10% off,No,3.9/5,India
Shop_86,Shop_86_P0016,Item_16,13020,254,6 days,30 days,Out of Stock,3.6,None,Yes,3.7/5,India
Shop_86,Shop_86_P0017,Item_17,36169,549,7 days,7 days,Out of Stock,4.7,Free shipping,Yes,3.1/5,India
Shop_86,Shop_86_P0018,Item_18,47360,494,5 days,30 days,Out of Stock,3.8,Free shipping,Yes,4.7/5,India
Shop_86,Shop_86_P0019,Item_19,31597,358,3 days,30 days,Out of Stock,4.0,None,No,3.8/5,India
Shop_86,Shop_86_P0020,Item_20,33996,224,5 days,14 days,In Stock,3.7,None,Yes,3.4/5,India
Shop_86,Shop_86_P0021,Item_21,16353,417,7 days,14 days,In Stock,3.7,None,No,4.3/5,India
Shop_86,Shop_86_P0022,Item_22,37057,156,4 days,14 days,Out of Stock,3.2,Free shipping,No,4.4/5,India
Shop_86,Shop_86_P0023,Item_23,38301,366,1 days,30 days,Out of Stock,4.8,10% off,Yes,3.7/5,India
Shop_86,Shop_86_P0024,Item_24,19003,178,2 days,7 days,In Stock,4.0,Free shipping,No,4.2/5,India
Shop_86,Shop_86_P0025,Item_25,48920,494,3 days,7 days,In Stock,4.9,10% off,Yes,5.0/5,India
Shop_86,Shop_86_P0026,Item_26,37624,515,5 days,14 days,Out of Stock,3.9,Free shipping,No,4.4/5,India
Shop_86,Shop_86_P0027,Item_27,38674,195,4 days,14 days,Out of Stock,4.9,None,Yes,4.5/5,India
Shop_86,Shop_86_P0028,Item_28,34153,591,7 days,7 days,Out of Stock,4.4,None,No,3.3/5,India
Shop_86,Shop_86_P0029,Item_29,30909,664,4 days,14 days,In Stock,3.1,Free shipping,Yes,3.1/5,India
Shop_86,Shop_86_P0030,Item_30,8624,125,3 days,14 days,Out of Stock,4.0,Free shipping,Yes,3.9/5,India
Shop_86,Shop_86_P0031,Item_31,21367,324,4 days,30 days,In Stock,3.1,Free shipping,No,3.9/5,India
Shop_86,Shop_86_P0032,Item_32,7350,191,3 days,30 days,In Stock,4.2,Free shipping,No,3.3/5,India
Shop_86,Shop_86_P0033,Item_33,39495,218,1 days,14 days,Out of Stock,3.7,None,No,3.8/5,India
Shop_86,Shop_86_P0034,Item_34,37595,489,5 days,7 days,In Stock,4.2,None,Yes,3.2/5,India
Shop_86,Shop_86_P0035,Item_35,41911,196,5 days,7 days,Out of Stock,3.7,None,Yes,4.8/5,India
Shop_86,Shop_86_P0036,Item_36,14180,501,6 days,14 days,Out of Stock,3.2,10% off,No,4.8/5,India
Shop_86,Shop_86_P0037,Item_37,46766,479,4 days,14 days,In Stock,4.1,Free shipping,Yes,4.6/5,India
Shop_86,Shop_86_P0038,Item_38,37116,403,6 days,30 days,In Stock,4.1,10% off,Yes,4.2/5,India
Shop_86,Shop_86_P0039,Item_39,27564,686,7 days,7 days,Out of Stock,4.7,None,Yes,4.9/5,India
Shop_86,Shop_86_P0040,Item_40,41773,32,3 days,30 days,Out of Stock,3.7,10% off,Yes,3.7/5,India
Shop_86,Shop_86_P0041,Item_41,31739,508,7 days,30 days,Out of Stock,4.7,None,Yes,4.9/5,India
Shop_86,Shop_86_P0042,Item_42,33040,190,5 days,30 days,In Stock,3.2,10% off,No,4.0/5,India
Shop_86,Shop_86_P0043,Item_43,42923,140,2 days,7 days,In Stock,4.0,10% off,Yes,3.9/5,India
Shop_86,Shop_86_P0044,Item_44,10346,299,4 days,30 days,In Stock,4.2,10% off,Yes,3.9/5,India
Shop_86,Shop_86_P0045,Item_45,3240,384,3 days,30 days,In Stock,3.5,None,Yes,3.5/5,India
Shop_86,Shop_86_P0046,Item_46,34707,159,6 days,30 days,Out of Stock,4.0,Free shipping,No,3.1/5,India
Shop_86,Shop_86_P0047,Item_47,24252,533,3 days,14 days,In Stock,3.9,Free shipping,No,3.6/5,India
Shop_86,Shop_86_P0048,Item_48,37550,157,5 days,7 days,In Stock,4.5,10% off,Yes,3.7/5,India
Shop_86,Shop_86_P0049,Item_49,28071,360,5 days,14 days,Out of Stock,4.5,10% off,Yes,3.3/5,India
Shop_86,Shop_86_P0050,Item_50,18566,38,1 days,7 days,Out of Stock,3.8,Free shipping,Yes,4.0/5,India
Shop_86,Shop_86_P0051,Item_51,20487,608,4 days,7 days,Out of Stock,5.0,10% off,No,4.0/5,India
Shop_86,Shop_86_P0052,Item_52,30690,257,5 days,14 days,Out of Stock,3.8,Free shipping,No,4.3/5,India
Shop_86,Shop_86_P0053,Item_53,21184,391,2 days,30 days,Out of Stock,5.0,10% off,Yes,4.5/5,India
Shop_86,Shop_86_P0054,Item_54,7103,669,6 days,7 days,In Stock,3.6,None,No,3.4/5,India
Shop_86,Shop_86_P0055,Item_55,17251,220,7 days,14 days,Out of Stock,3.4,None,No,4.4/5,India
Shop_86,Shop_86_P0056,Item_56,44785,131,5 days,14 days,Out of Stock,3.7,None,Yes,4.7/5,India
Shop_86,Shop_86_P0057,Item_57,44847,610,1 days,7 days,In Stock,3.1,Free shipping,Yes,4.5/5,India
Shop_86,Shop_86_P0058,Item_58,10549,30,5 days,30 days,In Stock,3.9,None,Yes,3.2/5,India
Shop_86,Shop_86_P0059,Item_59,19196,625,6 days,30 days,In Stock,3.7,Free shipping,Yes,4.0/5,India
Shop_86,Shop_86_P0060,Item_60,26844,339,3 days,7 days,In Stock,3.9,None,Yes,4.9/5,India
Shop_86,Shop_86_P0061,Item_61,32771,539,1 days,14 days,Out of Stock,3.7,10% off,Yes,3.5/5,India
Shop_86,Shop_86_P0062,Item_62,45794,372,4 days,7 days,In Stock,3.2,10% off,Yes,3.9/5,India
Shop_86,Shop_86_P0063,Item_63,19953,583,7 days,7 days,Out of Stock,4.6,None,Yes,4.5/5,India
Shop_86,Shop_86_P0064,Item_64,47170,700,2 days,14 days,In Stock,4.9,Free shipping,Yes,4.4/5,India
Shop_86,Shop_86_P0065,Item_65,42041,652,4 days,7 days,In Stock,4.6,None,No,4.4/5,India
Shop_86,Shop_86_P0066,Item_66,8734,518,1 days,7 days,In Stock,3.7,Free shipping,Yes,4.8/5,India
Shop_86,Shop_86_P0067,Item_67,32450,328,1 days,30 days,In Stock,4.1,None,Yes,3.5/5,India
Shop_86,Shop_86_P0068,Item_68,8226,634,3 days,7 days,In Stock,4.4,Free shipping,No,4.0/5,India
Shop_86,Shop_86_P0069,Item_69,23836,331,1 days,14 days,In Stock,3.5,Free shipping,No,4.4/5,India
Shop_86,Shop_86_P0070,Item_70,28946,320,3 days,7 days,Out of Stock,3.1,10% off,No,3.6/5,India
Shop_86,Shop_86_P0071,Item_71,47372,114,5 days,7 days,In Stock,3.3,None,Yes,3.6/5,India
Shop_86,Shop_86_P0072,Item_72,14466,441,3 days,7 days,Out of Stock,3.4,Free shipping,Yes,4.0/5,India
Shop_86,Shop_86_P0073,Item_73,18742,280,4 days,14 days,Out of Stock,3.1,Free shipping,Yes,3.7/5,India
Shop_86,Shop_86_P0074,Item_74,31053,89,2 days,30 days,Out of Stock,4.3,10% off,Yes,3.1/5,India
Shop_86,Shop_86_P0075,Item_75,24829,384,5 days,7 days,In Stock,4.7,Free shipping,No,4.0/5,India
Shop_86,Shop_86_P0076,Item_76,8827,59,3 days,14 days,Out of Stock,4.1,None,No,5.0/5,India
Shop_86,Shop_86_P0077,Item_77,7956,477,1 days,30 days,Out of Stock,3.6,10% off,No,3.7/5,India
Shop_86,Shop_86_P0078,Item_78,30765,526,5 days,7 days,In Stock,3.5,None,No,4.0/5,India
Shop_86,Shop_86_P0079,Item_79,34302,450,1 days,30 days,Out of Stock,3.4,None,No,4.7/5,India
Shop_86,Shop_86_P0080,Item_80,21164,509,7 days,14 days,Out of Stock,3.6,Free shipping,Yes,3.2/5,India
Shop_86,Shop_86_P0081,Item_81,28527,538,6 days,7 days,Out of Stock,4.5,Free shipping,Yes,3.2/5,India
Shop_86,Shop_86_P0082,Item_82,9570,211,6 days,30 days,In Stock,3.0,10% off,Yes,4.2/5,India
Shop_86,Shop_86_P0083,Item_83,42221,122,6 days,14 days,In Stock,3.7,10% off,No,3.7/5,India
Shop_86,Shop_86_P0084,Item_84,16001,332,2 days,7 days,Out of Stock,3.8,10% off,Yes,4.7/5,India
Shop_86,Shop_86_P0085,Item_85,15580,176,7 days,7 days,In Stock,4.7,10% off,No,4.3/5,India
Shop_86,Shop_86_P0086,Item_86,14715,531,1 days,7 days,In Stock,4.1,Free shipping,No,3.2/5,India
Shop_86,Shop_86_P0087,Item_87,29578,207,3 days,30 days,Out of Stock,4.6,None,No,4.4/5,India
Shop_86,Shop_86_P0088,Item_88,45621,281,7 days,14 days,Out of Stock,3.7,10% off,No,3.0/5,India
Shop_86,Shop_86_P0089,Item_89,26742,373,2 days,14 days,Out of Stock,4.4,10% off,Yes,5.0/5,India
Shop_86,Shop_86_P0090,Item_90,30510,219,5 days,30 days,In Stock,3.4,10% off,Yes,3.2/5,India
Shop_86,Shop_86_P0091,Item_91,19175,489,3 days,7 days,Out of Stock,4.8,10% off,Yes,4.3/5,India
Shop_86,Shop_86_P0092,Item_92,46587,92,4 days,7 days,Out of Stock,3.6,Free shipping,Yes,3.8/5,India
Shop_86,Shop_86_P0093,Item_93,32160,341,7 days,30 days,Out of Stock,4.9,None,Yes,4.3/5,India
Shop_86,Shop_86_P0094,Item_94,35600,695,3 days,30 days,In Stock,4.0,Free shipping,Yes,4.1/5,India
Shop_86,Shop_86_P0095,Item_95,36033,348,6 days,30 days,Out of Stock,5.0,None,Yes,4.4/5,India
Shop_86,Shop_86_P0096,Item_96,36981,590,5 days,7 days,In Stock,3.4,Free shipping,No,4.0/5,India
Shop_86,Shop_86_P0097,Item_97,22269,353,5 days,30 days,In Stock,4.4,10% off,Yes,4.1/5,India
Shop_86,Shop_86_P0098,Item_98,48173,399,6 days,7 days,In Stock,4.5,10% off,Yes,4.6/5,India
Shop_86,Shop_86_P0099,Item_99,42031,30,1 days,30 days,In Stock,4.4,Free shipping,No,3.7/5,India
Shop_86,Shop_86_P0100,Item_100,23784,172,2 days,30 days,In Stock,3.4,10% off,No,3.6/5,India
Shop_87,Shop_87_P0001,Item_1,47092,529,2 days,30 days,Out of Stock,3.9,10% off,Yes,3.7/5,India
Shop_87,Shop_87_P0002,Item_2,3897,479,3 days,7 days,Out of Stock,3.8,None,Yes,4.7/5,India
Shop_87,Shop_87_P0003,Item_3,5948,396,2 days,14 days,Out of Stock,3.4,10% off,Yes,3.6/5,India
Shop_87,Shop_87_P0004,Item_4,18437,199,4 days,14 days,Out of Stock,3.4,10% off,No,4.3/5,India
Shop_87,Shop_87_P0005,Item_5,44226,616,2 days,7 days,Out of Stock,4.9,Free shipping,Yes,3.2/5,India
Shop_87,Shop_87_P0006,Item_6,43563,615,3 days,30 days,Out of Stock,4.9,Free shipping,Yes,4.4/5,India
Shop_87,Shop_87_P0007,Item_7,2522,318,6 days,14 days,Out of Stock,4.3,Free shipping,No,4.5/5,India
Shop_87,Shop_87_P0008,Item_8,45434,606,4 days,14 days,Out of Stock,4.2,Free shipping,No,3.8/5,India
Shop_87,Shop_87_P0009,Item_9,24633,345,3 days,7 days,Out of Stock,4.7,Free shipping,Yes,4.5/5,India
Shop_87,Shop_87_P0010,Item_10,2082,645,7 days,7 days,In Stock,3.1,10% off,Yes,3.3/5,India
Shop_87,Shop_87_P0011,Item_11,5568,255,1 days,30 days,Out of Stock,3.7,None,Yes,3.5/5,India
Shop_87,Shop_87_P0012,Item_12,48831,146,2 days,30 days,Out of Stock,4.3,None,No,3.8/5,India
Shop_87,Shop_87_P0013,Item_13,9986,228,1 days,14 days,Out of Stock,3.2,None,No,4.5/5,India
Shop_87,Shop_87_P0014,Item_14,41469,350,1 days,14 days,Out of Stock,3.9,10% off,No,4.4/5,India
Shop_87,Shop_87_P0015,Item_15,6246,560,6 days,14 days,Out of Stock,4.4,Free shipping,No,3.7/5,India
Shop_87,Shop_87_P0016,Item_16,10941,229,5 days,14 days,In Stock,3.9,Free shipping,Yes,4.5/5,India
Shop_87,Shop_87_P0017,Item_17,18754,297,7 days,7 days,Out of Stock,4.6,Free shipping,No,4.7/5,India
Shop_87,Shop_87_P0018,Item_18,2919,689,6 days,14 days,In Stock,3.4,None,Yes,4.2/5,India
Shop_87,Shop_87_P0019,Item_19,27085,462,5 days,7 days,Out of Stock,3.6,Free shipping,No,4.8/5,India
Shop_87,Shop_87_P0020,Item_20,31047,597,6 days,7 days,In Stock,3.3,Free shipping,No,3.9/5,India
Shop_87,Shop_87_P0021,Item_21,18665,325,4 days,7 days,In Stock,4.2,None,Yes,3.3/5,India
Shop_87,Shop_87_P0022,Item_22,7390,425,2 days,7 days,In Stock,4.5,Free shipping,No,4.1/5,India
Shop_87,Shop_87_P0023,Item_23,41558,201,5 days,30 days,Out of Stock,4.1,Free shipping,Yes,3.8/5,India
Shop_87,Shop_87_P0024,Item_24,10548,400,2 days,7 days,Out of Stock,4.2,None,No,3.9/5,India
Shop_87,Shop_87_P0025,Item_25,12828,53,3 days,7 days,In Stock,4.9,None,No,4.8/5,India
Shop_87,Shop_87_P0026,Item_26,30464,573,6 days,14 days,In Stock,3.6,None,No,3.2/5,India
Shop_87,Shop_87_P0027,Item_27,11285,120,5 days,30 days,Out of Stock,4.9,10% off,Yes,4.5/5,India
Shop_87,Shop_87_P0028,Item_28,44235,103,2 days,30 days,In Stock,3.7,Free shipping,Yes,3.3/5,India
Shop_87,Shop_87_P0029,Item_29,35971,271,2 days,14 days,In Stock,4.7,None,No,4.6/5,India
Shop_87,Shop_87_P0030,Item_30,29120,334,2 days,30 days,In Stock,4.2,Free shipping,No,4.9/5,India
Shop_87,Shop_87_P0031,Item_31,3520,185,4 days,30 days,Out of Stock,4.7,Free shipping,Yes,3.9/5,India
Shop_87,Shop_87_P0032,Item_32,20701,266,5 days,14 days,In Stock,4.4,None,No,5.0/5,India
Shop_87,Shop_87_P0033,Item_33,28600,507,6 days,7 days,In Stock,3.4,10% off,No,3.7/5,India
Shop_87,Shop_87_P0034,Item_34,2319,623,4 days,30 days,Out of Stock,4.1,10% off,No,3.7/5,India
Shop_87,Shop_87_P0035,Item_35,11311,199,5 days,14 days,Out of Stock,4.2,Free shipping,No,3.8/5,India
Shop_87,Shop_87_P0036,Item_36,45318,219,3 days,7 days,Out of Stock,3.3,10% off,Yes,3.4/5,India
Shop_87,Shop_87_P0037,Item_37,19133,560,4 days,7 days,In Stock,3.6,Free shipping,Yes,4.4/5,India
Shop_87,Shop_87_P0038,Item_38,36352,90,2 days,30 days,Out of Stock,3.2,10% off,No,3.5/5,India
Shop_87,Shop_87_P0039,Item_39,32598,55,1 days,7 days,Out of Stock,3.1,10% off,Yes,4.1/5,India
Shop_87,Shop_87_P0040,Item_40,36329,250,3 days,30 days,Out of Stock,3.3,Free shipping,No,4.7/5,India
Shop_87,Shop_87_P0041,Item_41,26941,83,4 days,30 days,In Stock,4.9,None,Yes,3.9/5,India
Shop_87,Shop_87_P0042,Item_42,2567,255,6 days,30 days,In Stock,3.6,None,Yes,4.7/5,India
Shop_87,Shop_87_P0043,Item_43,29820,269,6 days,14 days,Out of Stock,4.7,Free shipping,Yes,5.0/5,India
Shop_87,Shop_87_P0044,Item_44,48324,345,2 days,14 days,Out of Stock,3.8,Free shipping,Yes,4.3/5,India
Shop_87,Shop_87_P0045,Item_45,39039,383,3 days,30 days,Out of Stock,3.7,10% off,No,3.2/5,India
Shop_87,Shop_87_P0046,Item_46,48146,252,6 days,30 days,Out of Stock,3.7,None,Yes,3.4/5,India
Shop_87,Shop_87_P0047,Item_47,43620,395,6 days,14 days,In Stock,4.4,None,Yes,4.1/5,India
Shop_87,Shop_87_P0048,Item_48,8973,343,7 days,14 days,Out of Stock,4.0,10% off,No,4.7/5,India
Shop_87,Shop_87_P0049,Item_49,33045,101,7 days,14 days,Out of Stock,3.5,None,Yes,3.6/5,India
Shop_87,Shop_87_P0050,Item_50,39470,690,4 days,7 days,Out of Stock,3.9,10% off,No,3.1/5,India
Shop_87,Shop_87_P0051,Item_51,35347,690,7 days,7 days,In Stock,3.4,10% off,Yes,4.0/5,India
Shop_87,Shop_87_P0052,Item_52,16571,85,6 days,14 days,Out of Stock,3.7,Free shipping,Yes,4.4/5,India
Shop_87,Shop_87_P0053,Item_53,30956,657,1 days,30 days,In Stock,3.4,None,No,4.8/5,India
Shop_87,Shop_87_P0054,Item_54,3371,27,5 days,14 days,Out of Stock,3.1,Free shipping,No,4.0/5,India
Shop_87,Shop_87_P0055,Item_55,40997,139,7 days,14 days,Out of Stock,4.5,Free shipping,No,3.3/5,India
Shop_87,Shop_87_P0056,Item_56,39658,286,6 days,14 days,In Stock,3.0,None,Yes,3.8/5,India
Shop_87,Shop_87_P0057,Item_57,46748,228,4 days,30 days,In Stock,4.3,None,Yes,4.0/5,India
Shop_87,Shop_87_P0058,Item_58,27967,30,5 days,30 days,In Stock,3.9,Free shipping,No,4.7/5,India
Shop_87,Shop_87_P0059,Item_59,11524,245,3 days,7 days,In Stock,3.3,None,No,3.5/5,India
Shop_87,Shop_87_P0060,Item_60,19286,102,6 days,14 days,Out of Stock,3.4,None,Yes,4.6/5,India
Shop_87,Shop_87_P0061,Item_61,38622,47,2 days,7 days,In Stock,4.7,None,No,3.1/5,India
Shop_87,Shop_87_P0062,Item_62,10478,449,1 days,30 days,In Stock,4.7,10% off,No,3.3/5,India
Shop_87,Shop_87_P0063,Item_63,36024,72,3 days,7 days,Out of Stock,3.3,Free shipping,No,3.9/5,India
Shop_87,Shop_87_P0064,Item_64,30774,167,4 days,7 days,In Stock,3.2,None,No,4.0/5,India
Shop_87,Shop_87_P0065,Item_65,39575,425,7 days,7 days,In Stock,3.3,10% off,Yes,3.7/5,India
Shop_87,Shop_87_P0066,Item_66,29234,54,7 days,14 days,Out of Stock,4.6,Free shipping,No,3.3/5,India
Shop_87,Shop_87_P0067,Item_67,5226,486,7 days,14 days,In Stock,3.8,10% off,Yes,4.7/5,India
Shop_87,Shop_87_P0068,Item_68,22458,556,7 days,30 days,Out of Stock,3.7,None,Yes,4.8/5,India
Shop_87,Shop_87_P0069,Item_69,2227,520,4 days,14 days,Out of Stock,4.3,None,No,5.0/5,India
Shop_87,Shop_87_P0070,Item_70,36352,322,3 days,14 days,Out of Stock,3.9,Free shipping,No,3.3/5,India
Shop_87,Shop_87_P0071,Item_71,21002,627,4 days,14 days,Out of Stock,4.2,Free shipping,No,4.6/5,India
Shop_87,Shop_87_P0072,Item_72,820,52,2 days,14 days,Out of Stock,4.0,Free shipping,No,3.2/5,India
Shop_87,Shop_87_P0073,Item_73,35443,564,2 days,14 days,In Stock,3.7,10% off,No,4.9/5,India
Shop_87,Shop_87_P0074,Item_74,22522,171,3 days,30 days,In Stock,3.1,10% off,No,4.4/5,India
Shop_87,Shop_87_P0075,Item_75,22319,196,7 days,7 days,In Stock,4.7,10% off,No,4.4/5,India
Shop_87,Shop_87_P0076,Item_76,45842,377,6 days,7 days,In Stock,4.4,10% off,No,3.7/5,India
Shop_87,Shop_87_P0077,Item_77,28968,77,7 days,7 days,Out of Stock,3.2,10% off,No,3.2/5,India
Shop_87,Shop_87_P0078,Item_78,49692,585,3 days,7 days,Out of Stock,3.5,Free shipping,No,4.2/5,India
Shop_87,Shop_87_P0079,Item_79,9138,203,5 days,7 days,In Stock,3.1,10% off,Yes,3.6/5,India
Shop_87,Shop_87_P0080,Item_80,37399,652,3 days,14 days,Out of Stock,4.2,None,Yes,4.6/5,India
Shop_87,Shop_87_P0081,Item_81,13792,398,7 days,14 days,In Stock,4.8,None,No,4.2/5,India
Shop_87,Shop_87_P0082,Item_82,20262,372,2 days,14 days,In Stock,4.2,10% off,Yes,3.5/5,India
Shop_87,Shop_87_P0083,Item_83,31019,616,2 days,7 days,In Stock,4.9,None,No,4.5/5,India
Shop_87,Shop_87_P0084,Item_84,11021,133,2 days,14 days,Out of Stock,3.7,10% off,No,3.1/5,India
Shop_87,Shop_87_P0085,Item_85,31564,168,1 days,7 days,Out of Stock,3.3,10% off,No,4.8/5,India
Shop_87,Shop_87_P0086,Item_86,23191,649,3 days,30 days,In Stock,4.5,10% off,No,4.9/5,India
Shop_87,Shop_87_P0087,Item_87,17139,62,3 days,7 days,Out of Stock,4.9,10% off,No,3.5/5,India
Shop_87,Shop_87_P0088,Item_88,6644,341,1 days,30 days,In Stock,4.9,Free shipping,Yes,3.5/5,India
Shop_87,Shop_87_P0089,Item_89,34324,680,2 days,14 days,In Stock,4.6,Free shipping,Yes,3.3/5,India
Shop_87,Shop_87_P0090,Item_90,47810,564,2 days,7 days,Out of Stock,4.1,10% off,No,3.5/5,India
Shop_87,Shop_87_P0091,Item_91,31156,390,5 days,7 days,In Stock,4.4,None,No,3.7/5,India
Shop_87,Shop_87_P0092,Item_92,36955,481,1 days,14 days,Out of Stock,3.4,Free shipping,No,3.2/5,India
Shop_87,Shop_87_P0093,Item_93,23826,348,6 days,14 days,In Stock,4.6,None,Yes,4.0/5,India
Shop_87,Shop_87_P0094,Item_94,31611,575,4 days,7 days,In Stock,4.3,None,Yes,3.0/5,India
Shop_87,Shop_87_P0095,Item_95,22218,624,3 days,7 days,In Stock,4.1,Free shipping,No,4.7/5,India
Shop_87,Shop_87_P0096,Item_96,48911,440,6 days,30 days,Out of Stock,3.7,Free shipping,No,4.5/5,India
Shop_87,Shop_87_P0097,Item_97,17301,676,3 days,14 days,In Stock,3.3,Free shipping,Yes,3.8/5,India
Shop_87,Shop_87_P0098,Item_98,3452,583,4 days,14 days,In Stock,3.5,10% off,Yes,4.7/5,India
Shop_87,Shop_87_P0099,Item_99,2214,61,6 days,14 days,In Stock,4.2,Free shipping,Yes,4.0/5,India
Shop_87,Shop_87_P0100,Item_100,38209,203,6 days,30 days,Out of Stock,3.3,10% off,No,4.0/5,India
Shop_88,Shop_88_P0001,Item_1,29372,270,5 days,30 days,In Stock,4.5,Free shipping,No,3.7/5,India
Shop_88,Shop_88_P0002,Item_2,1962,276,4 days,30 days,Out of Stock,4.6,10% off,Yes,3.6/5,India
Shop_88,Shop_88_P0003,Item_3,13014,573,2 days,30 days,Out of Stock,3.1,None,No,3.6/5,India
Shop_88,Shop_88_P0004,Item_4,19938,163,6 days,14 days,Out of Stock,4.4,Free shipping,No,3.4/5,India
Shop_88,Shop_88_P0005,Item_5,23155,288,5 days,30 days,In Stock,4.1,Free shipping,No,4.4/5,India
Shop_88,Shop_88_P0006,Item_6,11694,532,1 days,30 days,Out of Stock,4.0,None,No,3.4/5,India
Shop_88,Shop_88_P0007,Item_7,9872,652,3 days,30 days,In Stock,4.9,None,Yes,4.1/5,India
Shop_88,Shop_88_P0008,Item_8,34342,190,7 days,14 days,Out of Stock,4.4,None,No,3.6/5,India
Shop_88,Shop_88_P0009,Item_9,14303,559,5 days,7 days,In Stock,4.7,None,No,4.3/5,India
Shop_88,Shop_88_P0010,Item_10,42509,138,1 days,7 days,In Stock,4.2,Free shipping,Yes,4.7/5,India
Shop_88,Shop_88_P0011,Item_11,22596,648,3 days,14 days,Out of Stock,3.1,10% off,Yes,4.8/5,India
Shop_88,Shop_88_P0012,Item_12,15671,265,6 days,14 days,In Stock,3.5,10% off,Yes,4.6/5,India
Shop_88,Shop_88_P0013,Item_13,16843,340,5 days,30 days,In Stock,4.2,10% off,No,4.1/5,India
Shop_88,Shop_88_P0014,Item_14,12974,488,5 days,30 days,In Stock,3.5,10% off,No,4.9/5,India
Shop_88,Shop_88_P0015,Item_15,19978,307,1 days,7 days,In Stock,4.8,Free shipping,Yes,4.2/5,India
Shop_88,Shop_88_P0016,Item_16,35917,493,4 days,7 days,In Stock,4.9,10% off,No,3.1/5,India
Shop_88,Shop_88_P0017,Item_17,15374,511,5 days,14 days,Out of Stock,3.6,10% off,No,3.5/5,India
Shop_88,Shop_88_P0018,Item_18,1228,508,7 days,30 days,Out of Stock,3.0,None,Yes,3.6/5,India
Shop_88,Shop_88_P0019,Item_19,37136,250,5 days,14 days,In Stock,4.5,10% off,Yes,4.2/5,India
Shop_88,Shop_88_P0020,Item_20,19824,104,2 days,14 days,Out of Stock,3.1,Free shipping,Yes,4.2/5,India
Shop_88,Shop_88_P0021,Item_21,37695,359,2 days,14 days,Out of Stock,3.3,None,Yes,4.4/5,India
Shop_88,Shop_88_P0022,Item_22,40337,638,1 days,7 days,Out of Stock,3.6,Free shipping,No,3.3/5,India
Shop_88,Shop_88_P0023,Item_23,27347,392,3 days,7 days,Out of Stock,3.2,Free shipping,Yes,3.2/5,India
Shop_88,Shop_88_P0024,Item_24,6649,499,3 days,7 days,In Stock,3.0,10% off,No,5.0/5,India
Shop_88,Shop_88_P0025,Item_25,17071,501,1 days,30 days,In Stock,4.1,Free shipping,No,4.6/5,India
Shop_88,Shop_88_P0026,Item_26,20729,545,6 days,14 days,Out of Stock,3.8,10% off,No,4.3/5,India
Shop_88,Shop_88_P0027,Item_27,18451,347,5 days,14 days,In Stock,4.0,Free shipping,No,4.4/5,India
Shop_88,Shop_88_P0028,Item_28,33041,480,4 days,14 days,In Stock,4.1,10% off,No,4.6/5,India
Shop_88,Shop_88_P0029,Item_29,37263,24,1 days,30 days,In Stock,4.9,Free shipping,Yes,4.6/5,India
Shop_88,Shop_88_P0030,Item_30,5091,394,5 days,14 days,Out of Stock,4.2,Free shipping,No,3.6/5,India
Shop_88,Shop_88_P0031,Item_31,48062,270,6 days,14 days,In Stock,3.1,10% off,No,3.1/5,India
Shop_88,Shop_88_P0032,Item_32,24878,398,3 days,7 days,Out of Stock,5.0,None,No,4.3/5,India
Shop_88,Shop_88_P0033,Item_33,39819,402,4 days,7 days,Out of Stock,3.4,10% off,No,3.1/5,India
Shop_88,Shop_88_P0034,Item_34,9674,190,4 days,7 days,In Stock,3.2,None,Yes,4.7/5,India
Shop_88,Shop_88_P0035,Item_35,38051,81,1 days,30 days,Out of Stock,3.6,None,No,3.9/5,India
Shop_88,Shop_88_P0036,Item_36,995,632,1 days,14 days,In Stock,3.3,10% off,No,3.0/5,India
Shop_88,Shop_88_P0037,Item_37,31582,668,5 days,7 days,Out of Stock,3.5,Free shipping,Yes,4.6/5,India
Shop_88,Shop_88_P0038,Item_38,47621,451,1 days,30 days,Out of Stock,3.3,None,No,3.3/5,India
Shop_88,Shop_88_P0039,Item_39,43536,268,5 days,30 days,Out of Stock,4.4,Free shipping,No,4.7/5,India
Shop_88,Shop_88_P0040,Item_40,48310,413,3 days,30 days,Out of Stock,4.8,10% off,Yes,4.1/5,India
Shop_88,Shop_88_P0041,Item_41,26386,612,1 days,30 days,Out of Stock,4.6,10% off,Yes,4.4/5,India
Shop_88,Shop_88_P0042,Item_42,27059,689,4 days,30 days,In Stock,4.4,Free shipping,Yes,4.4/5,India
Shop_88,Shop_88_P0043,Item_43,29087,682,3 days,14 days,Out of Stock,4.7,None,No,4.7/5,India
Shop_88,Shop_88_P0044,Item_44,27903,525,1 days,7 days,Out of Stock,3.4,10% off,No,3.7/5,India
Shop_88,Shop_88_P0045,Item_45,22778,224,7 days,30 days,Out of Stock,4.1,None,Yes,4.8/5,India
Shop_88,Shop_88_P0046,Item_46,27042,487,3 days,30 days,In Stock,3.7,10% off,No,3.1/5,India
Shop_88,Shop_88_P0047,Item_47,6033,618,7 days,7 days,Out of Stock,3.4,10% off,Yes,4.7/5,India
Shop_88,Shop_88_P0048,Item_48,13299,130,2 days,7 days,Out of Stock,4.4,10% off,Yes,3.4/5,India
Shop_88,Shop_88_P0049,Item_49,42534,560,1 days,7 days,In Stock,3.7,Free shipping,No,4.5/5,India
Shop_88,Shop_88_P0050,Item_50,16000,574,1 days,14 days,In Stock,4.0,10% off,No,4.2/5,India
Shop_88,Shop_88_P0051,Item_51,9761,236,1 days,14 days,Out of Stock,4.5,None,Yes,4.2/5,India
Shop_88,Shop_88_P0052,Item_52,13516,266,2 days,7 days,In Stock,3.0,10% off,No,3.0/5,India
Shop_88,Shop_88_P0053,Item_53,4372,313,3 days,7 days,In Stock,4.7,10% off,Yes,4.5/5,India
Shop_88,Shop_88_P0054,Item_54,15564,651,3 days,30 days,Out of Stock,3.4,10% off,No,4.5/5,India
Shop_88,Shop_88_P0055,Item_55,38954,444,2 days,7 days,In Stock,4.9,10% off,No,3.4/5,India
Shop_88,Shop_88_P0056,Item_56,48411,620,1 days,7 days,In Stock,4.6,Free shipping,Yes,4.5/5,India
Shop_88,Shop_88_P0057,Item_57,4382,537,5 days,7 days,Out of Stock,3.2,10% off,No,4.4/5,India
Shop_88,Shop_88_P0058,Item_58,35707,291,2 days,30 days,In Stock,3.0,10% off,No,3.5/5,India
Shop_88,Shop_88_P0059,Item_59,10597,335,1 days,30 days,In Stock,4.2,10% off,No,4.8/5,India
Shop_88,Shop_88_P0060,Item_60,10520,172,6 days,7 days,Out of Stock,3.9,10% off,No,5.0/5,India
Shop_88,Shop_88_P0061,Item_61,29960,326,4 days,14 days,In Stock,4.3,10% off,No,3.2/5,India
Shop_88,Shop_88_P0062,Item_62,19114,85,2 days,30 days,In Stock,5.0,Free shipping,No,3.4/5,India
Shop_88,Shop_88_P0063,Item_63,36674,458,3 days,14 days,Out of Stock,4.4,10% off,No,3.9/5,India
Shop_88,Shop_88_P0064,Item_64,16737,687,3 days,30 days,Out of Stock,5.0,Free shipping,Yes,3.3/5,India
Shop_88,Shop_88_P0065,Item_65,9124,442,6 days,7 days,In Stock,4.4,Free shipping,No,4.8/5,India
Shop_88,Shop_88_P0066,Item_66,12153,152,6 days,14 days,Out of Stock,3.3,None,No,4.5/5,India
Shop_88,Shop_88_P0067,Item_67,32736,391,1 days,14 days,Out of Stock,3.1,None,Yes,4.0/5,India
Shop_88,Shop_88_P0068,Item_68,44119,261,2 days,30 days,In Stock,4.7,10% off,No,4.0/5,India
Shop_88,Shop_88_P0069,Item_69,48595,185,6 days,30 days,In Stock,4.6,Free shipping,No,3.0/5,India
Shop_88,Shop_88_P0070,Item_70,39652,343,5 days,14 days,In Stock,4.5,Free shipping,Yes,4.4/5,India
Shop_88,Shop_88_P0071,Item_71,38123,696,7 days,30 days,In Stock,4.9,None,No,3.4/5,India
Shop_88,Shop_88_P0072,Item_72,49890,70,5 days,7 days,Out of Stock,4.0,None,Yes,3.7/5,India
Shop_88,Shop_88_P0073,Item_73,44280,209,4 days,7 days,Out of Stock,4.4,10% off,Yes,3.8/5,India
Shop_88,Shop_88_P0074,Item_74,25517,655,2 days,14 days,In Stock,3.5,10% off,No,4.7/5,India
Shop_88,Shop_88_P0075,Item_75,36863,643,5 days,7 days,Out of Stock,3.2,10% off,No,4.4/5,India
Shop_88,Shop_88_P0076,Item_76,47601,233,7 days,7 days,Out of Stock,4.2,None,Yes,3.9/5,India
Shop_88,Shop_88_P0077,Item_77,30951,252,4 days,30 days,Out of Stock,3.2,10% off,No,3.5/5,India
Shop_88,Shop_88_P0078,Item_78,41782,62,3 days,14 days,In Stock,4.1,None,No,4.8/5,India
Shop_88,Shop_88_P0079,Item_79,10782,173,5 days,30 days,Out of Stock,3.6,Free shipping,Yes,4.9/5,India
Shop_88,Shop_88_P0080,Item_80,31822,278,1 days,7 days,Out of Stock,4.0,Free shipping,No,3.2/5,India
Shop_88,Shop_88_P0081,Item_81,37751,389,3 days,14 days,In Stock,4.4,Free shipping,Yes,3.9/5,India
Shop_88,Shop_88_P0082,Item_82,5035,118,7 days,7 days,In Stock,3.1,10% off,Yes,3.6/5,India
Shop_88,Shop_88_P0083,Item_83,46464,326,6 days,7 days,In Stock,3.3,None,Yes,4.4/5,India
Shop_88,Shop_88_P0084,Item_84,16994,499,2 days,14 days,Out of Stock,3.3,None,Yes,4.7/5,India
Shop_88,Shop_88_P0085,Item_85,46508,464,6 days,7 days,Out of Stock,4.0,10% off,No,3.2/5,India
Shop_88,Shop_88_P0086,Item_86,49944,44,5 days,14 days,Out of Stock,4.0,None,No,4.5/5,India
Shop_88,Shop_88_P0087,Item_87,48009,399,2 days,7 days,Out of Stock,4.5,None,Yes,4.1/5,India
Shop_88,Shop_88_P0088,Item_88,24060,190,1 days,14 days,Out of Stock,3.1,10% off,No,3.6/5,India
Shop_88,Shop_88_P0089,Item_89,27267,230,1 days,30 days,Out of Stock,4.6,None,No,3.8/5,India
Shop_88,Shop_88_P0090,Item_90,1587,231,5 days,30 days,In Stock,5.0,Free shipping,No,4.1/5,India
Shop_88,Shop_88_P0091,Item_91,21381,324,7 days,14 days,In Stock,3.5,None,No,4.5/5,India
Shop_88,Shop_88_P0092,Item_92,38106,309,3 days,14 days,In Stock,3.2,None,No,4.1/5,India
Shop_88,Shop_88_P0093,Item_93,19402,338,5 days,7 days,In Stock,4.1,10% off,No,3.0/5,India
Shop_88,Shop_88_P0094,Item_94,24307,562,1 days,30 days,In Stock,4.5,Free shipping,No,3.8/5,India
Shop_88,Shop_88_P0095,Item_95,20368,92,1 days,14 days,In Stock,4.9,Free shipping,Yes,4.3/5,India
Shop_88,Shop_88_P0096,Item_96,1200,179,2 days,30 days,In Stock,3.2,10% off,No,4.5/5,India
Shop_88,Shop_88_P0097,Item_97,2344,74,7 days,14 days,Out of Stock,4.2,10% off,No,3.1/5,India
Shop_88,Shop_88_P0098,Item_98,44199,91,3 days,30 days,In Stock,4.1,10% off,No,3.9/5,India
Shop_88,Shop_88_P0099,Item_99,2619,329,1 days,7 days,Out of Stock,4.5,10% off,No,4.1/5,India
Shop_88,Shop_88_P0100,Item_100,3098,106,7 days,30 days,In Stock,3.3,10% off,Yes,4.6/5,India
Shop_89,Shop_89_P0001,Item_1,39762,183,2 days,14 days,Out of Stock,4.2,None,Yes,3.2/5,India
Shop_89,Shop_89_P0002,Item_2,7017,208,5 days,30 days,Out of Stock,3.9,10% off,Yes,4.2/5,India
Shop_89,Shop_89_P0003,Item_3,4278,42,5 days,7 days,Out of Stock,3.5,10% off,No,3.9/5,India
Shop_89,Shop_89_P0004,Item_4,36396,627,7 days,14 days,In Stock,3.5,Free shipping,Yes,3.6/5,India
Shop_89,Shop_89_P0005,Item_5,35211,646,4 days,7 days,Out of Stock,3.1,10% off,Yes,3.9/5,India
Shop_89,Shop_89_P0006,Item_6,49657,393,3 days,14 days,In Stock,3.8,10% off,Yes,4.7/5,India
Shop_89,Shop_89_P0007,Item_7,25294,330,5 days,14 days,Out of Stock,4.1,Free shipping,Yes,3.2/5,India
Shop_89,Shop_89_P0008,Item_8,37661,345,3 days,14 days,Out of Stock,4.6,Free shipping,Yes,3.3/5,India
Shop_89,Shop_89_P0009,Item_9,24340,483,1 days,30 days,In Stock,4.0,10% off,No,3.1/5,India
Shop_89,Shop_89_P0010,Item_10,20529,669,1 days,14 days,In Stock,3.9,None,No,3.0/5,India
Shop_89,Shop_89_P0011,Item_11,43379,412,7 days,7 days,Out of Stock,3.8,Free shipping,Yes,3.8/5,India
Shop_89,Shop_89_P0012,Item_12,44402,565,2 days,7 days,Out of Stock,3.1,10% off,Yes,3.7/5,India
Shop_89,Shop_89_P0013,Item_13,16132,451,7 days,14 days,Out of Stock,3.9,Free shipping,Yes,3.1/5,India
Shop_89,Shop_89_P0014,Item_14,5695,129,6 days,7 days,In Stock,3.6,Free shipping,Yes,3.8/5,India
Shop_89,Shop_89_P0015,Item_15,49953,526,3 days,7 days,Out of Stock,4.4,None,No,3.7/5,India
Shop_89,Shop_89_P0016,Item_16,20696,511,3 days,14 days,Out of Stock,3.4,10% off,Yes,4.5/5,India
Shop_89,Shop_89_P0017,Item_17,8806,259,5 days,30 days,Out of Stock,4.0,10% off,Yes,4.8/5,India
Shop_89,Shop_89_P0018,Item_18,35000,168,2 days,14 days,In Stock,4.9,Free shipping,No,3.5/5,India
Shop_89,Shop_89_P0019,Item_19,21987,595,4 days,14 days,Out of Stock,3.3,10% off,No,4.6/5,India
Shop_89,Shop_89_P0020,Item_20,18442,468,4 days,7 days,Out of Stock,3.4,Free shipping,No,4.2/5,India
Shop_89,Shop_89_P0021,Item_21,36175,631,6 days,7 days,Out of Stock,3.7,None,No,3.1/5,India
Shop_89,Shop_89_P0022,Item_22,22550,367,7 days,30 days,Out of Stock,4.9,None,Yes,4.0/5,India
Shop_89,Shop_89_P0023,Item_23,34548,286,4 days,14 days,In Stock,3.9,None,Yes,4.2/5,India
Shop_89,Shop_89_P0024,Item_24,19695,509,2 days,7 days,In Stock,4.9,Free shipping,No,4.4/5,India
Shop_89,Shop_89_P0025,Item_25,15411,534,7 days,30 days,Out of Stock,3.5,10% off,No,4.9/5,India
Shop_89,Shop_89_P0026,Item_26,774,123,7 days,14 days,Out of Stock,4.7,None,No,3.8/5,India
Shop_89,Shop_89_P0027,Item_27,32991,699,4 days,30 days,Out of Stock,3.6,10% off,No,4.8/5,India
Shop_89,Shop_89_P0028,Item_28,36292,377,7 days,7 days,In Stock,3.7,None,Yes,4.1/5,India
Shop_89,Shop_89_P0029,Item_29,19998,496,2 days,30 days,In Stock,3.5,Free shipping,No,3.1/5,India
Shop_89,Shop_89_P0030,Item_30,15669,188,5 days,14 days,In Stock,3.5,10% off,No,3.6/5,India
Shop_89,Shop_89_P0031,Item_31,21241,452,3 days,30 days,Out of Stock,4.1,None,Yes,3.4/5,India
Shop_89,Shop_89_P0032,Item_32,31341,57,5 days,30 days,In Stock,4.6,10% off,Yes,3.1/5,India
Shop_89,Shop_89_P0033,Item_33,990,278,2 days,7 days,In Stock,4.3,10% off,No,3.0/5,India
Shop_89,Shop_89_P0034,Item_34,30515,307,4 days,14 days,Out of Stock,4.6,10% off,No,3.2/5,India
Shop_89,Shop_89_P0035,Item_35,19781,579,1 days,30 days,Out of Stock,3.5,None,Yes,3.8/5,India
Shop_89,Shop_89_P0036,Item_36,46969,527,3 days,14 days,In Stock,3.2,10% off,No,4.7/5,India
Shop_89,Shop_89_P0037,Item_37,13912,317,5 days,7 days,Out of Stock,4.3,None,No,4.9/5,India
Shop_89,Shop_89_P0038,Item_38,4725,299,5 days,7 days,Out of Stock,3.5,Free shipping,No,4.4/5,India
Shop_89,Shop_89_P0039,Item_39,44790,370,5 days,30 days,Out of Stock,3.6,10% off,No,4.2/5,India
Shop_89,Shop_89_P0040,Item_40,14457,132,4 days,14 days,Out of Stock,3.4,10% off,Yes,3.5/5,India
Shop_89,Shop_89_P0041,Item_41,39881,363,1 days,7 days,In Stock,4.7,None,Yes,4.7/5,India
Shop_89,Shop_89_P0042,Item_42,49728,160,1 days,30 days,In Stock,4.9,10% off,No,3.4/5,India
Shop_89,Shop_89_P0043,Item_43,5524,282,1 days,14 days,In Stock,4.5,None,No,3.4/5,India
Shop_89,Shop_89_P0044,Item_44,16525,289,4 days,14 days,Out of Stock,5.0,10% off,No,3.5/5,India
Shop_89,Shop_89_P0045,Item_45,16595,406,3 days,14 days,In Stock,3.7,Free shipping,Yes,4.1/5,India
Shop_89,Shop_89_P0046,Item_46,6596,551,7 days,14 days,Out of Stock,4.8,10% off,Yes,3.2/5,India
Shop_89,Shop_89_P0047,Item_47,42917,24,6 days,7 days,Out of Stock,4.5,10% off,Yes,3.1/5,India
Shop_89,Shop_89_P0048,Item_48,7972,673,4 days,7 days,In Stock,4.2,None,Yes,4.6/5,India
Shop_89,Shop_89_P0049,Item_49,45377,552,7 days,14 days,Out of Stock,4.7,10% off,No,3.0/5,India
Shop_89,Shop_89_P0050,Item_50,34355,664,6 days,30 days,Out of Stock,3.2,None,No,4.1/5,India
Shop_89,Shop_89_P0051,Item_51,48005,643,5 days,7 days,In Stock,3.2,10% off,Yes,3.9/5,India
Shop_89,Shop_89_P0052,Item_52,38882,419,6 days,14 days,In Stock,3.3,Free shipping,No,4.9/5,India
Shop_89,Shop_89_P0053,Item_53,6700,479,4 days,7 days,Out of Stock,3.4,None,Yes,3.5/5,India
Shop_89,Shop_89_P0054,Item_54,17280,63,2 days,7 days,In Stock,4.6,Free shipping,Yes,4.4/5,India
Shop_89,Shop_89_P0055,Item_55,4962,158,2 days,14 days,In Stock,4.8,10% off,No,3.3/5,India
Shop_89,Shop_89_P0056,Item_56,44130,420,6 days,30 days,Out of Stock,3.8,10% off,Yes,3.7/5,India
Shop_89,Shop_89_P0057,Item_57,31561,352,6 days,7 days,In Stock,4.1,10% off,Yes,4.2/5,India
Shop_89,Shop_89_P0058,Item_58,16276,615,5 days,14 days,Out of Stock,4.1,None,No,4.6/5,India
Shop_89,Shop_89_P0059,Item_59,10210,602,3 days,14 days,In Stock,4.7,Free shipping,Yes,3.9/5,India
Shop_89,Shop_89_P0060,Item_60,39211,158,6 days,7 days,Out of Stock,4.0,10% off,No,3.8/5,India
Shop_89,Shop_89_P0061,Item_61,3737,27,4 days,30 days,In Stock,4.3,None,No,3.6/5,India
Shop_89,Shop_89_P0062,Item_62,24896,554,7 days,30 days,In Stock,3.7,Free shipping,Yes,4.5/5,India
Shop_89,Shop_89_P0063,Item_63,8251,645,6 days,30 days,Out of Stock,3.5,Free shipping,Yes,3.7/5,India
Shop_89,Shop_89_P0064,Item_64,26081,375,6 days,30 days,In Stock,4.4,Free shipping,Yes,3.0/5,India
Shop_89,Shop_89_P0065,Item_65,44731,334,2 days,7 days,Out of Stock,4.7,None,Yes,3.7/5,India
Shop_89,Shop_89_P0066,Item_66,32175,160,3 days,14 days,Out of Stock,3.2,None,Yes,3.9/5,India
Shop_89,Shop_89_P0067,Item_67,28075,558,3 days,14 days,Out of Stock,5.0,Free shipping,No,3.3/5,India
Shop_89,Shop_89_P0068,Item_68,8260,103,7 days,30 days,In Stock,4.3,10% off,No,3.5/5,India
Shop_89,Shop_89_P0069,Item_69,13093,608,6 days,14 days,In Stock,4.7,Free shipping,Yes,3.0/5,India
Shop_89,Shop_89_P0070,Item_70,43954,172,4 days,14 days,Out of Stock,3.4,10% off,No,4.4/5,India
Shop_89,Shop_89_P0071,Item_71,15419,516,5 days,7 days,In Stock,3.0,10% off,Yes,3.1/5,India
Shop_89,Shop_89_P0072,Item_72,11441,636,2 days,14 days,Out of Stock,3.3,10% off,Yes,4.3/5,India
Shop_89,Shop_89_P0073,Item_73,13136,198,1 days,30 days,Out of Stock,3.4,10% off,Yes,3.4/5,India
Shop_89,Shop_89_P0074,Item_74,12519,143,6 days,30 days,In Stock,3.8,Free shipping,No,4.5/5,India
Shop_89,Shop_89_P0075,Item_75,15768,309,3 days,7 days,In Stock,3.7,None,Yes,4.4/5,India
Shop_89,Shop_89_P0076,Item_76,33419,657,6 days,14 days,In Stock,3.0,10% off,Yes,3.8/5,India
Shop_89,Shop_89_P0077,Item_77,22955,347,5 days,14 days,Out of Stock,4.8,Free shipping,Yes,4.1/5,India
Shop_89,Shop_89_P0078,Item_78,48370,182,1 days,30 days,Out of Stock,4.2,None,No,3.8/5,India
Shop_89,Shop_89_P0079,Item_79,8538,318,6 days,14 days,Out of Stock,3.4,10% off,No,3.9/5,India
Shop_89,Shop_89_P0080,Item_80,30995,233,6 days,7 days,Out of Stock,4.2,Free shipping,Yes,3.7/5,India
Shop_89,Shop_89_P0081,Item_81,9248,355,5 days,30 days,Out of Stock,3.5,10% off,No,3.2/5,India
Shop_89,Shop_89_P0082,Item_82,30441,224,1 days,14 days,In Stock,4.7,None,No,3.9/5,India
Shop_89,Shop_89_P0083,Item_83,38803,572,5 days,14 days,Out of Stock,3.3,Free shipping,Yes,4.9/5,India
Shop_89,Shop_89_P0084,Item_84,32251,215,1 days,7 days,Out of Stock,3.5,Free shipping,No,4.8/5,India
Shop_89,Shop_89_P0085,Item_85,3364,656,6 days,30 days,Out of Stock,4.5,Free shipping,No,4.8/5,India
Shop_89,Shop_89_P0086,Item_86,44013,252,3 days,30 days,Out of Stock,3.7,None,Yes,3.4/5,India
Shop_89,Shop_89_P0087,Item_87,14387,113,1 days,7 days,In Stock,4.0,Free shipping,Yes,3.2/5,India
Shop_89,Shop_89_P0088,Item_88,30349,123,5 days,7 days,Out of Stock,3.9,10% off,Yes,3.4/5,India
Shop_89,Shop_89_P0089,Item_89,3330,573,3 days,7 days,Out of Stock,3.7,None,Yes,3.2/5,India
Shop_89,Shop_89_P0090,Item_90,27436,123,7 days,30 days,Out of Stock,3.7,Free shipping,No,3.4/5,India
Shop_89,Shop_89_P0091,Item_91,25517,620,5 days,30 days,Out of Stock,3.8,Free shipping,No,3.7/5,India
Shop_89,Shop_89_P0092,Item_92,10671,272,2 days,14 days,Out of Stock,3.1,10% off,Yes,3.9/5,India
Shop_89,Shop_89_P0093,Item_93,31423,121,4 days,30 days,In Stock,4.9,10% off,Yes,3.8/5,India
Shop_89,Shop_89_P0094,Item_94,29637,623,3 days,14 days,Out of Stock,3.9,None,No,3.8/5,India
Shop_89,Shop_89_P0095,Item_95,24598,143,5 days,7 days,In Stock,3.6,10% off,No,4.1/5,India
Shop_89,Shop_89_P0096,Item_96,18724,126,3 days,7 days,Out of Stock,4.0,Free shipping,No,4.3/5,India
Shop_89,Shop_89_P0097,Item_97,47760,89,2 days,7 days,Out of Stock,3.9,10% off,Yes,3.4/5,India
Shop_89,Shop_89_P0098,Item_98,36482,52,4 days,14 days,Out of Stock,4.4,10% off,Yes,3.2/5,India
Shop_89,Shop_89_P0099,Item_99,18662,30,3 days,7 days,Out of Stock,4.1,None,No,4.6/5,India
Shop_89,Shop_89_P0100,Item_100,37214,644,7 days,14 days,Out of Stock,4.9,Free shipping,No,4.9/5,India
Shop_90,Shop_90_P0001,Item_1,26954,220,1 days,14 days,Out of Stock,4.3,10% off,Yes,4.3/5,India
Shop_90,Shop_90_P0002,Item_2,42676,132,3 days,14 days,In Stock,4.3,Free shipping,No,4.2/5,India
Shop_90,Shop_90_P0003,Item_3,38304,282,5 days,30 days,In Stock,3.7,Free shipping,No,4.4/5,India
Shop_90,Shop_90_P0004,Item_4,49397,510,4 days,30 days,In Stock,4.1,None,Yes,3.4/5,India
Shop_90,Shop_90_P0005,Item_5,35427,387,7 days,7 days,In Stock,4.2,Free shipping,Yes,3.3/5,India
Shop_90,Shop_90_P0006,Item_6,1239,217,3 days,7 days,In Stock,4.0,Free shipping,No,4.3/5,India
Shop_90,Shop_90_P0007,Item_7,24313,489,1 days,7 days,Out of Stock,4.0,Free shipping,No,3.2/5,India
Shop_90,Shop_90_P0008,Item_8,42960,38,3 days,14 days,In Stock,3.6,Free shipping,No,4.3/5,India
Shop_90,Shop_90_P0009,Item_9,34802,31,1 days,14 days,In Stock,3.5,None,Yes,4.2/5,India
Shop_90,Shop_90_P0010,Item_10,13966,452,5 days,14 days,Out of Stock,3.0,None,No,4.6/5,India
Shop_90,Shop_90_P0011,Item_11,38670,496,4 days,14 days,In Stock,4.0,10% off,Yes,3.6/5,India
Shop_90,Shop_90_P0012,Item_12,33368,565,6 days,14 days,Out of Stock,4.7,Free shipping,No,4.7/5,India
Shop_90,Shop_90_P0013,Item_13,10226,40,7 days,30 days,In Stock,3.4,Free shipping,Yes,3.1/5,India
Shop_90,Shop_90_P0014,Item_14,15449,391,5 days,30 days,In Stock,4.9,None,Yes,3.8/5,India
Shop_90,Shop_90_P0015,Item_15,44618,266,6 days,14 days,Out of Stock,4.6,10% off,No,3.3/5,India
Shop_90,Shop_90_P0016,Item_16,4994,642,3 days,7 days,In Stock,3.1,Free shipping,No,4.4/5,India
Shop_90,Shop_90_P0017,Item_17,7210,325,2 days,7 days,In Stock,3.1,10% off,No,4.7/5,India
Shop_90,Shop_90_P0018,Item_18,33270,324,1 days,14 days,In Stock,3.6,10% off,No,3.2/5,India
Shop_90,Shop_90_P0019,Item_19,34679,588,2 days,30 days,In Stock,4.5,10% off,No,4.6/5,India
Shop_90,Shop_90_P0020,Item_20,16510,157,1 days,7 days,Out of Stock,3.4,10% off,No,3.4/5,India
Shop_90,Shop_90_P0021,Item_21,4757,82,4 days,30 days,Out of Stock,3.5,Free shipping,No,4.3/5,India
Shop_90,Shop_90_P0022,Item_22,24936,376,3 days,7 days,Out of Stock,4.2,None,No,3.5/5,India
Shop_90,Shop_90_P0023,Item_23,40833,287,3 days,14 days,In Stock,3.1,10% off,No,4.3/5,India
Shop_90,Shop_90_P0024,Item_24,20132,101,2 days,7 days,In Stock,4.7,None,Yes,3.9/5,India
Shop_90,Shop_90_P0025,Item_25,45953,153,2 days,30 days,Out of Stock,3.1,None,No,4.9/5,India
Shop_90,Shop_90_P0026,Item_26,37223,494,3 days,7 days,In Stock,4.3,None,Yes,4.2/5,India
Shop_90,Shop_90_P0027,Item_27,46202,341,5 days,14 days,Out of Stock,3.7,Free shipping,Yes,3.9/5,India
Shop_90,Shop_90_P0028,Item_28,19964,117,6 days,7 days,In Stock,4.0,None,Yes,4.7/5,India
Shop_90,Shop_90_P0029,Item_29,41612,227,5 days,14 days,In Stock,4.9,10% off,Yes,4.1/5,India
Shop_90,Shop_90_P0030,Item_30,49999,289,1 days,30 days,Out of Stock,3.2,Free shipping,Yes,4.5/5,India
Shop_90,Shop_90_P0031,Item_31,39731,595,4 days,14 days,In Stock,4.4,Free shipping,Yes,3.2/5,India
Shop_90,Shop_90_P0032,Item_32,37441,250,6 days,14 days,In Stock,4.1,None,No,3.8/5,India
Shop_90,Shop_90_P0033,Item_33,44387,647,1 days,7 days,In Stock,4.1,None,Yes,3.8/5,India
Shop_90,Shop_90_P0034,Item_34,17117,350,2 days,14 days,Out of Stock,4.3,None,Yes,3.3/5,India
Shop_90,Shop_90_P0035,Item_35,31734,343,2 days,7 days,In Stock,4.5,Free shipping,No,4.7/5,India
Shop_90,Shop_90_P0036,Item_36,12296,586,7 days,30 days,In Stock,3.9,Free shipping,Yes,4.0/5,India
Shop_90,Shop_90_P0037,Item_37,29938,576,7 days,14 days,In Stock,4.2,Free shipping,Yes,4.0/5,India
Shop_90,Shop_90_P0038,Item_38,42303,228,2 days,30 days,Out of Stock,3.7,10% off,Yes,3.7/5,India
Shop_90,Shop_90_P0039,Item_39,8182,136,4 days,30 days,In Stock,3.0,None,Yes,4.5/5,India
Shop_90,Shop_90_P0040,Item_40,43609,271,6 days,30 days,Out of Stock,4.1,Free shipping,Yes,4.1/5,India
Shop_90,Shop_90_P0041,Item_41,40942,546,6 days,7 days,In Stock,4.5,Free shipping,Yes,3.1/5,India
Shop_90,Shop_90_P0042,Item_42,9467,253,3 days,14 days,In Stock,4.6,None,No,4.4/5,India
Shop_90,Shop_90_P0043,Item_43,27076,565,5 days,14 days,Out of Stock,4.3,None,No,3.9/5,India
Shop_90,Shop_90_P0044,Item_44,1767,171,1 days,30 days,In Stock,4.1,10% off,No,3.9/5,India
Shop_90,Shop_90_P0045,Item_45,28653,592,6 days,7 days,In Stock,3.8,10% off,Yes,4.9/5,India
Shop_90,Shop_90_P0046,Item_46,6326,158,4 days,7 days,Out of Stock,4.9,None,No,3.0/5,India
Shop_90,Shop_90_P0047,Item_47,8302,182,2 days,30 days,In Stock,3.2,10% off,No,4.5/5,India
Shop_90,Shop_90_P0048,Item_48,10828,275,3 days,14 days,Out of Stock,4.9,10% off,Yes,4.3/5,India
Shop_90,Shop_90_P0049,Item_49,31840,481,5 days,30 days,Out of Stock,4.6,Free shipping,No,3.2/5,India
Shop_90,Shop_90_P0050,Item_50,49385,40,7 days,7 days,Out of Stock,3.5,None,Yes,4.6/5,India
Shop_90,Shop_90_P0051,Item_51,31072,544,4 days,14 days,Out of Stock,3.9,Free shipping,No,4.4/5,India
Shop_90,Shop_90_P0052,Item_52,32736,453,4 days,14 days,In Stock,3.6,10% off,Yes,4.1/5,India
Shop_90,Shop_90_P0053,Item_53,8806,372,1 days,14 days,In Stock,3.5,None,No,3.7/5,India
Shop_90,Shop_90_P0054,Item_54,43803,359,1 days,30 days,In Stock,4.7,None,Yes,4.8/5,India
Shop_90,Shop_90_P0055,Item_55,36826,465,6 days,14 days,Out of Stock,4.4,Free shipping,No,3.6/5,India
Shop_90,Shop_90_P0056,Item_56,20359,617,1 days,14 days,In Stock,4.3,Free shipping,Yes,4.4/5,India
Shop_90,Shop_90_P0057,Item_57,11093,287,2 days,7 days,Out of Stock,4.1,10% off,No,3.6/5,India
Shop_90,Shop_90_P0058,Item_58,32751,132,2 days,7 days,In Stock,3.7,None,No,3.5/5,India
Shop_90,Shop_90_P0059,Item_59,41772,697,6 days,30 days,Out of Stock,3.9,Free shipping,No,3.2/5,India
Shop_90,Shop_90_P0060,Item_60,44909,121,5 days,7 days,In Stock,4.6,Free shipping,No,3.3/5,India
Shop_90,Shop_90_P0061,Item_61,45550,146,1 days,30 days,In Stock,3.4,10% off,No,4.2/5,India
Shop_90,Shop_90_P0062,Item_62,2653,375,5 days,7 days,Out of Stock,3.7,None,No,4.3/5,India
Shop_90,Shop_90_P0063,Item_63,22730,652,3 days,30 days,In Stock,3.2,None,Yes,3.7/5,India
Shop_90,Shop_90_P0064,Item_64,39438,107,3 days,30 days,Out of Stock,3.1,10% off,No,3.6/5,India
Shop_90,Shop_90_P0065,Item_65,32318,139,7 days,30 days,Out of Stock,3.3,None,No,3.4/5,India
Shop_90,Shop_90_P0066,Item_66,22931,108,7 days,14 days,In Stock,4.0,None,Yes,4.5/5,India
Shop_90,Shop_90_P0067,Item_67,29053,494,5 days,14 days,Out of Stock,4.0,Free shipping,Yes,3.2/5,India
Shop_90,Shop_90_P0068,Item_68,22349,285,3 days,7 days,In Stock,4.2,10% off,No,4.3/5,India
Shop_90,Shop_90_P0069,Item_69,31785,308,1 days,14 days,In Stock,4.3,Free shipping,Yes,3.8/5,India
Shop_90,Shop_90_P0070,Item_70,4917,96,4 days,14 days,In Stock,3.8,None,No,3.9/5,India
Shop_90,Shop_90_P0071,Item_71,41244,627,4 days,7 days,Out of Stock,4.3,10% off,No,3.1/5,India
Shop_90,Shop_90_P0072,Item_72,743,297,7 days,14 days,Out of Stock,5.0,10% off,Yes,3.3/5,India
Shop_90,Shop_90_P0073,Item_73,46850,533,5 days,7 days,Out of Stock,4.0,10% off,No,4.0/5,India
Shop_90,Shop_90_P0074,Item_74,19922,89,3 days,30 days,Out of Stock,3.4,Free shipping,No,3.3/5,India
Shop_90,Shop_90_P0075,Item_75,10263,320,1 days,7 days,In Stock,3.8,None,No,4.6/5,India
Shop_90,Shop_90_P0076,Item_76,27037,74,7 days,30 days,In Stock,3.5,Free shipping,Yes,4.1/5,India
Shop_90,Shop_90_P0077,Item_77,38654,100,7 days,30 days,In Stock,4.9,Free shipping,No,3.0/5,India
Shop_90,Shop_90_P0078,Item_78,4139,210,3 days,7 days,In Stock,4.9,Free shipping,Yes,3.2/5,India
Shop_90,Shop_90_P0079,Item_79,6964,142,2 days,14 days,In Stock,4.6,Free shipping,No,4.5/5,India
Shop_90,Shop_90_P0080,Item_80,2645,29,2 days,30 days,In Stock,3.8,Free shipping,Yes,3.6/5,India
Shop_90,Shop_90_P0081,Item_81,20617,78,5 days,7 days,Out of Stock,4.6,Free shipping,Yes,3.6/5,India
Shop_90,Shop_90_P0082,Item_82,10370,28,2 days,30 days,Out of Stock,4.3,10% off,Yes,4.8/5,India
Shop_90,Shop_90_P0083,Item_83,39978,694,7 days,7 days,Out of Stock,4.0,10% off,Yes,4.1/5,India
Shop_90,Shop_90_P0084,Item_84,25490,616,4 days,7 days,Out of Stock,3.7,Free shipping,No,3.4/5,India
Shop_90,Shop_90_P0085,Item_85,7688,146,2 days,14 days,In Stock,4.5,None,Yes,3.3/5,India
Shop_90,Shop_90_P0086,Item_86,8578,605,6 days,7 days,In Stock,4.6,None,Yes,3.7/5,India
Shop_90,Shop_90_P0087,Item_87,46057,211,3 days,30 days,In Stock,4.6,None,No,4.1/5,India
Shop_90,Shop_90_P0088,Item_88,31681,696,5 days,14 days,In Stock,4.5,None,No,4.2/5,India
Shop_90,Shop_90_P0089,Item_89,16406,422,3 days,30 days,In Stock,4.4,Free shipping,Yes,4.9/5,India
Shop_90,Shop_90_P0090,Item_90,8513,235,2 days,7 days,Out of Stock,4.6,10% off,No,4.5/5,India
Shop_90,Shop_90_P0091,Item_91,22833,600,4 days,14 days,In Stock,3.9,None,Yes,3.0/5,India
Shop_90,Shop_90_P0092,Item_92,9091,145,4 days,14 days,Out of Stock,4.8,None,No,4.5/5,India
Shop_90,Shop_90_P0093,Item_93,18854,348,4 days,14 days,In Stock,4.8,Free shipping,No,3.7/5,India
Shop_90,Shop_90_P0094,Item_94,15027,426,7 days,7 days,In Stock,4.2,Free shipping,Yes,4.2/5,India
Shop_90,Shop_90_P0095,Item_95,40534,588,2 days,14 days,Out of Stock,3.6,Free shipping,No,4.5/5,India
Shop_90,Shop_90_P0096,Item_96,48913,200,4 days,14 days,Out of Stock,3.3,10% off,Yes,3.9/5,India
Shop_90,Shop_90_P0097,Item_97,25442,381,2 days,7 days,In Stock,4.6,None,Yes,4.3/5,India
Shop_90,Shop_90_P0098,Item_98,25318,206,6 days,30 days,Out of Stock,3.3,Free shipping,No,3.3/5,India
Shop_90,Shop_90_P0099,Item_99,42647,520,6 days,7 days,Out of Stock,4.6,10% off,No,3.2/5,India
Shop_90,Shop_90_P0100,Item_100,584,375,4 days,14 days,Out of Stock,4.6,10% off,Yes,3.8/5,India
Shop_91,Shop_91_P0001,Item_1,9483,260,4 days,30 days,In Stock,4.8,Free shipping,No,4.6/5,India
Shop_91,Shop_91_P0002,Item_2,29982,81,2 days,7 days,In Stock,3.7,10% off,No,3.3/5,India
Shop_91,Shop_91_P0003,Item_3,15125,658,6 days,7 days,In Stock,3.5,Free shipping,No,3.5/5,India
Shop_91,Shop_91_P0004,Item_4,30334,656,1 days,7 days,Out of Stock,4.0,10% off,Yes,3.5/5,India
Shop_91,Shop_91_P0005,Item_5,8471,352,7 days,7 days,In Stock,3.8,None,Yes,3.0/5,India
Shop_91,Shop_91_P0006,Item_6,27011,245,5 days,14 days,Out of Stock,3.3,None,No,3.5/5,India
Shop_91,Shop_91_P0007,Item_7,12359,331,1 days,14 days,In Stock,4.9,10% off,Yes,3.1/5,India
Shop_91,Shop_91_P0008,Item_8,16772,517,2 days,14 days,Out of Stock,3.7,Free shipping,No,3.4/5,India
Shop_91,Shop_91_P0009,Item_9,21421,548,7 days,14 days,Out of Stock,3.1,Free shipping,No,4.9/5,India
Shop_91,Shop_91_P0010,Item_10,46765,679,6 days,14 days,In Stock,4.2,10% off,No,3.6/5,India
Shop_91,Shop_91_P0011,Item_11,11861,649,1 days,14 days,In Stock,4.2,10% off,No,4.6/5,India
Shop_91,Shop_91_P0012,Item_12,12453,573,2 days,14 days,In Stock,3.4,10% off,No,3.1/5,India
Shop_91,Shop_91_P0013,Item_13,42138,224,5 days,7 days,In Stock,4.9,None,No,3.5/5,India
Shop_91,Shop_91_P0014,Item_14,7891,222,4 days,30 days,Out of Stock,3.8,10% off,Yes,4.8/5,India
Shop_91,Shop_91_P0015,Item_15,868,68,2 days,14 days,Out of Stock,4.9,10% off,Yes,4.6/5,India
Shop_91,Shop_91_P0016,Item_16,42152,539,6 days,30 days,Out of Stock,5.0,None,Yes,3.8/5,India
Shop_91,Shop_91_P0017,Item_17,8924,555,6 days,7 days,In Stock,3.9,None,No,3.1/5,India
Shop_91,Shop_91_P0018,Item_18,15177,190,1 days,14 days,Out of Stock,3.8,10% off,No,4.2/5,India
Shop_91,Shop_91_P0019,Item_19,37973,362,2 days,30 days,Out of Stock,4.9,10% off,No,4.0/5,India
Shop_91,Shop_91_P0020,Item_20,16829,110,3 days,30 days,In Stock,3.6,Free shipping,No,3.1/5,India
Shop_91,Shop_91_P0021,Item_21,23176,693,3 days,14 days,In Stock,4.6,None,Yes,4.5/5,India
Shop_91,Shop_91_P0022,Item_22,42321,72,3 days,30 days,Out of Stock,4.1,None,Yes,3.4/5,India
Shop_91,Shop_91_P0023,Item_23,29713,405,3 days,30 days,In Stock,3.2,None,Yes,3.3/5,India
Shop_91,Shop_91_P0024,Item_24,10010,437,6 days,7 days,Out of Stock,3.5,None,Yes,4.0/5,India
Shop_91,Shop_91_P0025,Item_25,8590,548,1 days,7 days,Out of Stock,4.7,10% off,Yes,3.8/5,India
Shop_91,Shop_91_P0026,Item_26,30875,257,2 days,7 days,Out of Stock,4.3,10% off,No,3.1/5,India
Shop_91,Shop_91_P0027,Item_27,19539,222,5 days,30 days,In Stock,4.4,None,Yes,4.4/5,India
Shop_91,Shop_91_P0028,Item_28,27238,368,5 days,14 days,In Stock,3.4,Free shipping,Yes,5.0/5,India
Shop_91,Shop_91_P0029,Item_29,43429,319,1 days,30 days,Out of Stock,3.4,None,No,3.7/5,India
Shop_91,Shop_91_P0030,Item_30,35480,287,6 days,7 days,In Stock,3.0,Free shipping,Yes,4.5/5,India
Shop_91,Shop_91_P0031,Item_31,32323,309,2 days,30 days,In Stock,3.2,10% off,No,4.8/5,India
Shop_91,Shop_91_P0032,Item_32,45769,322,5 days,30 days,Out of Stock,3.8,Free shipping,No,4.2/5,India
Shop_91,Shop_91_P0033,Item_33,32688,373,5 days,30 days,Out of Stock,3.6,10% off,Yes,4.4/5,India
Shop_91,Shop_91_P0034,Item_34,28482,604,2 days,14 days,Out of Stock,3.6,10% off,No,4.8/5,India
Shop_91,Shop_91_P0035,Item_35,44974,256,1 days,7 days,In Stock,4.4,Free shipping,No,4.5/5,India
Shop_91,Shop_91_P0036,Item_36,49895,299,4 days,30 days,Out of Stock,3.2,None,No,4.8/5,India
Shop_91,Shop_91_P0037,Item_37,25295,692,3 days,30 days,Out of Stock,3.0,Free shipping,No,4.1/5,India
Shop_91,Shop_91_P0038,Item_38,12738,381,6 days,14 days,In Stock,4.4,10% off,Yes,3.3/5,India
Shop_91,Shop_91_P0039,Item_39,33319,521,2 days,14 days,In Stock,3.6,Free shipping,Yes,4.5/5,India
Shop_91,Shop_91_P0040,Item_40,8124,465,7 days,14 days,In Stock,3.2,None,No,4.5/5,India
Shop_91,Shop_91_P0041,Item_41,47274,168,3 days,7 days,Out of Stock,4.0,10% off,Yes,4.3/5,India
Shop_91,Shop_91_P0042,Item_42,2375,91,3 days,14 days,In Stock,3.5,None,No,3.2/5,India
Shop_91,Shop_91_P0043,Item_43,29454,508,2 days,30 days,In Stock,4.2,None,No,3.2/5,India
Shop_91,Shop_91_P0044,Item_44,28308,419,7 days,30 days,Out of Stock,3.5,10% off,No,3.5/5,India
Shop_91,Shop_91_P0045,Item_45,31649,101,7 days,7 days,In Stock,4.8,None,Yes,4.4/5,India
Shop_91,Shop_91_P0046,Item_46,35410,442,5 days,14 days,Out of Stock,3.4,10% off,No,3.2/5,India
Shop_91,Shop_91_P0047,Item_47,22986,641,4 days,30 days,In Stock,4.6,Free shipping,No,3.1/5,India
Shop_91,Shop_91_P0048,Item_48,4344,614,7 days,7 days,Out of Stock,4.9,10% off,No,4.4/5,India
Shop_91,Shop_91_P0049,Item_49,24746,329,4 days,14 days,In Stock,3.8,Free shipping,No,4.2/5,India
Shop_91,Shop_91_P0050,Item_50,15900,693,4 days,14 days,In Stock,4.5,None,Yes,3.0/5,India
Shop_91,Shop_91_P0051,Item_51,30280,120,4 days,14 days,Out of Stock,3.2,10% off,No,4.8/5,India
Shop_91,Shop_91_P0052,Item_52,27669,173,3 days,14 days,In Stock,3.2,10% off,Yes,3.5/5,India
Shop_91,Shop_91_P0053,Item_53,13909,47,5 days,7 days,Out of Stock,4.1,None,No,3.2/5,India
Shop_91,Shop_91_P0054,Item_54,26741,470,5 days,30 days,Out of Stock,3.7,None,Yes,4.3/5,India
Shop_91,Shop_91_P0055,Item_55,39550,236,4 days,14 days,In Stock,3.9,Free shipping,No,4.4/5,India
Shop_91,Shop_91_P0056,Item_56,44219,491,6 days,14 days,In Stock,4.1,Free shipping,Yes,4.5/5,India
Shop_91,Shop_91_P0057,Item_57,20165,47,3 days,14 days,Out of Stock,3.3,Free shipping,No,3.2/5,India
Shop_91,Shop_91_P0058,Item_58,49894,236,2 days,14 days,Out of Stock,4.0,Free shipping,Yes,5.0/5,India
Shop_91,Shop_91_P0059,Item_59,39374,372,2 days,30 days,In Stock,5.0,10% off,Yes,4.7/5,India
Shop_91,Shop_91_P0060,Item_60,18568,525,4 days,30 days,In Stock,3.5,None,Yes,3.8/5,India
Shop_91,Shop_91_P0061,Item_61,1187,376,1 days,14 days,In Stock,3.8,None,Yes,3.5/5,India
Shop_91,Shop_91_P0062,Item_62,36354,498,2 days,30 days,Out of Stock,3.6,10% off,Yes,4.3/5,India
Shop_91,Shop_91_P0063,Item_63,46035,268,2 days,7 days,In Stock,4.7,Free shipping,Yes,4.7/5,India
Shop_91,Shop_91_P0064,Item_64,5660,411,2 days,14 days,Out of Stock,4.1,None,No,4.1/5,India
Shop_91,Shop_91_P0065,Item_65,8484,552,7 days,30 days,Out of Stock,4.4,10% off,Yes,4.2/5,India
Shop_91,Shop_91_P0066,Item_66,31184,349,4 days,30 days,Out of Stock,3.2,None,Yes,3.4/5,India
Shop_91,Shop_91_P0067,Item_67,41408,426,4 days,14 days,Out of Stock,3.5,Free shipping,Yes,4.0/5,India
Shop_91,Shop_91_P0068,Item_68,18010,274,1 days,7 days,Out of Stock,3.4,Free shipping,Yes,4.1/5,India
Shop_91,Shop_91_P0069,Item_69,39924,108,1 days,14 days,In Stock,4.0,Free shipping,No,4.4/5,India
Shop_91,Shop_91_P0070,Item_70,41343,467,7 days,30 days,In Stock,3.3,10% off,No,4.3/5,India
Shop_91,Shop_91_P0071,Item_71,43616,303,6 days,14 days,In Stock,3.8,10% off,Yes,4.2/5,India
Shop_91,Shop_91_P0072,Item_72,42618,639,7 days,30 days,In Stock,4.4,Free shipping,No,3.5/5,India
Shop_91,Shop_91_P0073,Item_73,40513,307,7 days,7 days,Out of Stock,5.0,10% off,No,3.8/5,India
Shop_91,Shop_91_P0074,Item_74,2128,645,5 days,30 days,In Stock,3.4,Free shipping,No,3.7/5,India
Shop_91,Shop_91_P0075,Item_75,36546,290,6 days,30 days,In Stock,3.6,10% off,Yes,4.8/5,India
Shop_91,Shop_91_P0076,Item_76,31640,387,3 days,30 days,Out of Stock,4.2,Free shipping,No,4.1/5,India
Shop_91,Shop_91_P0077,Item_77,35101,467,6 days,30 days,Out of Stock,3.2,Free shipping,Yes,4.6/5,India
Shop_91,Shop_91_P0078,Item_78,28283,120,2 days,14 days,In Stock,3.3,10% off,No,4.2/5,India
Shop_91,Shop_91_P0079,Item_79,4812,557,6 days,7 days,In Stock,5.0,Free shipping,No,3.7/5,India
Shop_91,Shop_91_P0080,Item_80,9856,474,1 days,14 days,Out of Stock,4.0,10% off,No,4.8/5,India
Shop_91,Shop_91_P0081,Item_81,2532,509,4 days,7 days,In Stock,4.8,Free shipping,Yes,4.5/5,India
Shop_91,Shop_91_P0082,Item_82,12055,230,3 days,7 days,In Stock,4.1,None,No,3.6/5,India
Shop_91,Shop_91_P0083,Item_83,34204,654,4 days,30 days,Out of Stock,4.6,10% off,No,3.7/5,India
Shop_91,Shop_91_P0084,Item_84,47188,629,2 days,14 days,Out of Stock,3.2,None,No,4.7/5,India
Shop_91,Shop_91_P0085,Item_85,22471,195,5 days,30 days,Out of Stock,4.2,None,Yes,4.2/5,India
Shop_91,Shop_91_P0086,Item_86,12459,301,1 days,14 days,In Stock,4.6,None,Yes,3.6/5,India
Shop_91,Shop_91_P0087,Item_87,28197,640,7 days,7 days,Out of Stock,4.2,10% off,Yes,4.1/5,India
Shop_91,Shop_91_P0088,Item_88,10594,262,4 days,30 days,In Stock,3.7,Free shipping,Yes,3.3/5,India
Shop_91,Shop_91_P0089,Item_89,9164,276,2 days,30 days,Out of Stock,3.6,Free shipping,Yes,4.2/5,India
Shop_91,Shop_91_P0090,Item_90,27143,301,2 days,14 days,In Stock,3.8,None,No,4.3/5,India
Shop_91,Shop_91_P0091,Item_91,10044,672,5 days,14 days,Out of Stock,4.3,Free shipping,Yes,4.2/5,India
Shop_91,Shop_91_P0092,Item_92,9210,337,7 days,14 days,In Stock,3.6,10% off,No,4.9/5,India
Shop_91,Shop_91_P0093,Item_93,21096,50,1 days,14 days,In Stock,3.5,Free shipping,No,3.6/5,India
Shop_91,Shop_91_P0094,Item_94,20383,217,5 days,7 days,Out of Stock,4.6,Free shipping,No,4.7/5,India
Shop_91,Shop_91_P0095,Item_95,32037,654,6 days,14 days,Out of Stock,3.9,Free shipping,Yes,3.1/5,India
Shop_91,Shop_91_P0096,Item_96,10135,143,3 days,14 days,Out of Stock,3.8,None,No,4.9/5,India
Shop_91,Shop_91_P0097,Item_97,661,397,3 days,14 days,In Stock,3.3,10% off,No,4.6/5,India
Shop_91,Shop_91_P0098,Item_98,26557,224,1 days,14 days,Out of Stock,3.1,10% off,No,4.8/5,India
Shop_91,Shop_91_P0099,Item_99,3609,455,1 days,7 days,Out of Stock,4.3,None,Yes,3.1/5,India
Shop_91,Shop_91_P0100,Item_100,44621,420,1 days,30 days,Out of Stock,3.7,None,No,3.4/5,India
Shop_92,Shop_92_P0001,Item_1,8720,553,5 days,30 days,In Stock,4.1,None,Yes,3.2/5,India
Shop_92,Shop_92_P0002,Item_2,4238,253,2 days,7 days,Out of Stock,4.1,None,No,5.0/5,India
Shop_92,Shop_92_P0003,Item_3,35037,310,1 days,7 days,Out of Stock,3.2,None,No,3.7/5,India
Shop_92,Shop_92_P0004,Item_4,16589,391,7 days,7 days,In Stock,3.3,None,No,4.0/5,India
Shop_92,Shop_92_P0005,Item_5,2925,188,1 days,30 days,Out of Stock,4.6,10% off,No,4.2/5,India
Shop_92,Shop_92_P0006,Item_6,42582,416,5 days,14 days,In Stock,4.0,Free shipping,Yes,4.1/5,India
Shop_92,Shop_92_P0007,Item_7,2509,121,1 days,30 days,In Stock,4.8,Free shipping,Yes,4.5/5,India
Shop_92,Shop_92_P0008,Item_8,25282,671,1 days,30 days,In Stock,3.1,Free shipping,Yes,3.4/5,India
Shop_92,Shop_92_P0009,Item_9,13045,538,2 days,30 days,Out of Stock,3.4,None,Yes,4.8/5,India
Shop_92,Shop_92_P0010,Item_10,2687,144,4 days,7 days,In Stock,3.9,None,No,4.0/5,India
Shop_92,Shop_92_P0011,Item_11,18638,570,7 days,7 days,In Stock,4.9,10% off,Yes,4.6/5,India
Shop_92,Shop_92_P0012,Item_12,22090,412,3 days,30 days,In Stock,4.5,Free shipping,No,4.8/5,India
Shop_92,Shop_92_P0013,Item_13,48624,543,1 days,7 days,Out of Stock,3.3,10% off,No,4.2/5,India
Shop_92,Shop_92_P0014,Item_14,23684,25,4 days,7 days,Out of Stock,4.2,Free shipping,No,4.9/5,India
Shop_92,Shop_92_P0015,Item_15,15675,551,1 days,30 days,Out of Stock,4.1,None,No,4.1/5,India
Shop_92,Shop_92_P0016,Item_16,43993,41,3 days,30 days,In Stock,4.5,10% off,No,3.6/5,India
Shop_92,Shop_92_P0017,Item_17,25238,121,7 days,14 days,Out of Stock,3.7,None,Yes,4.6/5,India
Shop_92,Shop_92_P0018,Item_18,556,499,4 days,30 days,Out of Stock,4.0,None,No,4.7/5,India
Shop_92,Shop_92_P0019,Item_19,40397,597,6 days,30 days,Out of Stock,3.4,10% off,Yes,3.9/5,India
Shop_92,Shop_92_P0020,Item_20,8504,389,4 days,7 days,In Stock,3.2,10% off,Yes,3.1/5,India
Shop_92,Shop_92_P0021,Item_21,12752,600,5 days,14 days,In Stock,5.0,10% off,No,4.8/5,India
Shop_92,Shop_92_P0022,Item_22,40093,562,2 days,7 days,Out of Stock,4.7,Free shipping,Yes,3.3/5,India
Shop_92,Shop_92_P0023,Item_23,37859,21,6 days,7 days,Out of Stock,3.6,Free shipping,No,3.9/5,India
Shop_92,Shop_92_P0024,Item_24,26878,589,5 days,14 days,In Stock,3.9,Free shipping,No,3.4/5,India
Shop_92,Shop_92_P0025,Item_25,9900,119,2 days,30 days,In Stock,4.1,None,Yes,3.7/5,India
Shop_92,Shop_92_P0026,Item_26,15230,123,6 days,14 days,In Stock,4.5,Free shipping,Yes,4.6/5,India
Shop_92,Shop_92_P0027,Item_27,45232,339,5 days,7 days,Out of Stock,3.3,None,No,3.4/5,India
Shop_92,Shop_92_P0028,Item_28,41626,101,2 days,14 days,In Stock,4.9,10% off,Yes,4.3/5,India
Shop_92,Shop_92_P0029,Item_29,33009,642,5 days,14 days,Out of Stock,4.2,None,No,3.7/5,India
Shop_92,Shop_92_P0030,Item_30,49476,573,5 days,7 days,In Stock,3.0,None,Yes,4.9/5,India
Shop_92,Shop_92_P0031,Item_31,19906,125,5 days,14 days,In Stock,4.1,Free shipping,Yes,4.9/5,India
Shop_92,Shop_92_P0032,Item_32,26279,657,7 days,7 days,Out of Stock,3.3,None,No,4.1/5,India
Shop_92,Shop_92_P0033,Item_33,28077,35,6 days,30 days,In Stock,4.9,10% off,Yes,3.4/5,India
Shop_92,Shop_92_P0034,Item_34,20055,367,4 days,14 days,In Stock,4.3,10% off,No,3.8/5,India
Shop_92,Shop_92_P0035,Item_35,1124,654,6 days,7 days,Out of Stock,4.0,10% off,No,4.5/5,India
Shop_92,Shop_92_P0036,Item_36,49240,539,6 days,30 days,In Stock,3.3,None,Yes,3.0/5,India
Shop_92,Shop_92_P0037,Item_37,30416,414,1 days,14 days,In Stock,4.2,None,No,4.4/5,India
Shop_92,Shop_92_P0038,Item_38,7540,155,5 days,14 days,Out of Stock,4.5,10% off,Yes,4.6/5,India
Shop_92,Shop_92_P0039,Item_39,16935,260,7 days,30 days,Out of Stock,3.2,None,No,3.3/5,India
Shop_92,Shop_92_P0040,Item_40,14024,291,3 days,14 days,Out of Stock,4.7,10% off,Yes,3.3/5,India
Shop_92,Shop_92_P0041,Item_41,23532,575,3 days,7 days,In Stock,4.1,None,No,4.9/5,India
Shop_92,Shop_92_P0042,Item_42,17490,37,1 days,30 days,In Stock,3.6,None,Yes,3.9/5,India
Shop_92,Shop_92_P0043,Item_43,27153,299,6 days,30 days,Out of Stock,4.4,None,No,3.4/5,India
Shop_92,Shop_92_P0044,Item_44,16561,107,3 days,30 days,In Stock,3.2,None,No,4.8/5,India
Shop_92,Shop_92_P0045,Item_45,17894,363,1 days,30 days,In Stock,3.4,None,Yes,3.7/5,India
Shop_92,Shop_92_P0046,Item_46,35961,349,2 days,7 days,In Stock,4.2,None,No,3.2/5,India
Shop_92,Shop_92_P0047,Item_47,8199,620,3 days,7 days,In Stock,3.5,Free shipping,No,4.7/5,India
Shop_92,Shop_92_P0048,Item_48,39070,265,5 days,7 days,In Stock,4.8,10% off,Yes,3.0/5,India
Shop_92,Shop_92_P0049,Item_49,27106,579,2 days,30 days,In Stock,4.7,Free shipping,No,4.0/5,India
Shop_92,Shop_92_P0050,Item_50,25932,558,7 days,7 days,Out of Stock,4.4,Free shipping,Yes,3.1/5,India
Shop_92,Shop_92_P0051,Item_51,34683,657,7 days,14 days,In Stock,4.8,10% off,Yes,4.3/5,India
Shop_92,Shop_92_P0052,Item_52,45383,380,4 days,30 days,In Stock,4.3,None,No,3.8/5,India
Shop_92,Shop_92_P0053,Item_53,24432,236,6 days,7 days,In Stock,3.4,10% off,No,4.8/5,India
Shop_92,Shop_92_P0054,Item_54,9386,502,1 days,7 days,In Stock,3.7,Free shipping,No,3.0/5,India
Shop_92,Shop_92_P0055,Item_55,40382,392,5 days,14 days,In Stock,3.7,10% off,Yes,4.7/5,India
Shop_92,Shop_92_P0056,Item_56,40779,44,7 days,30 days,Out of Stock,4.6,Free shipping,Yes,4.3/5,India
Shop_92,Shop_92_P0057,Item_57,44841,436,7 days,14 days,In Stock,3.2,10% off,No,3.4/5,India
Shop_92,Shop_92_P0058,Item_58,41871,27,2 days,30 days,In Stock,4.8,None,No,4.3/5,India
Shop_92,Shop_92_P0059,Item_59,33931,414,3 days,7 days,Out of Stock,4.3,None,No,3.4/5,India
Shop_92,Shop_92_P0060,Item_60,27257,231,6 days,7 days,In Stock,4.8,Free shipping,Yes,4.0/5,India
Shop_92,Shop_92_P0061,Item_61,11885,429,1 days,14 days,Out of Stock,3.8,None,Yes,3.9/5,India
Shop_92,Shop_92_P0062,Item_62,45883,334,1 days,7 days,In Stock,4.8,Free shipping,No,3.1/5,India
Shop_92,Shop_92_P0063,Item_63,10423,248,1 days,7 days,In Stock,4.2,None,No,4.7/5,India
Shop_92,Shop_92_P0064,Item_64,23519,149,5 days,30 days,Out of Stock,4.1,None,Yes,5.0/5,India
Shop_92,Shop_92_P0065,Item_65,38179,480,6 days,30 days,In Stock,4.1,Free shipping,No,4.5/5,India
Shop_92,Shop_92_P0066,Item_66,29382,232,2 days,14 days,Out of Stock,4.8,10% off,Yes,3.2/5,India
Shop_92,Shop_92_P0067,Item_67,9029,432,5 days,30 days,Out of Stock,4.7,Free shipping,Yes,3.2/5,India
Shop_92,Shop_92_P0068,Item_68,6008,605,3 days,14 days,Out of Stock,4.9,None,Yes,3.3/5,India
Shop_92,Shop_92_P0069,Item_69,18105,423,7 days,7 days,Out of Stock,3.2,None,Yes,5.0/5,India
Shop_92,Shop_92_P0070,Item_70,42792,114,3 days,30 days,Out of Stock,4.6,10% off,No,4.7/5,India
Shop_92,Shop_92_P0071,Item_71,18318,431,5 days,7 days,Out of Stock,4.5,None,No,3.8/5,India
Shop_92,Shop_92_P0072,Item_72,44888,629,2 days,7 days,In Stock,3.7,10% off,No,3.3/5,India
Shop_92,Shop_92_P0073,Item_73,9981,570,6 days,7 days,Out of Stock,3.8,None,No,4.4/5,India
Shop_92,Shop_92_P0074,Item_74,41388,31,3 days,14 days,In Stock,3.1,Free shipping,No,4.5/5,India
Shop_92,Shop_92_P0075,Item_75,10288,147,7 days,30 days,Out of Stock,3.8,10% off,No,4.4/5,India
Shop_92,Shop_92_P0076,Item_76,36240,478,5 days,7 days,Out of Stock,3.4,Free shipping,No,3.2/5,India
Shop_92,Shop_92_P0077,Item_77,29289,577,5 days,7 days,In Stock,4.0,None,No,4.9/5,India
Shop_92,Shop_92_P0078,Item_78,20541,538,4 days,7 days,In Stock,4.7,None,No,3.8/5,India
Shop_92,Shop_92_P0079,Item_79,7985,610,1 days,7 days,Out of Stock,4.7,None,No,4.2/5,India
Shop_92,Shop_92_P0080,Item_80,14757,148,2 days,7 days,In Stock,4.9,None,Yes,3.5/5,India
Shop_92,Shop_92_P0081,Item_81,49274,311,4 days,14 days,In Stock,3.7,10% off,Yes,3.0/5,India
Shop_92,Shop_92_P0082,Item_82,42605,292,2 days,14 days,Out of Stock,5.0,None,Yes,5.0/5,India
Shop_92,Shop_92_P0083,Item_83,32785,616,3 days,30 days,Out of Stock,3.5,10% off,No,3.0/5,India
Shop_92,Shop_92_P0084,Item_84,14159,382,6 days,14 days,Out of Stock,3.4,Free shipping,No,4.3/5,India
Shop_92,Shop_92_P0085,Item_85,43203,427,3 days,7 days,Out of Stock,4.8,Free shipping,No,4.3/5,India
Shop_92,Shop_92_P0086,Item_86,1592,178,7 days,14 days,Out of Stock,4.9,10% off,Yes,4.0/5,India
Shop_92,Shop_92_P0087,Item_87,18122,21,7 days,7 days,Out of Stock,4.0,10% off,Yes,4.4/5,India
Shop_92,Shop_92_P0088,Item_88,42998,130,7 days,14 days,In Stock,3.7,None,Yes,3.7/5,India
Shop_92,Shop_92_P0089,Item_89,9681,123,6 days,7 days,In Stock,3.9,Free shipping,No,3.0/5,India
Shop_92,Shop_92_P0090,Item_90,16529,498,4 days,7 days,In Stock,4.2,None,Yes,4.2/5,India
Shop_92,Shop_92_P0091,Item_91,33822,677,6 days,30 days,Out of Stock,4.2,Free shipping,Yes,4.0/5,India
Shop_92,Shop_92_P0092,Item_92,25726,288,4 days,7 days,In Stock,3.4,Free shipping,No,3.7/5,India
Shop_92,Shop_92_P0093,Item_93,1904,326,4 days,7 days,In Stock,4.3,None,No,3.4/5,India
Shop_92,Shop_92_P0094,Item_94,26489,118,5 days,7 days,Out of Stock,3.7,None,No,4.9/5,India
Shop_92,Shop_92_P0095,Item_95,2708,527,4 days,7 days,Out of Stock,5.0,Free shipping,Yes,4.9/5,India
Shop_92,Shop_92_P0096,Item_96,36385,207,6 days,30 days,Out of Stock,5.0,10% off,Yes,3.2/5,India
Shop_92,Shop_92_P0097,Item_97,15680,643,7 days,7 days,Out of Stock,4.1,10% off,Yes,3.9/5,India
Shop_92,Shop_92_P0098,Item_98,42784,360,6 days,14 days,Out of Stock,4.8,10% off,No,4.6/5,India
Shop_92,Shop_92_P0099,Item_99,42376,169,5 days,14 days,In Stock,4.3,10% off,No,4.8/5,India
Shop_92,Shop_92_P0100,Item_100,17019,403,6 days,30 days,In Stock,3.8,None,Yes,3.6/5,India
Shop_93,Shop_93_P0001,Item_1,19697,49,1 days,7 days,Out of Stock,3.6,10% off,Yes,3.8/5,India
Shop_93,Shop_93_P0002,Item_2,49693,644,7 days,30 days,Out of Stock,4.3,10% off,No,4.4/5,India
Shop_93,Shop_93_P0003,Item_3,40274,173,6 days,7 days,In Stock,4.0,Free shipping,Yes,4.4/5,India
Shop_93,Shop_93_P0004,Item_4,5626,667,3 days,14 days,Out of Stock,3.9,Free shipping,No,4.2/5,India
Shop_93,Shop_93_P0005,Item_5,7631,373,5 days,14 days,In Stock,3.4,10% off,No,5.0/5,India
Shop_93,Shop_93_P0006,Item_6,31417,647,5 days,7 days,Out of Stock,3.2,None,No,5.0/5,India
Shop_93,Shop_93_P0007,Item_7,36985,125,7 days,7 days,In Stock,4.3,Free shipping,No,4.2/5,India
Shop_93,Shop_93_P0008,Item_8,31052,396,5 days,7 days,Out of Stock,3.3,Free shipping,Yes,3.4/5,India
Shop_93,Shop_93_P0009,Item_9,36452,487,1 days,14 days,In Stock,3.8,Free shipping,Yes,3.1/5,India
Shop_93,Shop_93_P0010,Item_10,20514,71,7 days,14 days,Out of Stock,4.9,Free shipping,No,3.7/5,India
Shop_93,Shop_93_P0011,Item_11,30303,55,1 days,7 days,Out of Stock,4.4,10% off,No,4.1/5,India
Shop_93,Shop_93_P0012,Item_12,23102,594,5 days,30 days,Out of Stock,4.7,None,Yes,3.8/5,India
Shop_93,Shop_93_P0013,Item_13,37274,555,7 days,14 days,Out of Stock,4.4,None,No,3.4/5,India
Shop_93,Shop_93_P0014,Item_14,18304,392,4 days,30 days,In Stock,5.0,Free shipping,Yes,5.0/5,India
Shop_93,Shop_93_P0015,Item_15,12703,275,7 days,30 days,Out of Stock,3.5,Free shipping,No,4.4/5,India
Shop_93,Shop_93_P0016,Item_16,49007,193,2 days,14 days,In Stock,3.3,10% off,No,3.5/5,India
Shop_93,Shop_93_P0017,Item_17,31790,527,3 days,30 days,Out of Stock,5.0,Free shipping,Yes,4.7/5,India
Shop_93,Shop_93_P0018,Item_18,16857,573,7 days,14 days,Out of Stock,4.7,None,No,4.0/5,India
Shop_93,Shop_93_P0019,Item_19,43012,222,3 days,30 days,Out of Stock,4.5,Free shipping,Yes,3.8/5,India
Shop_93,Shop_93_P0020,Item_20,32499,160,3 days,30 days,In Stock,4.8,None,Yes,4.7/5,India
Shop_93,Shop_93_P0021,Item_21,31942,465,2 days,14 days,Out of Stock,3.3,None,Yes,3.9/5,India
Shop_93,Shop_93_P0022,Item_22,44035,160,6 days,14 days,Out of Stock,3.1,Free shipping,No,4.5/5,India
Shop_93,Shop_93_P0023,Item_23,24949,171,7 days,14 days,In Stock,3.3,None,Yes,3.7/5,India
Shop_93,Shop_93_P0024,Item_24,23601,253,1 days,7 days,In Stock,3.3,10% off,Yes,3.3/5,India
Shop_93,Shop_93_P0025,Item_25,1854,411,5 days,14 days,Out of Stock,3.4,10% off,Yes,4.5/5,India
Shop_93,Shop_93_P0026,Item_26,23861,534,3 days,7 days,Out of Stock,3.4,Free shipping,Yes,3.5/5,India
Shop_93,Shop_93_P0027,Item_27,32882,338,3 days,7 days,In Stock,3.6,None,Yes,4.3/5,India
Shop_93,Shop_93_P0028,Item_28,3766,328,7 days,14 days,Out of Stock,4.2,Free shipping,Yes,3.6/5,India
Shop_93,Shop_93_P0029,Item_29,35491,321,4 days,14 days,Out of Stock,3.8,Free shipping,Yes,3.0/5,India
Shop_93,Shop_93_P0030,Item_30,40339,639,1 days,7 days,Out of Stock,3.7,None,Yes,3.7/5,India
Shop_93,Shop_93_P0031,Item_31,34007,222,7 days,30 days,Out of Stock,4.8,Free shipping,Yes,3.5/5,India
Shop_93,Shop_93_P0032,Item_32,13155,30,7 days,14 days,Out of Stock,5.0,10% off,Yes,3.7/5,India
Shop_93,Shop_93_P0033,Item_33,12412,300,5 days,14 days,Out of Stock,3.5,10% off,No,3.5/5,India
Shop_93,Shop_93_P0034,Item_34,17112,615,4 days,30 days,In Stock,4.1,Free shipping,No,3.9/5,India
Shop_93,Shop_93_P0035,Item_35,15551,258,7 days,14 days,Out of Stock,3.2,10% off,No,4.4/5,India
Shop_93,Shop_93_P0036,Item_36,27728,636,6 days,30 days,In Stock,3.6,10% off,No,4.7/5,India
Shop_93,Shop_93_P0037,Item_37,42106,69,7 days,7 days,In Stock,4.3,Free shipping,No,3.7/5,India
Shop_93,Shop_93_P0038,Item_38,28083,81,7 days,7 days,In Stock,4.0,Free shipping,No,4.3/5,India
Shop_93,Shop_93_P0039,Item_39,36681,207,3 days,7 days,Out of Stock,4.1,Free shipping,No,4.6/5,India
Shop_93,Shop_93_P0040,Item_40,8182,392,4 days,7 days,Out of Stock,4.4,10% off,Yes,3.1/5,India
Shop_93,Shop_93_P0041,Item_41,45925,511,5 days,14 days,In Stock,3.7,Free shipping,No,4.8/5,India
Shop_93,Shop_93_P0042,Item_42,43782,316,3 days,30 days,In Stock,3.1,10% off,No,4.7/5,India
Shop_93,Shop_93_P0043,Item_43,5221,190,7 days,7 days,Out of Stock,4.6,10% off,Yes,4.8/5,India
Shop_93,Shop_93_P0044,Item_44,32092,456,1 days,14 days,In Stock,4.2,None,Yes,3.8/5,India
Shop_93,Shop_93_P0045,Item_45,29542,97,7 days,14 days,Out of Stock,4.9,Free shipping,No,4.5/5,India
Shop_93,Shop_93_P0046,Item_46,37852,234,3 days,30 days,Out of Stock,4.6,None,Yes,3.9/5,India
Shop_93,Shop_93_P0047,Item_47,17075,558,3 days,7 days,In Stock,3.3,None,Yes,4.1/5,India
Shop_93,Shop_93_P0048,Item_48,3091,56,1 days,7 days,In Stock,4.4,10% off,No,3.7/5,India
Shop_93,Shop_93_P0049,Item_49,41619,155,1 days,14 days,In Stock,4.3,Free shipping,No,4.0/5,India
Shop_93,Shop_93_P0050,Item_50,28423,350,2 days,14 days,In Stock,3.6,10% off,No,3.5/5,India
Shop_93,Shop_93_P0051,Item_51,15394,660,7 days,7 days,Out of Stock,4.6,10% off,No,4.7/5,India
Shop_93,Shop_93_P0052,Item_52,11818,135,3 days,14 days,Out of Stock,4.1,Free shipping,Yes,5.0/5,India
Shop_93,Shop_93_P0053,Item_53,30300,129,3 days,14 days,Out of Stock,3.4,Free shipping,No,4.6/5,India
Shop_93,Shop_93_P0054,Item_54,48331,237,2 days,30 days,Out of Stock,3.7,10% off,Yes,3.7/5,India
Shop_93,Shop_93_P0055,Item_55,7283,409,6 days,14 days,In Stock,4.5,None,Yes,3.4/5,India
Shop_93,Shop_93_P0056,Item_56,1734,687,2 days,7 days,Out of Stock,3.2,None,No,4.7/5,India
Shop_93,Shop_93_P0057,Item_57,9774,568,1 days,7 days,In Stock,4.1,10% off,Yes,4.9/5,India
Shop_93,Shop_93_P0058,Item_58,6836,363,2 days,7 days,Out of Stock,3.9,10% off,Yes,3.7/5,India
Shop_93,Shop_93_P0059,Item_59,27317,540,4 days,14 days,Out of Stock,3.4,Free shipping,Yes,4.6/5,India
Shop_93,Shop_93_P0060,Item_60,41811,38,3 days,7 days,In Stock,4.8,None,No,3.3/5,India
Shop_93,Shop_93_P0061,Item_61,26195,176,2 days,14 days,Out of Stock,3.6,Free shipping,No,3.4/5,India
Shop_93,Shop_93_P0062,Item_62,7924,334,2 days,7 days,In Stock,4.8,None,No,3.8/5,India
Shop_93,Shop_93_P0063,Item_63,17521,28,1 days,7 days,Out of Stock,4.6,10% off,No,4.1/5,India
Shop_93,Shop_93_P0064,Item_64,19101,295,3 days,30 days,Out of Stock,3.9,None,No,3.6/5,India
Shop_93,Shop_93_P0065,Item_65,8155,38,1 days,14 days,Out of Stock,3.4,None,No,3.2/5,India
Shop_93,Shop_93_P0066,Item_66,33824,143,2 days,30 days,In Stock,4.5,10% off,Yes,3.6/5,India
Shop_93,Shop_93_P0067,Item_67,41113,690,1 days,7 days,Out of Stock,3.7,10% off,Yes,3.4/5,India
Shop_93,Shop_93_P0068,Item_68,47977,550,7 days,7 days,Out of Stock,4.3,Free shipping,No,4.3/5,India
Shop_93,Shop_93_P0069,Item_69,25467,526,1 days,30 days,In Stock,4.8,Free shipping,Yes,3.4/5,India
Shop_93,Shop_93_P0070,Item_70,19195,681,4 days,14 days,In Stock,3.1,None,Yes,3.7/5,India
Shop_93,Shop_93_P0071,Item_71,38884,223,3 days,30 days,In Stock,4.4,Free shipping,Yes,4.4/5,India
Shop_93,Shop_93_P0072,Item_72,23118,680,6 days,14 days,Out of Stock,3.8,None,No,3.4/5,India
Shop_93,Shop_93_P0073,Item_73,46194,306,2 days,30 days,Out of Stock,3.1,Free shipping,Yes,3.8/5,India
Shop_93,Shop_93_P0074,Item_74,49489,665,4 days,7 days,In Stock,3.2,10% off,No,3.1/5,India
Shop_93,Shop_93_P0075,Item_75,26712,437,3 days,30 days,In Stock,4.6,Free shipping,Yes,3.6/5,India
Shop_93,Shop_93_P0076,Item_76,20022,578,7 days,7 days,In Stock,4.5,Free shipping,Yes,3.6/5,India
Shop_93,Shop_93_P0077,Item_77,34953,489,7 days,14 days,In Stock,4.5,10% off,No,3.5/5,India
Shop_93,Shop_93_P0078,Item_78,5539,281,2 days,7 days,In Stock,3.9,10% off,Yes,4.8/5,India
Shop_93,Shop_93_P0079,Item_79,20492,598,5 days,30 days,In Stock,3.2,None,Yes,4.9/5,India
Shop_93,Shop_93_P0080,Item_80,35254,205,3 days,14 days,Out of Stock,3.6,None,No,3.1/5,India
Shop_93,Shop_93_P0081,Item_81,19996,49,4 days,14 days,In Stock,3.7,None,Yes,3.7/5,India
Shop_93,Shop_93_P0082,Item_82,5607,21,2 days,7 days,In Stock,3.8,None,No,5.0/5,India
Shop_93,Shop_93_P0083,Item_83,37377,262,7 days,14 days,In Stock,3.6,Free shipping,Yes,4.4/5,India
Shop_93,Shop_93_P0084,Item_84,13350,589,5 days,14 days,Out of Stock,3.4,None,No,3.1/5,India
Shop_93,Shop_93_P0085,Item_85,14118,606,1 days,30 days,Out of Stock,4.1,None,Yes,3.2/5,India
Shop_93,Shop_93_P0086,Item_86,25955,132,7 days,7 days,Out of Stock,3.2,Free shipping,No,4.8/5,India
Shop_93,Shop_93_P0087,Item_87,47693,488,4 days,7 days,In Stock,4.9,10% off,Yes,4.6/5,India
Shop_93,Shop_93_P0088,Item_88,39045,108,7 days,14 days,Out of Stock,3.7,10% off,Yes,3.5/5,India
Shop_93,Shop_93_P0089,Item_89,32069,555,7 days,14 days,Out of Stock,5.0,None,No,4.0/5,India
Shop_93,Shop_93_P0090,Item_90,44136,319,2 days,14 days,In Stock,3.4,None,No,4.6/5,India
Shop_93,Shop_93_P0091,Item_91,42018,441,4 days,7 days,Out of Stock,5.0,None,Yes,4.8/5,India
Shop_93,Shop_93_P0092,Item_92,29397,326,3 days,30 days,In Stock,4.1,Free shipping,No,3.6/5,India
Shop_93,Shop_93_P0093,Item_93,30773,208,7 days,7 days,Out of Stock,4.5,10% off,Yes,4.3/5,India
Shop_93,Shop_93_P0094,Item_94,12579,688,5 days,7 days,In Stock,3.1,10% off,No,3.1/5,India
Shop_93,Shop_93_P0095,Item_95,39928,535,4 days,30 days,In Stock,3.6,Free shipping,No,4.0/5,India
Shop_93,Shop_93_P0096,Item_96,20791,484,1 days,7 days,In Stock,4.4,Free shipping,Yes,4.0/5,India
Shop_93,Shop_93_P0097,Item_97,38089,562,2 days,14 days,In Stock,4.8,None,Yes,3.7/5,India
Shop_93,Shop_93_P0098,Item_98,36838,643,5 days,7 days,Out of Stock,4.1,None,No,4.2/5,India
Shop_93,Shop_93_P0099,Item_99,49423,281,4 days,7 days,In Stock,3.2,None,No,4.9/5,India
Shop_93,Shop_93_P0100,Item_100,37323,445,1 days,30 days,Out of Stock,3.7,Free shipping,Yes,3.8/5,India
Shop_94,Shop_94_P0001,Item_1,35916,680,7 days,7 days,Out of Stock,3.1,None,Yes,3.4/5,India
Shop_94,Shop_94_P0002,Item_2,46339,387,1 days,14 days,Out of Stock,3.8,10% off,No,3.1/5,India
Shop_94,Shop_94_P0003,Item_3,35421,262,1 days,7 days,In Stock,3.3,10% off,Yes,4.1/5,India
Shop_94,Shop_94_P0004,Item_4,43602,255,5 days,30 days,In Stock,4.2,10% off,No,5.0/5,India
Shop_94,Shop_94_P0005,Item_5,37156,57,4 days,7 days,In Stock,4.8,None,No,4.2/5,India
Shop_94,Shop_94_P0006,Item_6,13664,449,4 days,7 days,Out of Stock,4.9,None,No,4.5/5,India
Shop_94,Shop_94_P0007,Item_7,17945,661,1 days,30 days,Out of Stock,3.7,Free shipping,Yes,4.8/5,India
Shop_94,Shop_94_P0008,Item_8,3997,321,7 days,7 days,In Stock,3.2,None,No,4.7/5,India
Shop_94,Shop_94_P0009,Item_9,38773,233,1 days,30 days,In Stock,4.4,10% off,Yes,3.1/5,India
Shop_94,Shop_94_P0010,Item_10,8363,249,4 days,7 days,Out of Stock,3.9,Free shipping,Yes,3.9/5,India
Shop_94,Shop_94_P0011,Item_11,2998,683,1 days,14 days,In Stock,3.3,Free shipping,Yes,4.0/5,India
Shop_94,Shop_94_P0012,Item_12,13135,230,6 days,14 days,In Stock,5.0,None,No,3.4/5,India
Shop_94,Shop_94_P0013,Item_13,37704,155,1 days,14 days,In Stock,4.7,Free shipping,No,4.7/5,India
Shop_94,Shop_94_P0014,Item_14,17039,613,3 days,14 days,Out of Stock,3.0,Free shipping,No,3.3/5,India
Shop_94,Shop_94_P0015,Item_15,35845,230,2 days,30 days,Out of Stock,4.4,10% off,No,3.9/5,India
Shop_94,Shop_94_P0016,Item_16,2558,569,1 days,14 days,Out of Stock,4.1,10% off,Yes,4.5/5,India
Shop_94,Shop_94_P0017,Item_17,15637,167,6 days,30 days,Out of Stock,4.1,10% off,No,3.3/5,India
Shop_94,Shop_94_P0018,Item_18,37277,210,3 days,14 days,Out of Stock,4.6,10% off,Yes,3.7/5,India
Shop_94,Shop_94_P0019,Item_19,12111,275,7 days,14 days,In Stock,4.2,None,Yes,5.0/5,India
Shop_94,Shop_94_P0020,Item_20,45427,85,1 days,30 days,In Stock,4.0,10% off,No,4.2/5,India
Shop_94,Shop_94_P0021,Item_21,46690,615,2 days,7 days,Out of Stock,4.4,None,No,3.6/5,India
Shop_94,Shop_94_P0022,Item_22,8062,533,3 days,7 days,In Stock,4.8,None,No,5.0/5,India
Shop_94,Shop_94_P0023,Item_23,46844,407,4 days,30 days,Out of Stock,3.5,None,Yes,3.4/5,India
Shop_94,Shop_94_P0024,Item_24,7682,640,7 days,30 days,Out of Stock,4.0,10% off,Yes,3.7/5,India
Shop_94,Shop_94_P0025,Item_25,6126,268,6 days,30 days,Out of Stock,4.9,None,Yes,3.7/5,India
Shop_94,Shop_94_P0026,Item_26,21986,457,6 days,14 days,In Stock,3.3,None,No,3.7/5,India
Shop_94,Shop_94_P0027,Item_27,42592,395,2 days,7 days,Out of Stock,4.9,None,No,5.0/5,India
Shop_94,Shop_94_P0028,Item_28,38734,261,3 days,7 days,In Stock,3.8,10% off,Yes,3.7/5,India
Shop_94,Shop_94_P0029,Item_29,26405,334,5 days,7 days,Out of Stock,4.5,None,No,4.3/5,India
Shop_94,Shop_94_P0030,Item_30,45707,543,2 days,7 days,In Stock,3.2,10% off,Yes,4.3/5,India
Shop_94,Shop_94_P0031,Item_31,19064,361,3 days,30 days,Out of Stock,4.9,None,Yes,4.3/5,India
Shop_94,Shop_94_P0032,Item_32,9568,461,6 days,7 days,In Stock,4.8,None,Yes,3.7/5,India
Shop_94,Shop_94_P0033,Item_33,4955,438,6 days,30 days,Out of Stock,4.4,10% off,No,4.5/5,India
Shop_94,Shop_94_P0034,Item_34,15143,417,4 days,30 days,Out of Stock,4.1,10% off,Yes,4.0/5,India
Shop_94,Shop_94_P0035,Item_35,21172,73,7 days,14 days,In Stock,4.7,Free shipping,No,4.8/5,India
Shop_94,Shop_94_P0036,Item_36,10797,560,6 days,30 days,In Stock,3.5,Free shipping,Yes,3.8/5,India
Shop_94,Shop_94_P0037,Item_37,26779,167,4 days,30 days,In Stock,3.1,Free shipping,No,3.5/5,India
Shop_94,Shop_94_P0038,Item_38,8203,221,3 days,30 days,Out of Stock,4.0,None,Yes,3.2/5,India
Shop_94,Shop_94_P0039,Item_39,2914,647,2 days,14 days,Out of Stock,4.5,None,Yes,4.1/5,India
Shop_94,Shop_94_P0040,Item_40,37176,35,5 days,30 days,Out of Stock,4.5,None,No,4.4/5,India
Shop_94,Shop_94_P0041,Item_41,4329,64,7 days,7 days,Out of Stock,4.7,10% off,No,3.8/5,India
Shop_94,Shop_94_P0042,Item_42,32867,180,5 days,30 days,In Stock,3.2,10% off,No,4.1/5,India
Shop_94,Shop_94_P0043,Item_43,27297,362,4 days,30 days,Out of Stock,3.0,None,Yes,3.2/5,India
Shop_94,Shop_94_P0044,Item_44,24783,292,4 days,14 days,In Stock,3.9,10% off,Yes,4.0/5,India
Shop_94,Shop_94_P0045,Item_45,25707,394,1 days,7 days,Out of Stock,3.4,None,No,4.7/5,India
Shop_94,Shop_94_P0046,Item_46,9571,347,1 days,30 days,In Stock,4.0,10% off,No,3.4/5,India
Shop_94,Shop_94_P0047,Item_47,27459,592,2 days,14 days,Out of Stock,3.6,10% off,Yes,4.3/5,India
Shop_94,Shop_94_P0048,Item_48,44491,474,6 days,7 days,In Stock,3.7,Free shipping,No,3.0/5,India
Shop_94,Shop_94_P0049,Item_49,18136,138,7 days,7 days,Out of Stock,3.0,Free shipping,Yes,4.8/5,India
Shop_94,Shop_94_P0050,Item_50,18678,470,3 days,14 days,Out of Stock,4.2,10% off,No,4.0/5,India
Shop_94,Shop_94_P0051,Item_51,29593,465,2 days,30 days,In Stock,4.5,Free shipping,No,3.6/5,India
Shop_94,Shop_94_P0052,Item_52,31953,87,1 days,30 days,Out of Stock,4.7,None,Yes,3.4/5,India
Shop_94,Shop_94_P0053,Item_53,27748,306,7 days,14 days,In Stock,3.2,10% off,No,3.3/5,India
Shop_94,Shop_94_P0054,Item_54,19562,175,3 days,30 days,Out of Stock,3.3,10% off,No,3.5/5,India
Shop_94,Shop_94_P0055,Item_55,18704,279,7 days,30 days,Out of Stock,3.4,None,No,4.6/5,India
Shop_94,Shop_94_P0056,Item_56,17681,255,3 days,14 days,Out of Stock,3.3,Free shipping,Yes,4.1/5,India
Shop_94,Shop_94_P0057,Item_57,24398,502,1 days,30 days,In Stock,4.5,10% off,Yes,4.8/5,India
Shop_94,Shop_94_P0058,Item_58,12055,186,5 days,7 days,In Stock,4.1,10% off,Yes,4.3/5,India
Shop_94,Shop_94_P0059,Item_59,18129,276,6 days,7 days,Out of Stock,3.1,10% off,Yes,4.9/5,India
Shop_94,Shop_94_P0060,Item_60,47882,415,7 days,7 days,In Stock,3.6,None,No,4.9/5,India
Shop_94,Shop_94_P0061,Item_61,26577,396,3 days,30 days,In Stock,3.0,Free shipping,No,3.4/5,India
Shop_94,Shop_94_P0062,Item_62,10571,241,7 days,14 days,In Stock,4.4,Free shipping,No,3.7/5,India
Shop_94,Shop_94_P0063,Item_63,30525,397,4 days,14 days,In Stock,4.7,Free shipping,Yes,3.5/5,India
Shop_94,Shop_94_P0064,Item_64,46034,118,2 days,30 days,Out of Stock,3.5,Free shipping,No,3.6/5,India
Shop_94,Shop_94_P0065,Item_65,26699,630,7 days,14 days,In Stock,3.6,None,Yes,4.6/5,India
Shop_94,Shop_94_P0066,Item_66,13253,355,2 days,30 days,Out of Stock,4.1,10% off,Yes,3.7/5,India
Shop_94,Shop_94_P0067,Item_67,43848,161,7 days,14 days,Out of Stock,4.8,10% off,Yes,4.7/5,India
Shop_94,Shop_94_P0068,Item_68,8155,305,6 days,7 days,In Stock,3.5,None,No,4.2/5,India
Shop_94,Shop_94_P0069,Item_69,44614,278,6 days,14 days,In Stock,4.7,None,No,4.2/5,India
Shop_94,Shop_94_P0070,Item_70,28851,371,7 days,14 days,In Stock,3.9,None,Yes,4.7/5,India
Shop_94,Shop_94_P0071,Item_71,16853,484,5 days,7 days,Out of Stock,4.1,None,Yes,4.0/5,India
Shop_94,Shop_94_P0072,Item_72,17856,466,6 days,30 days,Out of Stock,3.8,None,Yes,4.6/5,India
Shop_94,Shop_94_P0073,Item_73,29828,695,7 days,7 days,Out of Stock,3.6,Free shipping,No,4.8/5,India
Shop_94,Shop_94_P0074,Item_74,11777,127,3 days,7 days,Out of Stock,4.2,None,Yes,4.2/5,India
Shop_94,Shop_94_P0075,Item_75,37820,46,6 days,7 days,In Stock,3.8,10% off,No,4.6/5,India
Shop_94,Shop_94_P0076,Item_76,12686,288,7 days,30 days,Out of Stock,3.8,10% off,Yes,3.2/5,India
Shop_94,Shop_94_P0077,Item_77,29569,40,3 days,30 days,In Stock,4.5,10% off,No,3.6/5,India
Shop_94,Shop_94_P0078,Item_78,46753,217,1 days,30 days,Out of Stock,3.8,Free shipping,No,3.5/5,India
Shop_94,Shop_94_P0079,Item_79,26407,266,2 days,14 days,Out of Stock,4.8,10% off,No,3.8/5,India
Shop_94,Shop_94_P0080,Item_80,41358,616,5 days,7 days,In Stock,4.8,10% off,Yes,3.0/5,India
Shop_94,Shop_94_P0081,Item_81,48307,149,6 days,30 days,In Stock,3.4,Free shipping,No,4.5/5,India
Shop_94,Shop_94_P0082,Item_82,47851,38,2 days,30 days,In Stock,4.4,10% off,Yes,4.9/5,India
Shop_94,Shop_94_P0083,Item_83,17003,145,2 days,30 days,Out of Stock,3.3,None,Yes,4.4/5,India
Shop_94,Shop_94_P0084,Item_84,12718,339,7 days,30 days,Out of Stock,4.5,10% off,Yes,4.1/5,India
Shop_94,Shop_94_P0085,Item_85,15487,572,1 days,14 days,In Stock,4.8,Free shipping,No,3.5/5,India
Shop_94,Shop_94_P0086,Item_86,4958,530,6 days,7 days,In Stock,3.0,Free shipping,Yes,4.7/5,India
Shop_94,Shop_94_P0087,Item_87,3207,404,2 days,7 days,In Stock,4.1,None,No,4.8/5,India
Shop_94,Shop_94_P0088,Item_88,4783,359,2 days,7 days,In Stock,4.0,None,Yes,3.3/5,India
Shop_94,Shop_94_P0089,Item_89,39269,196,4 days,7 days,In Stock,3.3,Free shipping,No,4.3/5,India
Shop_94,Shop_94_P0090,Item_90,8276,267,3 days,14 days,Out of Stock,3.1,Free shipping,No,4.4/5,India
Shop_94,Shop_94_P0091,Item_91,30576,486,2 days,30 days,Out of Stock,4.5,Free shipping,Yes,3.2/5,India
Shop_94,Shop_94_P0092,Item_92,35353,137,7 days,30 days,Out of Stock,4.9,10% off,Yes,4.5/5,India
Shop_94,Shop_94_P0093,Item_93,48613,542,5 days,7 days,Out of Stock,3.5,None,Yes,3.0/5,India
Shop_94,Shop_94_P0094,Item_94,17504,113,7 days,14 days,Out of Stock,4.1,None,Yes,3.8/5,India
Shop_94,Shop_94_P0095,Item_95,40351,350,1 days,14 days,Out of Stock,3.4,Free shipping,Yes,3.4/5,India
Shop_94,Shop_94_P0096,Item_96,38383,624,7 days,14 days,Out of Stock,5.0,None,Yes,4.3/5,India
Shop_94,Shop_94_P0097,Item_97,11316,47,4 days,30 days,In Stock,5.0,Free shipping,No,4.8/5,India
Shop_94,Shop_94_P0098,Item_98,36810,168,5 days,14 days,Out of Stock,4.2,Free shipping,No,4.1/5,India
Shop_94,Shop_94_P0099,Item_99,34230,405,1 days,14 days,Out of Stock,5.0,10% off,Yes,4.5/5,India
Shop_94,Shop_94_P0100,Item_100,28787,121,6 days,14 days,In Stock,4.4,Free shipping,No,4.6/5,India
Shop_95,Shop_95_P0001,Item_1,23263,601,2 days,14 days,In Stock,3.7,None,Yes,3.3/5,India
Shop_95,Shop_95_P0002,Item_2,45402,185,4 days,7 days,In Stock,4.1,None,Yes,4.8/5,India
Shop_95,Shop_95_P0003,Item_3,4322,102,5 days,14 days,In Stock,5.0,None,Yes,3.8/5,India
Shop_95,Shop_95_P0004,Item_4,37123,109,7 days,7 days,Out of Stock,3.5,None,No,4.9/5,India
Shop_95,Shop_95_P0005,Item_5,40128,404,3 days,14 days,Out of Stock,4.4,Free shipping,No,3.7/5,India
Shop_95,Shop_95_P0006,Item_6,26712,81,1 days,14 days,Out of Stock,3.9,10% off,Yes,4.5/5,India
Shop_95,Shop_95_P0007,Item_7,31091,139,7 days,7 days,Out of Stock,4.8,None,Yes,3.1/5,India
Shop_95,Shop_95_P0008,Item_8,39583,494,6 days,30 days,Out of Stock,4.7,Free shipping,Yes,3.0/5,India
Shop_95,Shop_95_P0009,Item_9,12685,331,6 days,30 days,Out of Stock,4.0,Free shipping,No,4.2/5,India
Shop_95,Shop_95_P0010,Item_10,19686,679,4 days,7 days,In Stock,3.4,Free shipping,Yes,3.2/5,India
Shop_95,Shop_95_P0011,Item_11,45384,500,7 days,7 days,In Stock,4.4,Free shipping,Yes,3.1/5,India
Shop_95,Shop_95_P0012,Item_12,43619,264,3 days,14 days,In Stock,4.5,None,No,3.1/5,India
Shop_95,Shop_95_P0013,Item_13,9545,34,4 days,14 days,In Stock,3.1,10% off,Yes,4.4/5,India
Shop_95,Shop_95_P0014,Item_14,42852,263,6 days,14 days,Out of Stock,3.0,None,No,3.1/5,India
Shop_95,Shop_95_P0015,Item_15,16101,345,1 days,7 days,In Stock,4.3,Free shipping,Yes,3.4/5,India
Shop_95,Shop_95_P0016,Item_16,29678,151,6 days,14 days,In Stock,3.2,Free shipping,Yes,4.4/5,India
Shop_95,Shop_95_P0017,Item_17,47338,286,4 days,14 days,In Stock,3.8,Free shipping,Yes,3.1/5,India
Shop_95,Shop_95_P0018,Item_18,6913,529,4 days,7 days,Out of Stock,4.4,None,Yes,3.9/5,India
Shop_95,Shop_95_P0019,Item_19,4353,111,5 days,30 days,In Stock,3.1,10% off,Yes,3.9/5,India
Shop_95,Shop_95_P0020,Item_20,24122,518,3 days,7 days,In Stock,3.8,10% off,No,4.4/5,India
Shop_95,Shop_95_P0021,Item_21,39034,683,1 days,30 days,Out of Stock,4.4,10% off,Yes,3.0/5,India
Shop_95,Shop_95_P0022,Item_22,15382,135,4 days,14 days,In Stock,4.6,None,Yes,3.8/5,India
Shop_95,Shop_95_P0023,Item_23,3195,420,3 days,30 days,In Stock,3.4,Free shipping,No,4.5/5,India
Shop_95,Shop_95_P0024,Item_24,7918,39,5 days,14 days,Out of Stock,3.6,Free shipping,No,4.5/5,India
Shop_95,Shop_95_P0025,Item_25,37333,43,5 days,30 days,Out of Stock,4.3,None,Yes,3.5/5,India
Shop_95,Shop_95_P0026,Item_26,21270,283,6 days,7 days,In Stock,3.2,None,No,3.2/5,India
Shop_95,Shop_95_P0027,Item_27,38331,589,5 days,30 days,Out of Stock,3.6,None,No,4.3/5,India
Shop_95,Shop_95_P0028,Item_28,4343,298,3 days,14 days,In Stock,3.2,Free shipping,No,3.2/5,India
Shop_95,Shop_95_P0029,Item_29,39470,655,3 days,30 days,In Stock,3.9,10% off,Yes,4.1/5,India
Shop_95,Shop_95_P0030,Item_30,2054,224,2 days,7 days,In Stock,4.7,Free shipping,No,4.6/5,India
Shop_95,Shop_95_P0031,Item_31,25580,481,3 days,14 days,In Stock,4.8,None,Yes,3.7/5,India
Shop_95,Shop_95_P0032,Item_32,15053,210,1 days,30 days,In Stock,4.5,None,No,3.1/5,India
Shop_95,Shop_95_P0033,Item_33,18154,428,4 days,30 days,In Stock,4.2,None,Yes,4.2/5,India
Shop_95,Shop_95_P0034,Item_34,44454,481,4 days,14 days,In Stock,4.3,10% off,Yes,3.4/5,India
Shop_95,Shop_95_P0035,Item_35,38644,694,5 days,14 days,Out of Stock,3.8,None,No,3.7/5,India
Shop_95,Shop_95_P0036,Item_36,5123,407,5 days,30 days,Out of Stock,5.0,Free shipping,No,3.6/5,India
Shop_95,Shop_95_P0037,Item_37,25981,307,6 days,30 days,In Stock,4.1,Free shipping,Yes,3.1/5,India
Shop_95,Shop_95_P0038,Item_38,25174,232,4 days,14 days,In Stock,3.3,None,Yes,4.4/5,India
Shop_95,Shop_95_P0039,Item_39,10474,666,2 days,30 days,In Stock,3.3,Free shipping,No,4.9/5,India
Shop_95,Shop_95_P0040,Item_40,3984,159,7 days,14 days,Out of Stock,3.7,Free shipping,No,3.7/5,India
Shop_95,Shop_95_P0041,Item_41,7395,157,4 days,14 days,In Stock,4.8,Free shipping,Yes,4.3/5,India
Shop_95,Shop_95_P0042,Item_42,23702,87,3 days,7 days,In Stock,3.7,10% off,No,3.7/5,India
Shop_95,Shop_95_P0043,Item_43,26960,320,6 days,30 days,In Stock,4.1,10% off,Yes,3.1/5,India
Shop_95,Shop_95_P0044,Item_44,16565,362,5 days,30 days,In Stock,4.8,10% off,Yes,5.0/5,India
Shop_95,Shop_95_P0045,Item_45,42501,643,7 days,14 days,In Stock,3.9,10% off,Yes,4.9/5,India
Shop_95,Shop_95_P0046,Item_46,34991,555,1 days,7 days,In Stock,4.5,None,No,3.6/5,India
Shop_95,Shop_95_P0047,Item_47,31112,480,1 days,14 days,In Stock,3.4,None,No,4.2/5,India
Shop_95,Shop_95_P0048,Item_48,41402,507,7 days,30 days,Out of Stock,4.0,None,Yes,3.9/5,India
Shop_95,Shop_95_P0049,Item_49,30147,341,2 days,30 days,In Stock,3.8,None,No,4.6/5,India
Shop_95,Shop_95_P0050,Item_50,25055,642,5 days,7 days,Out of Stock,4.0,Free shipping,No,4.7/5,India
Shop_95,Shop_95_P0051,Item_51,34522,627,6 days,30 days,Out of Stock,3.9,Free shipping,Yes,3.5/5,India
Shop_95,Shop_95_P0052,Item_52,34054,338,2 days,30 days,Out of Stock,4.8,10% off,Yes,3.1/5,India
Shop_95,Shop_95_P0053,Item_53,18972,647,4 days,14 days,Out of Stock,4.7,10% off,Yes,3.9/5,India
Shop_95,Shop_95_P0054,Item_54,31211,601,1 days,30 days,Out of Stock,4.2,Free shipping,No,3.7/5,India
Shop_95,Shop_95_P0055,Item_55,25885,91,7 days,14 days,In Stock,3.9,None,Yes,3.1/5,India
Shop_95,Shop_95_P0056,Item_56,18104,341,6 days,14 days,Out of Stock,4.5,Free shipping,No,5.0/5,India
Shop_95,Shop_95_P0057,Item_57,6512,153,3 days,14 days,Out of Stock,3.4,Free shipping,Yes,4.3/5,India
Shop_95,Shop_95_P0058,Item_58,38676,652,4 days,7 days,Out of Stock,3.7,Free shipping,Yes,3.5/5,India
Shop_95,Shop_95_P0059,Item_59,39611,254,7 days,30 days,In Stock,3.6,Free shipping,Yes,3.5/5,India
Shop_95,Shop_95_P0060,Item_60,36398,639,5 days,30 days,Out of Stock,3.4,None,Yes,3.4/5,India
Shop_95,Shop_95_P0061,Item_61,48249,597,7 days,14 days,Out of Stock,4.1,10% off,No,4.9/5,India
Shop_95,Shop_95_P0062,Item_62,21291,492,2 days,14 days,Out of Stock,3.5,Free shipping,Yes,3.7/5,India
Shop_95,Shop_95_P0063,Item_63,32342,390,2 days,30 days,Out of Stock,3.9,Free shipping,No,3.7/5,India
Shop_95,Shop_95_P0064,Item_64,9639,370,1 days,14 days,In Stock,3.4,Free shipping,Yes,4.5/5,India
Shop_95,Shop_95_P0065,Item_65,16986,549,5 days,7 days,In Stock,3.1,Free shipping,No,3.2/5,India
Shop_95,Shop_95_P0066,Item_66,10805,204,3 days,14 days,In Stock,3.3,None,Yes,4.0/5,India
Shop_95,Shop_95_P0067,Item_67,41348,648,7 days,14 days,In Stock,4.5,None,No,4.0/5,India
Shop_95,Shop_95_P0068,Item_68,42647,650,6 days,7 days,Out of Stock,5.0,10% off,Yes,3.5/5,India
Shop_95,Shop_95_P0069,Item_69,46010,245,4 days,30 days,Out of Stock,3.5,Free shipping,No,3.9/5,India
Shop_95,Shop_95_P0070,Item_70,14621,682,3 days,30 days,In Stock,5.0,None,No,4.2/5,India
Shop_95,Shop_95_P0071,Item_71,48110,180,3 days,14 days,Out of Stock,4.5,Free shipping,No,3.7/5,India
Shop_95,Shop_95_P0072,Item_72,49629,282,1 days,7 days,Out of Stock,4.9,None,No,3.1/5,India
Shop_95,Shop_95_P0073,Item_73,4313,535,5 days,14 days,Out of Stock,4.6,Free shipping,Yes,4.6/5,India
Shop_95,Shop_95_P0074,Item_74,10137,578,3 days,30 days,In Stock,3.0,10% off,Yes,3.4/5,India
Shop_95,Shop_95_P0075,Item_75,35317,227,2 days,7 days,Out of Stock,3.2,None,Yes,4.3/5,India
Shop_95,Shop_95_P0076,Item_76,45073,398,4 days,14 days,In Stock,4.8,Free shipping,Yes,4.6/5,India
Shop_95,Shop_95_P0077,Item_77,16139,632,2 days,14 days,In Stock,4.0,Free shipping,Yes,4.9/5,India
Shop_95,Shop_95_P0078,Item_78,33254,498,2 days,7 days,In Stock,4.4,10% off,No,4.2/5,India
Shop_95,Shop_95_P0079,Item_79,7448,143,6 days,7 days,In Stock,4.7,None,No,4.5/5,India
Shop_95,Shop_95_P0080,Item_80,19728,185,6 days,7 days,In Stock,3.7,10% off,No,3.8/5,India
Shop_95,Shop_95_P0081,Item_81,15802,116,4 days,7 days,Out of Stock,4.1,10% off,No,4.9/5,India
Shop_95,Shop_95_P0082,Item_82,10895,148,5 days,7 days,Out of Stock,3.6,Free shipping,No,4.0/5,India
Shop_95,Shop_95_P0083,Item_83,1748,233,6 days,7 days,Out of Stock,3.0,Free shipping,Yes,3.7/5,India
Shop_95,Shop_95_P0084,Item_84,39031,686,3 days,30 days,In Stock,4.7,10% off,No,4.4/5,India
Shop_95,Shop_95_P0085,Item_85,2767,85,3 days,30 days,In Stock,3.1,Free shipping,Yes,3.4/5,India
Shop_95,Shop_95_P0086,Item_86,36164,343,6 days,30 days,In Stock,4.6,10% off,No,4.6/5,India
Shop_95,Shop_95_P0087,Item_87,42757,447,7 days,30 days,Out of Stock,4.9,Free shipping,Yes,3.1/5,India
Shop_95,Shop_95_P0088,Item_88,8127,496,6 days,7 days,In Stock,4.5,Free shipping,No,4.6/5,India
Shop_95,Shop_95_P0089,Item_89,22208,564,6 days,30 days,In Stock,3.6,10% off,No,4.4/5,India
Shop_95,Shop_95_P0090,Item_90,13415,301,5 days,30 days,Out of Stock,4.5,10% off,No,4.4/5,India
Shop_95,Shop_95_P0091,Item_91,38653,617,6 days,7 days,Out of Stock,3.4,None,No,3.7/5,India
Shop_95,Shop_95_P0092,Item_92,3244,69,6 days,14 days,In Stock,4.8,None,No,4.4/5,India
Shop_95,Shop_95_P0093,Item_93,7510,686,4 days,30 days,In Stock,4.3,None,No,3.2/5,India
Shop_95,Shop_95_P0094,Item_94,8711,440,6 days,7 days,Out of Stock,4.7,Free shipping,Yes,4.2/5,India
Shop_95,Shop_95_P0095,Item_95,3335,534,6 days,14 days,In Stock,3.1,10% off,Yes,3.7/5,India
Shop_95,Shop_95_P0096,Item_96,10698,154,1 days,14 days,In Stock,4.3,10% off,Yes,3.5/5,India
Shop_95,Shop_95_P0097,Item_97,48037,686,4 days,7 days,Out of Stock,3.6,Free shipping,Yes,4.5/5,India
Shop_95,Shop_95_P0098,Item_98,41791,505,6 days,30 days,In Stock,3.6,Free shipping,No,4.3/5,India
Shop_95,Shop_95_P0099,Item_99,16770,275,5 days,7 days,In Stock,3.9,10% off,Yes,4.4/5,India
Shop_95,Shop_95_P0100,Item_100,6268,41,2 days,14 days,Out of Stock,4.8,Free shipping,No,4.6/5,India
Shop_96,Shop_96_P0001,Item_1,49584,269,2 days,7 days,In Stock,4.9,Free shipping,No,3.6/5,India
Shop_96,Shop_96_P0002,Item_2,9684,219,3 days,7 days,Out of Stock,4.7,Free shipping,No,4.3/5,India
Shop_96,Shop_96_P0003,Item_3,11798,678,3 days,7 days,In Stock,4.2,Free shipping,No,4.9/5,India
Shop_96,Shop_96_P0004,Item_4,47527,168,4 days,14 days,In Stock,4.2,Free shipping,No,4.1/5,India
Shop_96,Shop_96_P0005,Item_5,25653,349,2 days,7 days,In Stock,3.5,10% off,Yes,3.5/5,India
Shop_96,Shop_96_P0006,Item_6,13654,154,6 days,7 days,In Stock,3.3,10% off,Yes,3.6/5,India
Shop_96,Shop_96_P0007,Item_7,47801,283,6 days,30 days,In Stock,4.8,10% off,No,4.3/5,India
Shop_96,Shop_96_P0008,Item_8,832,250,6 days,30 days,Out of Stock,3.9,10% off,No,3.8/5,India
Shop_96,Shop_96_P0009,Item_9,38134,179,3 days,30 days,Out of Stock,3.5,Free shipping,No,3.3/5,India
Shop_96,Shop_96_P0010,Item_10,15437,133,1 days,7 days,Out of Stock,4.9,10% off,No,3.2/5,India
Shop_96,Shop_96_P0011,Item_11,22350,671,5 days,7 days,Out of Stock,4.8,None,No,4.1/5,India
Shop_96,Shop_96_P0012,Item_12,34667,298,6 days,7 days,Out of Stock,4.5,None,No,4.2/5,India
Shop_96,Shop_96_P0013,Item_13,17933,483,6 days,30 days,In Stock,4.4,10% off,Yes,4.5/5,India
Shop_96,Shop_96_P0014,Item_14,24635,268,4 days,7 days,Out of Stock,4.6,10% off,Yes,4.9/5,India
Shop_96,Shop_96_P0015,Item_15,9205,422,7 days,14 days,Out of Stock,3.3,Free shipping,No,4.8/5,India
Shop_96,Shop_96_P0016,Item_16,4157,71,4 days,7 days,In Stock,3.5,Free shipping,Yes,4.9/5,India
Shop_96,Shop_96_P0017,Item_17,25462,653,5 days,30 days,Out of Stock,4.3,10% off,Yes,4.6/5,India
Shop_96,Shop_96_P0018,Item_18,27060,260,2 days,14 days,Out of Stock,3.8,None,No,3.9/5,India
Shop_96,Shop_96_P0019,Item_19,32817,30,5 days,7 days,Out of Stock,3.4,10% off,No,4.8/5,India
Shop_96,Shop_96_P0020,Item_20,10577,408,5 days,14 days,Out of Stock,3.6,Free shipping,Yes,4.6/5,India
Shop_96,Shop_96_P0021,Item_21,13824,361,1 days,30 days,In Stock,3.8,Free shipping,No,3.7/5,India
Shop_96,Shop_96_P0022,Item_22,16486,213,6 days,30 days,In Stock,4.0,10% off,No,4.9/5,India
Shop_96,Shop_96_P0023,Item_23,12478,597,6 days,30 days,Out of Stock,3.6,None,No,4.6/5,India
Shop_96,Shop_96_P0024,Item_24,20412,534,4 days,30 days,Out of Stock,4.2,Free shipping,Yes,3.5/5,India
Shop_96,Shop_96_P0025,Item_25,45351,632,6 days,7 days,Out of Stock,3.6,None,Yes,4.4/5,India
Shop_96,Shop_96_P0026,Item_26,37275,104,6 days,14 days,Out of Stock,4.5,Free shipping,Yes,4.0/5,India
Shop_96,Shop_96_P0027,Item_27,49441,646,1 days,30 days,Out of Stock,4.3,None,No,4.5/5,India
Shop_96,Shop_96_P0028,Item_28,4946,557,4 days,14 days,In Stock,3.5,None,Yes,3.7/5,India
Shop_96,Shop_96_P0029,Item_29,23148,361,4 days,7 days,Out of Stock,4.6,Free shipping,Yes,4.7/5,India
Shop_96,Shop_96_P0030,Item_30,23163,81,4 days,7 days,In Stock,3.7,Free shipping,Yes,4.7/5,India
Shop_96,Shop_96_P0031,Item_31,45170,250,1 days,30 days,Out of Stock,4.3,10% off,No,3.8/5,India
Shop_96,Shop_96_P0032,Item_32,48348,557,6 days,7 days,In Stock,4.7,Free shipping,Yes,4.8/5,India
Shop_96,Shop_96_P0033,Item_33,1984,197,2 days,30 days,Out of Stock,4.8,None,Yes,3.4/5,India
Shop_96,Shop_96_P0034,Item_34,47321,424,3 days,30 days,Out of Stock,3.1,None,Yes,4.3/5,India
Shop_96,Shop_96_P0035,Item_35,9329,464,1 days,7 days,In Stock,4.2,None,No,4.9/5,India
Shop_96,Shop_96_P0036,Item_36,17480,58,7 days,30 days,Out of Stock,3.9,Free shipping,No,4.8/5,India
Shop_96,Shop_96_P0037,Item_37,28374,30,6 days,30 days,Out of Stock,3.8,None,Yes,5.0/5,India
Shop_96,Shop_96_P0038,Item_38,45069,34,6 days,14 days,Out of Stock,4.9,10% off,No,3.8/5,India
Shop_96,Shop_96_P0039,Item_39,25884,445,2 days,14 days,Out of Stock,4.7,Free shipping,No,4.1/5,India
Shop_96,Shop_96_P0040,Item_40,34589,114,4 days,30 days,In Stock,3.7,Free shipping,Yes,3.3/5,India
Shop_96,Shop_96_P0041,Item_41,25395,80,4 days,30 days,Out of Stock,3.5,Free shipping,No,5.0/5,India
Shop_96,Shop_96_P0042,Item_42,40110,277,1 days,7 days,In Stock,4.0,10% off,No,3.1/5,India
Shop_96,Shop_96_P0043,Item_43,16490,118,2 days,30 days,Out of Stock,3.3,Free shipping,No,4.0/5,India
Shop_96,Shop_96_P0044,Item_44,38116,685,6 days,30 days,In Stock,4.3,10% off,No,3.9/5,India
Shop_96,Shop_96_P0045,Item_45,41826,196,3 days,7 days,Out of Stock,4.6,10% off,No,5.0/5,India
Shop_96,Shop_96_P0046,Item_46,20138,257,4 days,14 days,In Stock,3.9,None,No,3.8/5,India
Shop_96,Shop_96_P0047,Item_47,37212,195,5 days,14 days,Out of Stock,3.6,10% off,Yes,4.5/5,India
Shop_96,Shop_96_P0048,Item_48,19858,519,1 days,30 days,Out of Stock,4.1,None,Yes,3.9/5,India
Shop_96,Shop_96_P0049,Item_49,8777,395,5 days,14 days,Out of Stock,4.8,10% off,No,3.4/5,India
Shop_96,Shop_96_P0050,Item_50,30839,347,7 days,14 days,Out of Stock,3.8,Free shipping,No,4.4/5,India
Shop_96,Shop_96_P0051,Item_51,17946,559,4 days,14 days,In Stock,3.2,None,Yes,3.9/5,India
Shop_96,Shop_96_P0052,Item_52,46885,186,6 days,30 days,Out of Stock,4.9,Free shipping,Yes,4.2/5,India
Shop_96,Shop_96_P0053,Item_53,19665,459,5 days,30 days,In Stock,4.0,Free shipping,Yes,3.9/5,India
Shop_96,Shop_96_P0054,Item_54,31334,48,3 days,7 days,In Stock,4.9,None,No,3.4/5,India
Shop_96,Shop_96_P0055,Item_55,23447,222,7 days,14 days,In Stock,4.6,Free shipping,No,3.4/5,India
Shop_96,Shop_96_P0056,Item_56,35022,86,5 days,30 days,In Stock,3.2,None,No,4.2/5,India
Shop_96,Shop_96_P0057,Item_57,44763,312,1 days,14 days,Out of Stock,4.2,Free shipping,No,4.7/5,India
Shop_96,Shop_96_P0058,Item_58,32536,237,7 days,7 days,Out of Stock,4.9,10% off,Yes,4.7/5,India
Shop_96,Shop_96_P0059,Item_59,21631,548,4 days,14 days,In Stock,4.0,10% off,No,3.8/5,India
Shop_96,Shop_96_P0060,Item_60,19815,304,5 days,7 days,In Stock,4.0,None,No,4.0/5,India
Shop_96,Shop_96_P0061,Item_61,29840,158,4 days,7 days,Out of Stock,4.4,None,No,4.2/5,India
Shop_96,Shop_96_P0062,Item_62,4504,366,2 days,14 days,In Stock,4.4,10% off,No,3.9/5,India
Shop_96,Shop_96_P0063,Item_63,34613,332,6 days,30 days,In Stock,4.6,None,Yes,3.8/5,India
Shop_96,Shop_96_P0064,Item_64,45361,649,5 days,7 days,Out of Stock,3.7,10% off,No,3.1/5,India
Shop_96,Shop_96_P0065,Item_65,33006,497,4 days,14 days,In Stock,4.9,None,No,4.2/5,India
Shop_96,Shop_96_P0066,Item_66,34284,642,7 days,30 days,Out of Stock,4.4,None,Yes,3.3/5,India
Shop_96,Shop_96_P0067,Item_67,3815,532,4 days,30 days,Out of Stock,4.2,Free shipping,Yes,3.9/5,India
Shop_96,Shop_96_P0068,Item_68,36728,171,3 days,14 days,Out of Stock,4.1,None,No,4.8/5,India
Shop_96,Shop_96_P0069,Item_69,28784,86,4 days,14 days,Out of Stock,4.4,None,Yes,4.7/5,India
Shop_96,Shop_96_P0070,Item_70,46290,602,3 days,30 days,In Stock,3.8,10% off,No,4.3/5,India
Shop_96,Shop_96_P0071,Item_71,13820,209,4 days,14 days,In Stock,4.5,Free shipping,No,4.5/5,India
Shop_96,Shop_96_P0072,Item_72,15356,140,6 days,14 days,Out of Stock,3.8,10% off,Yes,4.5/5,India
Shop_96,Shop_96_P0073,Item_73,36800,58,4 days,7 days,In Stock,4.6,None,No,4.4/5,India
Shop_96,Shop_96_P0074,Item_74,32642,579,1 days,14 days,In Stock,3.6,None,Yes,3.7/5,India
Shop_96,Shop_96_P0075,Item_75,21187,574,4 days,30 days,In Stock,4.8,10% off,No,5.0/5,India
Shop_96,Shop_96_P0076,Item_76,49962,152,5 days,30 days,Out of Stock,4.5,None,No,4.8/5,India
Shop_96,Shop_96_P0077,Item_77,7678,176,7 days,7 days,Out of Stock,4.6,None,No,4.5/5,India
Shop_96,Shop_96_P0078,Item_78,1711,113,3 days,30 days,In Stock,4.1,10% off,No,4.0/5,India
Shop_96,Shop_96_P0079,Item_79,35333,159,3 days,7 days,In Stock,3.8,None,Yes,4.8/5,India
Shop_96,Shop_96_P0080,Item_80,46452,123,1 days,7 days,In Stock,4.1,10% off,No,4.3/5,India
Shop_96,Shop_96_P0081,Item_81,19230,309,2 days,30 days,In Stock,4.2,None,No,4.3/5,India
Shop_96,Shop_96_P0082,Item_82,29585,266,4 days,30 days,Out of Stock,4.7,10% off,Yes,4.8/5,India
Shop_96,Shop_96_P0083,Item_83,2907,57,1 days,14 days,Out of Stock,3.8,10% off,No,3.0/5,India
Shop_96,Shop_96_P0084,Item_84,22586,667,5 days,7 days,In Stock,3.6,10% off,No,3.6/5,India
Shop_96,Shop_96_P0085,Item_85,32655,387,4 days,30 days,In Stock,3.7,10% off,No,3.8/5,India
Shop_96,Shop_96_P0086,Item_86,48130,637,4 days,30 days,Out of Stock,4.7,None,No,3.8/5,India
Shop_96,Shop_96_P0087,Item_87,23010,203,6 days,14 days,In Stock,3.7,10% off,Yes,3.5/5,India
Shop_96,Shop_96_P0088,Item_88,49063,572,6 days,30 days,Out of Stock,4.7,None,Yes,3.9/5,India
Shop_96,Shop_96_P0089,Item_89,2509,374,7 days,7 days,Out of Stock,3.7,10% off,No,4.6/5,India
Shop_96,Shop_96_P0090,Item_90,10398,504,3 days,14 days,Out of Stock,4.7,10% off,Yes,4.7/5,India
Shop_96,Shop_96_P0091,Item_91,16231,652,5 days,14 days,In Stock,4.1,10% off,Yes,4.9/5,India
Shop_96,Shop_96_P0092,Item_92,35624,138,4 days,7 days,Out of Stock,4.7,10% off,Yes,4.0/5,India
Shop_96,Shop_96_P0093,Item_93,877,320,4 days,14 days,Out of Stock,4.7,10% off,Yes,4.1/5,India
Shop_96,Shop_96_P0094,Item_94,39750,618,5 days,30 days,In Stock,4.3,10% off,Yes,4.6/5,India
Shop_96,Shop_96_P0095,Item_95,8872,468,2 days,7 days,Out of Stock,3.0,Free shipping,Yes,4.6/5,India
Shop_96,Shop_96_P0096,Item_96,44495,546,2 days,14 days,Out of Stock,3.3,10% off,No,3.6/5,India
Shop_96,Shop_96_P0097,Item_97,20602,89,4 days,14 days,In Stock,4.0,10% off,Yes,3.3/5,India
Shop_96,Shop_96_P0098,Item_98,18468,173,7 days,30 days,In Stock,4.6,None,Yes,3.6/5,India
Shop_96,Shop_96_P0099,Item_99,9322,291,5 days,30 days,Out of Stock,3.6,10% off,No,4.1/5,India
Shop_96,Shop_96_P0100,Item_100,1280,332,4 days,14 days,Out of Stock,4.4,None,Yes,4.5/5,India
Shop_97,Shop_97_P0001,Item_1,36573,698,3 days,7 days,Out of Stock,3.8,10% off,Yes,4.8/5,India
Shop_97,Shop_97_P0002,Item_2,3705,409,7 days,30 days,In Stock,3.1,Free shipping,No,4.2/5,India
Shop_97,Shop_97_P0003,Item_3,25698,43,1 days,14 days,In Stock,4.0,Free shipping,No,4.8/5,India
Shop_97,Shop_97_P0004,Item_4,32345,339,4 days,14 days,In Stock,3.8,None,No,3.2/5,India
Shop_97,Shop_97_P0005,Item_5,18508,493,5 days,14 days,In Stock,4.0,Free shipping,No,3.3/5,India
Shop_97,Shop_97_P0006,Item_6,33578,245,3 days,7 days,In Stock,3.9,10% off,No,4.6/5,India
Shop_97,Shop_97_P0007,Item_7,6674,426,1 days,14 days,Out of Stock,3.1,10% off,No,3.0/5,India
Shop_97,Shop_97_P0008,Item_8,23264,518,5 days,30 days,In Stock,4.9,None,No,3.3/5,India
Shop_97,Shop_97_P0009,Item_9,16030,294,1 days,7 days,In Stock,4.0,10% off,Yes,4.7/5,India
Shop_97,Shop_97_P0010,Item_10,7472,317,2 days,14 days,In Stock,4.1,None,Yes,4.0/5,India
Shop_97,Shop_97_P0011,Item_11,5186,165,6 days,30 days,In Stock,4.2,Free shipping,No,5.0/5,India
Shop_97,Shop_97_P0012,Item_12,13764,579,7 days,14 days,In Stock,4.2,10% off,Yes,3.3/5,India
Shop_97,Shop_97_P0013,Item_13,28151,494,5 days,7 days,In Stock,3.9,10% off,No,4.6/5,India
Shop_97,Shop_97_P0014,Item_14,37267,470,2 days,14 days,Out of Stock,4.1,None,Yes,4.0/5,India
Shop_97,Shop_97_P0015,Item_15,40860,173,1 days,7 days,In Stock,4.2,10% off,Yes,4.8/5,India
Shop_97,Shop_97_P0016,Item_16,2643,530,5 days,7 days,Out of Stock,4.7,10% off,No,4.7/5,India
Shop_97,Shop_97_P0017,Item_17,2705,554,7 days,14 days,Out of Stock,3.9,10% off,No,4.4/5,India
Shop_97,Shop_97_P0018,Item_18,36822,400,5 days,14 days,Out of Stock,4.8,Free shipping,No,3.7/5,India
Shop_97,Shop_97_P0019,Item_19,48161,114,1 days,7 days,Out of Stock,4.6,10% off,No,3.1/5,India
Shop_97,Shop_97_P0020,Item_20,45922,631,5 days,30 days,In Stock,4.2,None,No,4.1/5,India
Shop_97,Shop_97_P0021,Item_21,7648,361,5 days,30 days,Out of Stock,4.2,Free shipping,Yes,4.3/5,India
Shop_97,Shop_97_P0022,Item_22,17765,685,7 days,7 days,In Stock,4.4,None,No,4.0/5,India
Shop_97,Shop_97_P0023,Item_23,32624,276,6 days,7 days,In Stock,4.5,Free shipping,No,3.5/5,India
Shop_97,Shop_97_P0024,Item_24,4653,131,2 days,7 days,Out of Stock,4.4,10% off,No,4.1/5,India
Shop_97,Shop_97_P0025,Item_25,20236,526,7 days,14 days,In Stock,4.0,Free shipping,Yes,3.7/5,India
Shop_97,Shop_97_P0026,Item_26,31624,154,6 days,7 days,In Stock,4.3,10% off,Yes,3.8/5,India
Shop_97,Shop_97_P0027,Item_27,13129,446,4 days,7 days,In Stock,4.6,Free shipping,No,3.8/5,India
Shop_97,Shop_97_P0028,Item_28,23002,161,2 days,7 days,Out of Stock,3.1,10% off,Yes,4.8/5,India
Shop_97,Shop_97_P0029,Item_29,32824,388,6 days,30 days,In Stock,3.9,Free shipping,Yes,3.6/5,India
Shop_97,Shop_97_P0030,Item_30,18355,102,7 days,7 days,In Stock,5.0,Free shipping,Yes,3.9/5,India
Shop_97,Shop_97_P0031,Item_31,35839,614,4 days,7 days,In Stock,4.4,None,No,4.9/5,India
Shop_97,Shop_97_P0032,Item_32,47601,447,2 days,7 days,In Stock,3.1,10% off,No,4.9/5,India
Shop_97,Shop_97_P0033,Item_33,6344,426,5 days,14 days,In Stock,3.3,10% off,Yes,3.9/5,India
Shop_97,Shop_97_P0034,Item_34,31647,661,4 days,7 days,In Stock,3.2,10% off,Yes,4.2/5,India
Shop_97,Shop_97_P0035,Item_35,31062,373,5 days,30 days,Out of Stock,3.7,Free shipping,No,3.7/5,India
Shop_97,Shop_97_P0036,Item_36,19320,420,6 days,30 days,Out of Stock,3.5,Free shipping,No,3.8/5,India
Shop_97,Shop_97_P0037,Item_37,6470,580,4 days,30 days,In Stock,3.6,Free shipping,No,3.8/5,India
Shop_97,Shop_97_P0038,Item_38,41672,192,5 days,7 days,Out of Stock,4.1,None,No,4.9/5,India
Shop_97,Shop_97_P0039,Item_39,31488,100,2 days,14 days,Out of Stock,4.2,None,Yes,3.8/5,India
Shop_97,Shop_97_P0040,Item_40,12116,431,3 days,14 days,In Stock,4.5,None,No,4.8/5,India
Shop_97,Shop_97_P0041,Item_41,23818,370,2 days,7 days,Out of Stock,3.6,10% off,No,4.6/5,India
Shop_97,Shop_97_P0042,Item_42,34309,74,2 days,14 days,In Stock,3.3,10% off,Yes,3.7/5,India
Shop_97,Shop_97_P0043,Item_43,7913,520,4 days,14 days,In Stock,3.3,None,Yes,3.6/5,India
Shop_97,Shop_97_P0044,Item_44,34833,171,6 days,30 days,In Stock,4.7,None,Yes,3.7/5,India
Shop_97,Shop_97_P0045,Item_45,11183,332,3 days,30 days,Out of Stock,3.2,Free shipping,No,3.4/5,India
Shop_97,Shop_97_P0046,Item_46,31714,640,1 days,14 days,In Stock,4.9,Free shipping,No,3.8/5,India
Shop_97,Shop_97_P0047,Item_47,31291,252,4 days,30 days,In Stock,4.4,Free shipping,Yes,4.7/5,India
Shop_97,Shop_97_P0048,Item_48,21915,373,1 days,14 days,In Stock,3.9,10% off,No,4.2/5,India
Shop_97,Shop_97_P0049,Item_49,15275,58,6 days,30 days,In Stock,4.6,Free shipping,No,4.6/5,India
Shop_97,Shop_97_P0050,Item_50,35137,648,4 days,14 days,In Stock,4.5,10% off,No,4.4/5,India
Shop_97,Shop_97_P0051,Item_51,40278,455,6 days,14 days,In Stock,4.4,Free shipping,No,3.3/5,India
Shop_97,Shop_97_P0052,Item_52,36799,103,5 days,30 days,Out of Stock,4.1,Free shipping,Yes,3.6/5,India
Shop_97,Shop_97_P0053,Item_53,45749,340,6 days,7 days,Out of Stock,4.5,10% off,Yes,4.1/5,India
Shop_97,Shop_97_P0054,Item_54,13705,189,4 days,14 days,Out of Stock,3.4,10% off,No,3.5/5,India
Shop_97,Shop_97_P0055,Item_55,21298,310,2 days,14 days,Out of Stock,4.5,Free shipping,No,3.2/5,India
Shop_97,Shop_97_P0056,Item_56,43536,228,3 days,14 days,Out of Stock,3.5,Free shipping,No,4.4/5,India
Shop_97,Shop_97_P0057,Item_57,29893,281,2 days,7 days,Out of Stock,3.1,Free shipping,No,4.9/5,India
Shop_97,Shop_97_P0058,Item_58,27219,381,1 days,30 days,Out of Stock,3.7,10% off,Yes,3.6/5,India
Shop_97,Shop_97_P0059,Item_59,24728,53,1 days,30 days,In Stock,4.3,None,Yes,3.6/5,India
Shop_97,Shop_97_P0060,Item_60,27105,376,6 days,7 days,In Stock,3.3,None,No,4.1/5,India
Shop_97,Shop_97_P0061,Item_61,20837,461,6 days,7 days,Out of Stock,3.4,10% off,No,3.3/5,India
Shop_97,Shop_97_P0062,Item_62,30514,589,7 days,7 days,Out of Stock,3.8,10% off,No,3.6/5,India
Shop_97,Shop_97_P0063,Item_63,15433,232,1 days,30 days,Out of Stock,4.5,None,Yes,4.4/5,India
Shop_97,Shop_97_P0064,Item_64,34577,306,6 days,14 days,In Stock,4.9,None,Yes,3.9/5,India
Shop_97,Shop_97_P0065,Item_65,40302,507,3 days,7 days,Out of Stock,4.9,10% off,Yes,4.3/5,India
Shop_97,Shop_97_P0066,Item_66,44039,447,5 days,14 days,Out of Stock,4.2,10% off,No,3.0/5,India
Shop_97,Shop_97_P0067,Item_67,4112,166,7 days,14 days,In Stock,3.4,None,No,4.4/5,India
Shop_97,Shop_97_P0068,Item_68,11060,447,1 days,30 days,In Stock,3.4,10% off,Yes,3.7/5,India
Shop_97,Shop_97_P0069,Item_69,23005,253,7 days,30 days,Out of Stock,4.2,Free shipping,No,3.4/5,India
Shop_97,Shop_97_P0070,Item_70,14635,583,2 days,14 days,In Stock,3.3,None,No,3.1/5,India
Shop_97,Shop_97_P0071,Item_71,3280,27,7 days,14 days,Out of Stock,3.8,None,No,3.5/5,India
Shop_97,Shop_97_P0072,Item_72,16463,561,6 days,7 days,Out of Stock,4.7,10% off,No,3.5/5,India
Shop_97,Shop_97_P0073,Item_73,36050,420,5 days,30 days,In Stock,4.0,Free shipping,No,4.8/5,India
Shop_97,Shop_97_P0074,Item_74,29978,106,5 days,30 days,Out of Stock,5.0,None,Yes,4.3/5,India
Shop_97,Shop_97_P0075,Item_75,27389,655,4 days,30 days,In Stock,3.5,None,Yes,5.0/5,India
Shop_97,Shop_97_P0076,Item_76,33120,699,3 days,7 days,Out of Stock,3.2,None,No,3.3/5,India
Shop_97,Shop_97_P0077,Item_77,46131,503,4 days,7 days,In Stock,4.0,None,No,3.0/5,India
Shop_97,Shop_97_P0078,Item_78,49039,284,2 days,7 days,Out of Stock,4.3,None,No,3.4/5,India
Shop_97,Shop_97_P0079,Item_79,48936,529,4 days,30 days,In Stock,4.8,Free shipping,No,3.3/5,India
Shop_97,Shop_97_P0080,Item_80,29531,401,4 days,30 days,Out of Stock,3.4,None,Yes,4.0/5,India
Shop_97,Shop_97_P0081,Item_81,22606,190,2 days,30 days,In Stock,3.2,10% off,Yes,4.0/5,India
Shop_97,Shop_97_P0082,Item_82,2774,351,6 days,30 days,Out of Stock,3.4,Free shipping,No,4.6/5,India
Shop_97,Shop_97_P0083,Item_83,15387,617,1 days,14 days,Out of Stock,3.1,None,Yes,4.6/5,India
Shop_97,Shop_97_P0084,Item_84,49482,116,3 days,14 days,In Stock,4.3,None,No,3.3/5,India
Shop_97,Shop_97_P0085,Item_85,12364,388,5 days,7 days,Out of Stock,3.8,Free shipping,No,4.8/5,India
Shop_97,Shop_97_P0086,Item_86,6080,466,5 days,14 days,Out of Stock,3.6,None,Yes,4.2/5,India
Shop_97,Shop_97_P0087,Item_87,30966,528,2 days,7 days,In Stock,4.9,10% off,No,3.4/5,India
Shop_97,Shop_97_P0088,Item_88,44904,593,4 days,7 days,Out of Stock,3.2,10% off,No,3.0/5,India
Shop_97,Shop_97_P0089,Item_89,37797,24,2 days,7 days,In Stock,3.6,Free shipping,No,4.7/5,India
Shop_97,Shop_97_P0090,Item_90,38346,405,7 days,14 days,Out of Stock,3.2,None,Yes,4.8/5,India
Shop_97,Shop_97_P0091,Item_91,39600,132,5 days,30 days,Out of Stock,3.2,10% off,No,3.7/5,India
Shop_97,Shop_97_P0092,Item_92,8080,279,4 days,14 days,Out of Stock,3.2,10% off,No,4.0/5,India
Shop_97,Shop_97_P0093,Item_93,41778,215,7 days,14 days,Out of Stock,3.6,None,Yes,4.1/5,India
Shop_97,Shop_97_P0094,Item_94,12948,126,6 days,7 days,Out of Stock,4.3,10% off,No,3.0/5,India
Shop_97,Shop_97_P0095,Item_95,31992,615,5 days,14 days,Out of Stock,4.5,10% off,No,3.7/5,India
Shop_97,Shop_97_P0096,Item_96,7766,667,6 days,7 days,In Stock,3.4,None,Yes,3.4/5,India
Shop_97,Shop_97_P0097,Item_97,20987,357,5 days,14 days,In Stock,4.6,Free shipping,Yes,4.1/5,India
Shop_97,Shop_97_P0098,Item_98,16936,667,2 days,30 days,Out of Stock,4.5,None,No,3.8/5,India
Shop_97,Shop_97_P0099,Item_99,9004,460,1 days,7 days,In Stock,4.3,Free shipping,No,4.4/5,India
Shop_97,Shop_97_P0100,Item_100,18355,617,1 days,7 days,Out of Stock,3.6,10% off,No,4.1/5,India
Shop_98,Shop_98_P0001,Item_1,34923,462,3 days,7 days,Out of Stock,4.2,10% off,Yes,4.9/5,India
Shop_98,Shop_98_P0002,Item_2,41137,123,2 days,30 days,Out of Stock,4.6,None,No,3.8/5,India
Shop_98,Shop_98_P0003,Item_3,33276,517,6 days,7 days,In Stock,4.9,10% off,No,5.0/5,India
Shop_98,Shop_98_P0004,Item_4,9047,262,1 days,7 days,Out of Stock,3.0,None,No,3.1/5,India
Shop_98,Shop_98_P0005,Item_5,43193,81,6 days,30 days,Out of Stock,4.4,10% off,No,3.4/5,India
Shop_98,Shop_98_P0006,Item_6,11526,665,1 days,7 days,Out of Stock,4.2,Free shipping,No,4.6/5,India
Shop_98,Shop_98_P0007,Item_7,1504,288,3 days,7 days,In Stock,3.8,Free shipping,Yes,3.8/5,India
Shop_98,Shop_98_P0008,Item_8,15938,597,4 days,7 days,In Stock,4.8,Free shipping,Yes,3.0/5,India
Shop_98,Shop_98_P0009,Item_9,16366,656,1 days,30 days,Out of Stock,4.6,10% off,No,4.1/5,India
Shop_98,Shop_98_P0010,Item_10,46585,192,3 days,30 days,Out of Stock,4.5,None,Yes,3.4/5,India
Shop_98,Shop_98_P0011,Item_11,7683,395,3 days,30 days,Out of Stock,3.4,None,No,4.6/5,India
Shop_98,Shop_98_P0012,Item_12,13310,423,1 days,14 days,Out of Stock,5.0,10% off,No,4.0/5,India
Shop_98,Shop_98_P0013,Item_13,22200,606,7 days,7 days,In Stock,4.0,None,No,3.2/5,India
Shop_98,Shop_98_P0014,Item_14,10373,279,2 days,7 days,Out of Stock,4.4,Free shipping,No,3.2/5,India
Shop_98,Shop_98_P0015,Item_15,30652,107,5 days,7 days,In Stock,4.9,Free shipping,Yes,3.4/5,India
Shop_98,Shop_98_P0016,Item_16,1697,400,6 days,14 days,Out of Stock,3.3,Free shipping,Yes,4.9/5,India
Shop_98,Shop_98_P0017,Item_17,3180,631,5 days,30 days,Out of Stock,4.4,Free shipping,No,4.0/5,India
Shop_98,Shop_98_P0018,Item_18,48260,304,2 days,14 days,Out of Stock,3.6,Free shipping,No,4.0/5,India
Shop_98,Shop_98_P0019,Item_19,5213,383,1 days,14 days,Out of Stock,4.1,None,No,4.2/5,India
Shop_98,Shop_98_P0020,Item_20,11131,304,6 days,30 days,In Stock,4.0,Free shipping,Yes,3.7/5,India
Shop_98,Shop_98_P0021,Item_21,4633,210,5 days,7 days,Out of Stock,3.9,10% off,No,4.6/5,India
Shop_98,Shop_98_P0022,Item_22,34019,357,3 days,30 days,Out of Stock,4.0,None,Yes,3.7/5,India
Shop_98,Shop_98_P0023,Item_23,42001,605,5 days,30 days,In Stock,4.7,Free shipping,No,4.6/5,India
Shop_98,Shop_98_P0024,Item_24,33094,163,4 days,7 days,In Stock,4.7,Free shipping,Yes,4.0/5,India
Shop_98,Shop_98_P0025,Item_25,22632,354,5 days,7 days,Out of Stock,4.5,None,No,3.0/5,India
Shop_98,Shop_98_P0026,Item_26,29354,191,4 days,14 days,In Stock,4.0,Free shipping,No,4.4/5,India
Shop_98,Shop_98_P0027,Item_27,6220,167,5 days,30 days,Out of Stock,3.4,10% off,No,3.4/5,India
Shop_98,Shop_98_P0028,Item_28,32069,234,6 days,7 days,In Stock,3.5,Free shipping,Yes,3.5/5,India
Shop_98,Shop_98_P0029,Item_29,11564,548,2 days,14 days,Out of Stock,4.3,Free shipping,Yes,4.2/5,India
Shop_98,Shop_98_P0030,Item_30,4421,279,4 days,14 days,In Stock,4.9,10% off,Yes,4.3/5,India
Shop_98,Shop_98_P0031,Item_31,40872,230,2 days,30 days,In Stock,4.3,10% off,No,3.0/5,India
Shop_98,Shop_98_P0032,Item_32,26279,125,4 days,7 days,In Stock,3.2,10% off,No,3.7/5,India
Shop_98,Shop_98_P0033,Item_33,9784,88,1 days,7 days,In Stock,4.8,10% off,Yes,3.6/5,India
Shop_98,Shop_98_P0034,Item_34,37826,250,5 days,30 days,In Stock,4.7,Free shipping,No,3.2/5,India
Shop_98,Shop_98_P0035,Item_35,1985,358,5 days,14 days,Out of Stock,3.4,Free shipping,No,4.0/5,India
Shop_98,Shop_98_P0036,Item_36,38599,687,5 days,14 days,In Stock,4.5,None,Yes,4.2/5,India
Shop_98,Shop_98_P0037,Item_37,31916,294,7 days,30 days,Out of Stock,3.1,None,No,3.8/5,India
Shop_98,Shop_98_P0038,Item_38,33504,53,1 days,30 days,Out of Stock,4.4,Free shipping,No,3.1/5,India
Shop_98,Shop_98_P0039,Item_39,21432,122,6 days,30 days,In Stock,4.3,None,No,3.5/5,India
Shop_98,Shop_98_P0040,Item_40,8703,239,1 days,30 days,Out of Stock,3.4,None,No,4.4/5,India
Shop_98,Shop_98_P0041,Item_41,1508,130,3 days,30 days,In Stock,4.1,None,No,3.2/5,India
Shop_98,Shop_98_P0042,Item_42,47407,50,7 days,14 days,In Stock,3.7,None,Yes,3.9/5,India
Shop_98,Shop_98_P0043,Item_43,42111,265,7 days,30 days,In Stock,4.9,Free shipping,No,3.8/5,India
Shop_98,Shop_98_P0044,Item_44,7582,133,2 days,7 days,Out of Stock,3.2,Free shipping,Yes,4.7/5,India
Shop_98,Shop_98_P0045,Item_45,20943,144,1 days,30 days,In Stock,3.3,None,Yes,3.8/5,India
Shop_98,Shop_98_P0046,Item_46,16355,249,1 days,30 days,In Stock,4.9,10% off,No,4.3/5,India
Shop_98,Shop_98_P0047,Item_47,22230,41,7 days,30 days,Out of Stock,4.2,10% off,No,3.1/5,India
Shop_98,Shop_98_P0048,Item_48,7356,226,7 days,30 days,In Stock,3.1,None,Yes,4.4/5,India
Shop_98,Shop_98_P0049,Item_49,25196,407,3 days,7 days,Out of Stock,3.4,10% off,No,4.4/5,India
Shop_98,Shop_98_P0050,Item_50,48037,658,1 days,7 days,In Stock,3.2,10% off,No,4.0/5,India
Shop_98,Shop_98_P0051,Item_51,42500,312,1 days,7 days,Out of Stock,4.3,None,Yes,3.7/5,India
Shop_98,Shop_98_P0052,Item_52,48006,599,4 days,30 days,Out of Stock,3.4,None,Yes,4.4/5,India
Shop_98,Shop_98_P0053,Item_53,32285,49,7 days,7 days,In Stock,4.7,Free shipping,No,3.6/5,India
Shop_98,Shop_98_P0054,Item_54,4553,518,5 days,30 days,Out of Stock,3.1,None,Yes,4.2/5,India
Shop_98,Shop_98_P0055,Item_55,49111,635,4 days,30 days,Out of Stock,4.0,Free shipping,No,3.6/5,India
Shop_98,Shop_98_P0056,Item_56,22890,65,6 days,14 days,In Stock,4.3,Free shipping,Yes,4.2/5,India
Shop_98,Shop_98_P0057,Item_57,41999,137,5 days,7 days,Out of Stock,3.9,Free shipping,No,4.8/5,India
Shop_98,Shop_98_P0058,Item_58,49622,116,1 days,30 days,In Stock,4.7,None,Yes,3.4/5,India
Shop_98,Shop_98_P0059,Item_59,1641,552,3 days,14 days,Out of Stock,4.0,10% off,Yes,4.7/5,India
Shop_98,Shop_98_P0060,Item_60,48583,572,6 days,14 days,In Stock,3.5,10% off,No,3.2/5,India
Shop_98,Shop_98_P0061,Item_61,5187,381,3 days,7 days,Out of Stock,4.9,None,Yes,4.5/5,India
Shop_98,Shop_98_P0062,Item_62,18053,298,2 days,7 days,Out of Stock,4.8,Free shipping,Yes,4.5/5,India
Shop_98,Shop_98_P0063,Item_63,4902,68,4 days,7 days,Out of Stock,3.4,None,Yes,3.7/5,India
Shop_98,Shop_98_P0064,Item_64,21967,291,7 days,7 days,In Stock,3.4,10% off,Yes,4.9/5,India
Shop_98,Shop_98_P0065,Item_65,33524,243,3 days,30 days,In Stock,4.7,Free shipping,No,3.9/5,India
Shop_98,Shop_98_P0066,Item_66,25312,607,5 days,7 days,Out of Stock,3.6,Free shipping,Yes,3.6/5,India
Shop_98,Shop_98_P0067,Item_67,33041,220,3 days,30 days,Out of Stock,4.7,10% off,Yes,4.3/5,India
Shop_98,Shop_98_P0068,Item_68,32712,613,3 days,7 days,Out of Stock,4.4,Free shipping,No,4.9/5,India
Shop_98,Shop_98_P0069,Item_69,40270,464,3 days,14 days,In Stock,4.0,Free shipping,Yes,3.5/5,India
Shop_98,Shop_98_P0070,Item_70,48193,312,5 days,7 days,In Stock,3.6,10% off,No,3.6/5,India
Shop_98,Shop_98_P0071,Item_71,6339,484,1 days,30 days,Out of Stock,3.9,10% off,No,4.7/5,India
Shop_98,Shop_98_P0072,Item_72,44626,292,7 days,7 days,Out of Stock,3.8,Free shipping,No,3.4/5,India
Shop_98,Shop_98_P0073,Item_73,8111,625,6 days,14 days,In Stock,4.2,None,Yes,3.0/5,India
Shop_98,Shop_98_P0074,Item_74,46156,677,5 days,30 days,Out of Stock,3.7,Free shipping,Yes,4.4/5,India
Shop_98,Shop_98_P0075,Item_75,19550,379,5 days,30 days,Out of Stock,4.3,Free shipping,Yes,4.9/5,India
Shop_98,Shop_98_P0076,Item_76,3346,55,2 days,7 days,In Stock,4.9,None,Yes,3.1/5,India
Shop_98,Shop_98_P0077,Item_77,14713,205,2 days,7 days,In Stock,3.3,10% off,No,4.8/5,India
Shop_98,Shop_98_P0078,Item_78,36284,673,3 days,30 days,Out of Stock,4.1,Free shipping,Yes,3.3/5,India
Shop_98,Shop_98_P0079,Item_79,37932,604,4 days,30 days,In Stock,3.3,None,No,3.5/5,India
Shop_98,Shop_98_P0080,Item_80,40677,132,6 days,30 days,Out of Stock,4.5,None,Yes,4.2/5,India
Shop_98,Shop_98_P0081,Item_81,48160,326,6 days,30 days,In Stock,3.8,Free shipping,No,3.1/5,India
Shop_98,Shop_98_P0082,Item_82,42529,393,5 days,7 days,Out of Stock,4.4,Free shipping,Yes,3.5/5,India
Shop_98,Shop_98_P0083,Item_83,39215,121,2 days,14 days,In Stock,3.4,Free shipping,No,4.6/5,India
Shop_98,Shop_98_P0084,Item_84,48273,443,7 days,7 days,Out of Stock,3.8,None,Yes,3.9/5,India
Shop_98,Shop_98_P0085,Item_85,28260,520,7 days,30 days,In Stock,4.7,10% off,Yes,4.4/5,India
Shop_98,Shop_98_P0086,Item_86,25994,443,2 days,30 days,In Stock,3.6,Free shipping,Yes,4.0/5,India
Shop_98,Shop_98_P0087,Item_87,19286,292,6 days,7 days,Out of Stock,4.4,Free shipping,Yes,4.1/5,India
Shop_98,Shop_98_P0088,Item_88,33582,483,3 days,7 days,Out of Stock,4.0,Free shipping,Yes,3.9/5,India
Shop_98,Shop_98_P0089,Item_89,3457,57,4 days,30 days,Out of Stock,3.1,Free shipping,No,3.2/5,India
Shop_98,Shop_98_P0090,Item_90,38669,532,6 days,14 days,Out of Stock,3.8,None,No,4.0/5,India
Shop_98,Shop_98_P0091,Item_91,36338,433,4 days,30 days,Out of Stock,3.4,None,Yes,3.1/5,India
Shop_98,Shop_98_P0092,Item_92,14257,552,4 days,30 days,In Stock,4.5,Free shipping,No,3.1/5,India
Shop_98,Shop_98_P0093,Item_93,47451,239,7 days,30 days,Out of Stock,3.6,10% off,Yes,4.4/5,India
Shop_98,Shop_98_P0094,Item_94,35233,680,2 days,14 days,In Stock,4.8,Free shipping,No,3.4/5,India
Shop_98,Shop_98_P0095,Item_95,11399,525,6 days,30 days,In Stock,4.4,Free shipping,No,3.6/5,India
Shop_98,Shop_98_P0096,Item_96,47928,231,6 days,7 days,In Stock,4.6,10% off,Yes,3.6/5,India
Shop_98,Shop_98_P0097,Item_97,24526,363,2 days,14 days,In Stock,4.6,None,Yes,4.9/5,India
Shop_98,Shop_98_P0098,Item_98,36657,523,1 days,14 days,Out of Stock,4.0,Free shipping,Yes,5.0/5,India
Shop_98,Shop_98_P0099,Item_99,11437,245,3 days,14 days,In Stock,3.3,10% off,No,3.3/5,India
Shop_98,Shop_98_P0100,Item_100,3641,279,3 days,30 days,In Stock,3.7,None,Yes,4.9/5,India
Shop_99,Shop_99_P0001,Item_1,1590,578,1 days,14 days,In Stock,3.2,None,Yes,3.4/5,India
Shop_99,Shop_99_P0002,Item_2,38916,218,1 days,30 days,In Stock,3.4,None,Yes,4.2/5,India
Shop_99,Shop_99_P0003,Item_3,30891,98,6 days,14 days,Out of Stock,4.4,10% off,No,3.8/5,India
Shop_99,Shop_99_P0004,Item_4,6013,431,5 days,30 days,Out of Stock,3.8,Free shipping,No,3.6/5,India
Shop_99,Shop_99_P0005,Item_5,26910,340,5 days,14 days,Out of Stock,3.1,None,Yes,3.1/5,India
Shop_99,Shop_99_P0006,Item_6,28982,104,4 days,30 days,In Stock,4.7,Free shipping,No,4.8/5,India
Shop_99,Shop_99_P0007,Item_7,10363,408,6 days,14 days,In Stock,4.5,None,Yes,4.2/5,India
Shop_99,Shop_99_P0008,Item_8,40770,585,2 days,7 days,Out of Stock,3.7,Free shipping,No,3.7/5,India
Shop_99,Shop_99_P0009,Item_9,1999,413,2 days,14 days,Out of Stock,3.4,10% off,No,3.6/5,India
Shop_99,Shop_99_P0010,Item_10,2904,450,6 days,30 days,In Stock,3.7,None,No,3.7/5,India
Shop_99,Shop_99_P0011,Item_11,44300,165,2 days,30 days,Out of Stock,4.3,Free shipping,Yes,4.5/5,India
Shop_99,Shop_99_P0012,Item_12,14835,570,4 days,14 days,Out of Stock,4.3,None,Yes,4.9/5,India
Shop_99,Shop_99_P0013,Item_13,16786,171,2 days,14 days,In Stock,3.6,None,Yes,4.9/5,India
Shop_99,Shop_99_P0014,Item_14,38731,431,1 days,30 days,In Stock,3.0,Free shipping,Yes,4.0/5,India
Shop_99,Shop_99_P0015,Item_15,2218,695,7 days,30 days,In Stock,4.2,Free shipping,No,3.7/5,India
Shop_99,Shop_99_P0016,Item_16,10476,148,1 days,7 days,In Stock,4.1,Free shipping,No,3.2/5,India
Shop_99,Shop_99_P0017,Item_17,49022,546,3 days,7 days,Out of Stock,3.4,None,Yes,4.7/5,India
Shop_99,Shop_99_P0018,Item_18,31346,63,5 days,14 days,In Stock,3.3,Free shipping,No,5.0/5,India
Shop_99,Shop_99_P0019,Item_19,6164,73,1 days,7 days,In Stock,3.8,None,Yes,4.3/5,India
Shop_99,Shop_99_P0020,Item_20,7109,41,5 days,14 days,Out of Stock,4.6,Free shipping,Yes,4.3/5,India
Shop_99,Shop_99_P0021,Item_21,33082,263,6 days,30 days,In Stock,3.8,None,No,3.5/5,India
Shop_99,Shop_99_P0022,Item_22,8574,317,3 days,30 days,Out of Stock,3.3,None,Yes,4.5/5,India
Shop_99,Shop_99_P0023,Item_23,19025,649,5 days,7 days,Out of Stock,3.9,10% off,No,4.3/5,India
Shop_99,Shop_99_P0024,Item_24,47866,81,4 days,7 days,In Stock,4.4,Free shipping,Yes,3.1/5,India
Shop_99,Shop_99_P0025,Item_25,6226,507,7 days,30 days,In Stock,3.3,10% off,Yes,3.0/5,India
Shop_99,Shop_99_P0026,Item_26,1779,237,3 days,7 days,In Stock,4.9,None,No,3.6/5,India
Shop_99,Shop_99_P0027,Item_27,9168,179,7 days,30 days,Out of Stock,4.3,Free shipping,No,4.3/5,India
Shop_99,Shop_99_P0028,Item_28,14672,267,1 days,7 days,In Stock,3.9,None,Yes,4.9/5,India
Shop_99,Shop_99_P0029,Item_29,42198,603,3 days,14 days,In Stock,3.3,Free shipping,Yes,3.2/5,India
Shop_99,Shop_99_P0030,Item_30,8978,522,6 days,14 days,Out of Stock,3.6,None,No,4.1/5,India
Shop_99,Shop_99_P0031,Item_31,11250,196,1 days,14 days,Out of Stock,3.8,10% off,Yes,3.5/5,India
Shop_99,Shop_99_P0032,Item_32,39439,524,5 days,30 days,Out of Stock,3.6,Free shipping,No,4.6/5,India
Shop_99,Shop_99_P0033,Item_33,35191,64,4 days,30 days,Out of Stock,3.4,None,No,3.5/5,India
Shop_99,Shop_99_P0034,Item_34,49187,237,5 days,7 days,In Stock,4.7,Free shipping,Yes,5.0/5,India
Shop_99,Shop_99_P0035,Item_35,35343,571,6 days,30 days,Out of Stock,3.7,10% off,No,3.7/5,India
Shop_99,Shop_99_P0036,Item_36,33575,588,4 days,7 days,Out of Stock,4.0,10% off,Yes,4.6/5,India
Shop_99,Shop_99_P0037,Item_37,47684,602,1 days,14 days,Out of Stock,4.7,None,Yes,3.8/5,India
Shop_99,Shop_99_P0038,Item_38,7987,116,5 days,7 days,In Stock,4.5,None,No,3.5/5,India
Shop_99,Shop_99_P0039,Item_39,31175,623,2 days,7 days,Out of Stock,3.7,None,No,3.1/5,India
Shop_99,Shop_99_P0040,Item_40,39520,331,3 days,30 days,Out of Stock,4.2,Free shipping,Yes,3.1/5,India
Shop_99,Shop_99_P0041,Item_41,39984,466,6 days,30 days,Out of Stock,3.0,10% off,Yes,3.9/5,India
Shop_99,Shop_99_P0042,Item_42,1769,35,5 days,7 days,Out of Stock,4.9,Free shipping,Yes,4.0/5,India
Shop_99,Shop_99_P0043,Item_43,20914,478,3 days,30 days,In Stock,3.2,Free shipping,No,3.5/5,India
Shop_99,Shop_99_P0044,Item_44,29227,32,5 days,14 days,In Stock,4.1,10% off,No,3.2/5,India
Shop_99,Shop_99_P0045,Item_45,27502,90,2 days,7 days,Out of Stock,3.0,Free shipping,Yes,5.0/5,India
Shop_99,Shop_99_P0046,Item_46,36350,240,2 days,14 days,In Stock,4.7,Free shipping,No,3.8/5,India
Shop_99,Shop_99_P0047,Item_47,8029,220,3 days,14 days,Out of Stock,3.4,None,No,4.4/5,India
Shop_99,Shop_99_P0048,Item_48,37382,225,2 days,30 days,In Stock,3.9,Free shipping,No,4.4/5,India
Shop_99,Shop_99_P0049,Item_49,32145,108,3 days,30 days,Out of Stock,4.6,Free shipping,No,4.1/5,India
Shop_99,Shop_99_P0050,Item_50,15310,426,5 days,7 days,In Stock,5.0,Free shipping,No,3.9/5,India
Shop_99,Shop_99_P0051,Item_51,18926,240,7 days,7 days,In Stock,4.0,10% off,No,3.6/5,India
Shop_99,Shop_99_P0052,Item_52,24288,64,4 days,30 days,In Stock,4.8,Free shipping,No,4.1/5,India
Shop_99,Shop_99_P0053,Item_53,30622,322,6 days,7 days,In Stock,4.7,None,Yes,3.8/5,India
Shop_99,Shop_99_P0054,Item_54,17573,671,1 days,14 days,Out of Stock,3.3,Free shipping,Yes,4.0/5,India
Shop_99,Shop_99_P0055,Item_55,47894,50,3 days,7 days,In Stock,4.7,10% off,Yes,3.9/5,India
Shop_99,Shop_99_P0056,Item_56,1816,699,2 days,7 days,In Stock,4.9,Free shipping,No,4.5/5,India
Shop_99,Shop_99_P0057,Item_57,20348,101,4 days,7 days,Out of Stock,3.7,10% off,Yes,4.4/5,India
Shop_99,Shop_99_P0058,Item_58,6513,38,7 days,30 days,Out of Stock,4.5,None,No,4.7/5,India
Shop_99,Shop_99_P0059,Item_59,42240,537,7 days,14 days,Out of Stock,3.3,10% off,No,4.8/5,India
Shop_99,Shop_99_P0060,Item_60,8845,668,1 days,30 days,Out of Stock,3.3,10% off,No,3.6/5,India
Shop_99,Shop_99_P0061,Item_61,21953,138,2 days,7 days,Out of Stock,3.8,None,No,4.8/5,India
Shop_99,Shop_99_P0062,Item_62,46361,66,7 days,14 days,In Stock,4.0,Free shipping,Yes,3.4/5,India
Shop_99,Shop_99_P0063,Item_63,2298,204,7 days,7 days,Out of Stock,4.4,None,Yes,4.5/5,India
Shop_99,Shop_99_P0064,Item_64,17055,292,6 days,7 days,In Stock,4.9,Free shipping,No,3.5/5,India
Shop_99,Shop_99_P0065,Item_65,12197,328,7 days,30 days,Out of Stock,4.5,Free shipping,No,4.8/5,India
Shop_99,Shop_99_P0066,Item_66,28844,692,4 days,7 days,Out of Stock,3.4,10% off,No,3.3/5,India
Shop_99,Shop_99_P0067,Item_67,30543,602,1 days,14 days,In Stock,4.9,None,Yes,4.1/5,India
Shop_99,Shop_99_P0068,Item_68,37881,457,5 days,7 days,Out of Stock,3.3,None,No,4.3/5,India
Shop_99,Shop_99_P0069,Item_69,36271,700,7 days,14 days,Out of Stock,4.1,10% off,No,4.4/5,India
Shop_99,Shop_99_P0070,Item_70,6571,46,2 days,7 days,Out of Stock,3.3,None,Yes,3.9/5,India
Shop_99,Shop_99_P0071,Item_71,26884,530,5 days,7 days,Out of Stock,3.1,None,Yes,4.0/5,India
Shop_99,Shop_99_P0072,Item_72,12343,638,1 days,14 days,In Stock,3.6,10% off,Yes,4.8/5,India
Shop_99,Shop_99_P0073,Item_73,16480,658,1 days,30 days,In Stock,3.3,Free shipping,No,5.0/5,India
Shop_99,Shop_99_P0074,Item_74,2682,109,2 days,30 days,Out of Stock,3.2,None,No,4.5/5,India
Shop_99,Shop_99_P0075,Item_75,18699,489,3 days,30 days,Out of Stock,4.3,None,Yes,3.9/5,India
Shop_99,Shop_99_P0076,Item_76,34248,532,4 days,14 days,Out of Stock,3.9,10% off,No,4.8/5,India
Shop_99,Shop_99_P0077,Item_77,24575,113,7 days,7 days,Out of Stock,4.4,None,No,3.3/5,India
Shop_99,Shop_99_P0078,Item_78,48444,540,7 days,7 days,In Stock,4.9,10% off,No,3.9/5,India
Shop_99,Shop_99_P0079,Item_79,44451,221,2 days,7 days,In Stock,3.4,Free shipping,No,3.4/5,India
Shop_99,Shop_99_P0080,Item_80,14052,239,3 days,30 days,In Stock,4.6,None,No,5.0/5,India
Shop_99,Shop_99_P0081,Item_81,12937,177,4 days,30 days,In Stock,3.7,10% off,Yes,3.8/5,India
Shop_99,Shop_99_P0082,Item_82,12041,649,6 days,30 days,In Stock,4.1,None,No,5.0/5,India
Shop_99,Shop_99_P0083,Item_83,3914,85,4 days,30 days,Out of Stock,4.1,Free shipping,No,4.1/5,India
Shop_99,Shop_99_P0084,Item_84,36712,503,1 days,30 days,In Stock,3.6,None,No,3.1/5,India
Shop_99,Shop_99_P0085,Item_85,14266,188,4 days,7 days,Out of Stock,3.6,None,Yes,3.1/5,India
Shop_99,Shop_99_P0086,Item_86,43888,665,7 days,14 days,Out of Stock,4.8,None,Yes,4.6/5,India
Shop_99,Shop_99_P0087,Item_87,37341,507,7 days,30 days,In Stock,4.8,None,Yes,3.8/5,India
Shop_99,Shop_99_P0088,Item_88,23580,416,3 days,14 days,Out of Stock,4.0,Free shipping,No,3.5/5,India
Shop_99,Shop_99_P0089,Item_89,25307,444,6 days,14 days,Out of Stock,5.0,Free shipping,No,3.8/5,India
Shop_99,Shop_99_P0090,Item_90,8743,401,1 days,7 days,Out of Stock,4.0,Free shipping,No,3.9/5,India
Shop_99,Shop_99_P0091,Item_91,7378,432,5 days,14 days,In Stock,4.1,10% off,Yes,4.1/5,India
Shop_99,Shop_99_P0092,Item_92,27537,598,6 days,7 days,In Stock,4.7,Free shipping,No,3.6/5,India
Shop_99,Shop_99_P0093,Item_93,20865,365,5 days,7 days,Out of Stock,3.1,Free shipping,Yes,4.6/5,India
Shop_99,Shop_99_P0094,Item_94,33157,494,7 days,14 days,In Stock,4.2,Free shipping,Yes,3.3/5,India
Shop_99,Shop_99_P0095,Item_95,2321,399,4 days,30 days,Out of Stock,4.6,Free shipping,Yes,4.9/5,India
Shop_99,Shop_99_P0096,Item_96,14678,644,2 days,14 days,Out of Stock,4.7,10% off,No,4.2/5,India
Shop_99,Shop_99_P0097,Item_97,6338,591,1 days,30 days,Out of Stock,4.2,Free shipping,No,4.6/5,India
Shop_99,Shop_99_P0098,Item_98,22087,584,3 days,30 days,In Stock,4.3,10% off,No,4.8/5,India
Shop_99,Shop_99_P0099,Item_99,20991,473,1 days,7 days,In Stock,4.0,None,Yes,3.3/5,India
Shop_99,Shop_99_P0100,Item_100,39258,599,1 days,14 days,In Stock,3.7,Free shipping,No,4.8/5,India
Shop_100,Shop_100_P0001,Item_1,15513,466,3 days,30 days,Out of Stock,3.0,Free shipping,No,3.1/5,India
Shop_100,Shop_100_P0002,Item_2,38707,667,7 days,7 days,Out of Stock,3.5,10% off,Yes,4.6/5,India
Shop_100,Shop_100_P0003,Item_3,25742,100,4 days,14 days,Out of Stock,3.6,None,Yes,4.7/5,India
Shop_100,Shop_100_P0004,Item_4,31024,376,7 days,7 days,Out of Stock,4.3,Free shipping,Yes,4.3/5,India
Shop_100,Shop_100_P0005,Item_5,29499,98,6 days,30 days,Out of Stock,4.9,Free shipping,Yes,3.2/5,India
Shop_100,Shop_100_P0006,Item_6,22148,381,1 days,14 days,In Stock,3.8,10% off,Yes,4.4/5,India
Shop_100,Shop_100_P0007,Item_7,4134,130,3 days,30 days,In Stock,3.9,None,No,3.8/5,India
Shop_100,Shop_100_P0008,Item_8,39036,92,7 days,30 days,In Stock,4.2,Free shipping,No,3.9/5,India
Shop_100,Shop_100_P0009,Item_9,30989,56,1 days,30 days,In Stock,4.2,10% off,No,3.5/5,India
Shop_100,Shop_100_P0010,Item_10,45303,409,6 days,14 days,Out of Stock,4.6,Free shipping,No,4.6/5,India
Shop_100,Shop_100_P0011,Item_11,35852,586,4 days,30 days,In Stock,4.6,10% off,No,3.8/5,India
Shop_100,Shop_100_P0012,Item_12,11303,171,2 days,30 days,In Stock,5.0,10% off,No,4.2/5,India
Shop_100,Shop_100_P0013,Item_13,45770,84,5 days,7 days,In Stock,3.5,None,No,4.5/5,India
Shop_100,Shop_100_P0014,Item_14,17634,146,7 days,14 days,In Stock,3.8,10% off,No,3.1/5,India
Shop_100,Shop_100_P0015,Item_15,34621,615,2 days,14 days,In Stock,3.4,Free shipping,No,3.1/5,India
Shop_100,Shop_100_P0016,Item_16,782,517,7 days,14 days,In Stock,4.2,Free shipping,Yes,4.9/5,India
Shop_100,Shop_100_P0017,Item_17,47533,635,2 days,14 days,In Stock,4.4,Free shipping,Yes,3.7/5,India
Shop_100,Shop_100_P0018,Item_18,17532,304,6 days,30 days,Out of Stock,3.2,None,No,3.8/5,India
Shop_100,Shop_100_P0019,Item_19,44763,151,3 days,14 days,In Stock,4.7,10% off,No,4.7/5,India
Shop_100,Shop_100_P0020,Item_20,34087,374,6 days,30 days,In Stock,4.3,None,Yes,3.5/5,India
Shop_100,Shop_100_P0021,Item_21,47820,635,2 days,14 days,In Stock,3.2,Free shipping,No,4.7/5,India
Shop_100,Shop_100_P0022,Item_22,45705,155,7 days,30 days,Out of Stock,4.1,Free shipping,No,4.0/5,India
Shop_100,Shop_100_P0023,Item_23,22669,469,1 days,14 days,Out of Stock,4.9,10% off,No,3.5/5,India
Shop_100,Shop_100_P0024,Item_24,1251,250,6 days,30 days,In Stock,3.9,Free shipping,No,3.8/5,India
Shop_100,Shop_100_P0025,Item_25,40393,346,6 days,14 days,In Stock,3.5,None,Yes,4.8/5,India
Shop_100,Shop_100_P0026,Item_26,27235,432,4 days,30 days,In Stock,3.6,10% off,Yes,4.3/5,India
Shop_100,Shop_100_P0027,Item_27,37675,328,1 days,30 days,Out of Stock,4.1,Free shipping,Yes,4.9/5,India
Shop_100,Shop_100_P0028,Item_28,27699,552,5 days,7 days,Out of Stock,5.0,10% off,No,4.0/5,India
Shop_100,Shop_100_P0029,Item_29,45233,612,2 days,7 days,In Stock,3.1,None,Yes,3.4/5,India
Shop_100,Shop_100_P0030,Item_30,47343,249,4 days,30 days,In Stock,3.8,Free shipping,No,4.4/5,India
Shop_100,Shop_100_P0031,Item_31,2100,540,6 days,30 days,Out of Stock,4.5,None,No,4.0/5,India
Shop_100,Shop_100_P0032,Item_32,20548,142,7 days,30 days,In Stock,3.3,10% off,No,3.6/5,India
Shop_100,Shop_100_P0033,Item_33,4759,121,2 days,30 days,In Stock,4.9,Free shipping,No,4.1/5,India
Shop_100,Shop_100_P0034,Item_34,38680,132,5 days,14 days,Out of Stock,4.1,10% off,No,4.0/5,India
Shop_100,Shop_100_P0035,Item_35,36594,108,3 days,7 days,In Stock,3.6,10% off,Yes,3.1/5,India
Shop_100,Shop_100_P0036,Item_36,27688,441,1 days,7 days,In Stock,4.0,10% off,No,4.8/5,India
Shop_100,Shop_100_P0037,Item_37,36129,77,2 days,30 days,In Stock,3.9,Free shipping,Yes,3.4/5,India
Shop_100,Shop_100_P0038,Item_38,36816,660,1 days,30 days,In Stock,3.0,None,Yes,3.9/5,India
Shop_100,Shop_100_P0039,Item_39,2595,405,2 days,14 days,In Stock,4.3,None,Yes,4.7/5,India
Shop_100,Shop_100_P0040,Item_40,16474,698,4 days,14 days,Out of Stock,4.0,Free shipping,Yes,5.0/5,India
Shop_100,Shop_100_P0041,Item_41,24401,671,1 days,14 days,Out of Stock,3.6,Free shipping,Yes,3.6/5,India
Shop_100,Shop_100_P0042,Item_42,37124,244,6 days,30 days,Out of Stock,4.9,Free shipping,Yes,4.1/5,India
Shop_100,Shop_100_P0043,Item_43,15182,592,7 days,30 days,In Stock,4.5,10% off,Yes,3.0/5,India
Shop_100,Shop_100_P0044,Item_44,35185,696,5 days,30 days,Out of Stock,4.6,10% off,Yes,4.4/5,India
Shop_100,Shop_100_P0045,Item_45,9972,425,5 days,30 days,In Stock,4.2,10% off,No,3.1/5,India
Shop_100,Shop_100_P0046,Item_46,12814,537,2 days,14 days,In Stock,3.8,Free shipping,No,4.0/5,India
Shop_100,Shop_100_P0047,Item_47,17616,610,5 days,14 days,Out of Stock,3.4,Free shipping,Yes,4.9/5,India
Shop_100,Shop_100_P0048,Item_48,40552,162,4 days,7 days,In Stock,4.7,None,Yes,4.2/5,India
Shop_100,Shop_100_P0049,Item_49,26941,307,3 days,30 days,Out of Stock,3.4,10% off,Yes,3.8/5,India
Shop_100,Shop_100_P0050,Item_50,4679,430,1 days,7 days,In Stock,5.0,10% off,No,4.5/5,India
Shop_100,Shop_100_P0051,Item_51,22105,44,6 days,7 days,In Stock,3.1,Free shipping,Yes,3.3/5,India
Shop_100,Shop_100_P0052,Item_52,20375,658,2 days,14 days,In Stock,3.5,Free shipping,Yes,3.4/5,India
Shop_100,Shop_100_P0053,Item_53,47361,72,7 days,7 days,Out of Stock,3.7,Free shipping,No,3.9/5,India
Shop_100,Shop_100_P0054,Item_54,39536,416,2 days,30 days,Out of Stock,3.9,10% off,Yes,4.3/5,India
Shop_100,Shop_100_P0055,Item_55,11668,208,7 days,30 days,In Stock,4.3,Free shipping,No,4.2/5,India
Shop_100,Shop_100_P0056,Item_56,1638,344,4 days,14 days,In Stock,4.5,10% off,No,4.5/5,India
Shop_100,Shop_100_P0057,Item_57,48405,87,4 days,30 days,In Stock,4.6,Free shipping,No,3.2/5,India
Shop_100,Shop_100_P0058,Item_58,27354,660,2 days,14 days,Out of Stock,4.1,None,Yes,3.6/5,India
Shop_100,Shop_100_P0059,Item_59,39822,396,3 days,7 days,In Stock,3.2,10% off,No,4.6/5,India
Shop_100,Shop_100_P0060,Item_60,44636,24,6 days,7 days,Out of Stock,4.6,None,Yes,4.5/5,India
Shop_100,Shop_100_P0061,Item_61,34332,102,5 days,14 days,Out of Stock,3.9,Free shipping,No,4.5/5,India
Shop_100,Shop_100_P0062,Item_62,10801,442,7 days,14 days,In Stock,3.4,Free shipping,Yes,3.8/5,India
Shop_100,Shop_100_P0063,Item_63,23752,62,1 days,14 days,Out of Stock,3.7,None,No,4.6/5,India
Shop_100,Shop_100_P0064,Item_64,7141,516,3 days,7 days,Out of Stock,3.6,10% off,Yes,4.2/5,India
Shop_100,Shop_100_P0065,Item_65,32373,562,2 days,14 days,In Stock,3.4,None,No,3.4/5,India
Shop_100,Shop_100_P0066,Item_66,33539,50,5 days,14 days,In Stock,3.5,None,Yes,4.4/5,India
Shop_100,Shop_100_P0067,Item_67,4041,633,5 days,30 days,Out of Stock,3.9,Free shipping,Yes,4.6/5,India
Shop_100,Shop_100_P0068,Item_68,39219,369,1 days,14 days,Out of Stock,3.8,10% off,Yes,4.6/5,India
Shop_100,Shop_100_P0069,Item_69,10564,356,1 days,30 days,Out of Stock,4.2,10% off,No,4.0/5,India
Shop_100,Shop_100_P0070,Item_70,16344,700,5 days,14 days,In Stock,4.2,10% off,No,3.3/5,India
Shop_100,Shop_100_P0071,Item_71,29812,81,7 days,14 days,In Stock,3.3,None,Yes,4.5/5,India
Shop_100,Shop_100_P0072,Item_72,16084,574,2 days,30 days,In Stock,4.3,Free shipping,No,4.8/5,India
Shop_100,Shop_100_P0073,Item_73,41305,642,7 days,30 days,Out of Stock,3.6,Free shipping,Yes,5.0/5,India
Shop_100,Shop_100_P0074,Item_74,49322,120,3 days,30 days,Out of Stock,4.0,10% off,No,3.6/5,India
Shop_100,Shop_100_P0075,Item_75,15000,129,2 days,7 days,In Stock,3.0,Free shipping,Yes,4.8/5,India
Shop_100,Shop_100_P0076,Item_76,49366,634,3 days,7 days,Out of Stock,4.6,Free shipping,Yes,4.2/5,India
Shop_100,Shop_100_P0077,Item_77,40320,290,6 days,30 days,Out of Stock,3.8,Free shipping,Yes,4.5/5,India
Shop_100,Shop_100_P0078,Item_78,46374,386,5 days,30 days,In Stock,4.5,Free shipping,No,3.8/5,India
Shop_100,Shop_100_P0079,Item_79,38864,576,3 days,30 days,In Stock,3.2,10% off,No,3.3/5,India
Shop_100,Shop_100_P0080,Item_80,11427,380,5 days,7 days,In Stock,3.8,Free shipping,No,4.8/5,India
Shop_100,Shop_100_P0081,Item_81,48374,508,6 days,7 days,Out of Stock,4.5,Free shipping,Yes,4.4/5,India
Shop_100,Shop_100_P0082,Item_82,17945,198,6 days,14 days,In Stock,3.1,Free shipping,No,4.2/5,India
Shop_100,Shop_100_P0083,Item_83,14834,589,6 days,7 days,Out of Stock,3.3,10% off,No,4.0/5,India
Shop_100,Shop_100_P0084,Item_84,31785,270,4 days,14 days,Out of Stock,4.1,10% off,Yes,3.4/5,India
Shop_100,Shop_100_P0085,Item_85,28719,351,3 days,7 days,Out of Stock,3.2,Free shipping,No,4.5/5,India
Shop_100,Shop_100_P0086,Item_86,36285,616,2 days,14 days,Out of Stock,4.3,10% off,No,3.8/5,India
Shop_100,Shop_100_P0087,Item_87,7881,290,4 days,14 days,In Stock,3.9,Free shipping,No,5.0/5,India
Shop_100,Shop_100_P0088,Item_88,2482,434,3 days,14 days,In Stock,3.3,Free shipping,Yes,4.1/5,India
Shop_100,Shop_100_P0089,Item_89,23315,352,4 days,7 days,In Stock,4.6,Free shipping,No,3.7/5,India
Shop_100,Shop_100_P0090,Item_90,11885,124,4 days,14 days,In Stock,3.4,None,Yes,3.3/5,India
Shop_100,Shop_100_P0091,Item_91,39607,232,1 days,30 days,In Stock,3.4,None,Yes,3.2/5,India
Shop_100,Shop_100_P0092,Item_92,21193,364,3 days,14 days,In Stock,3.0,Free shipping,No,4.7/5,India
Shop_100,Shop_100_P0093,Item_93,45832,103,3 days,7 days,In Stock,3.7,10% off,Yes,3.3/5,India
Shop_100,Shop_100_P0094,Item_94,18259,458,6 days,7 days,Out of Stock,4.8,None,Yes,4.1/5,India
Shop_100,Shop_100_P0095,Item_95,41698,297,1 days,7 days,Out of Stock,3.4,10% off,Yes,4.6/5,India
Shop_100,Shop_100_P0096,Item_96,40235,683,1 days,7 days,In Stock,4.7,Free shipping,No,4.8/5,India
Shop_100,Shop_100_P0097,Item_97,2004,669,6 days,14 days,Out of Stock,3.5,None,Yes,3.9/5,India
Shop_100,Shop_100_P0098,Item_98,25588,515,4 days,30 days,In Stock,3.9,10% off,No,4.5/5,India
Shop_100,Shop_100_P0099,Item_99,42096,45,7 days,7 days,In Stock,4.0,Free shipping,No,4.1/5,India
Shop_100,Shop_100_P0100,Item_100,47650,47,5 days,30 days,Out of Stock,4.8,None,No,4.8/5,India
